institution_name,institution_type,department,service_category,address,sigungu,phone,latitude,longitude,geocode_query,matched_address
마음튼튼의원,의원,가정의학과 정신건강의학과 신경과 내과,MENTAL_HEALTH,"인천광역시 강화군 강화읍 중앙로 27, 성용프라자 3층",강화군,032-932-9998,37.74064047,126.4907301,인천광역시 강화군 강화읍 중앙로 27,인천 강화군 강화읍 중앙로 27
임성식 내과의원,의원,진단검사의학과 영상의학과 비뇨의학과 피부과 이비인후과 소아청소년과 정형외과 정신건강의학과 신경과 내과,MENTAL_HEALTH,"인천광역시 강화군 강화읍 강화대로 395, 준프라자 빌딩 3층",강화군,032-932-3375,37.74539103,126.4868201,인천광역시 강화군 강화읍 강화대로 395,인천 강화군 강화읍 강화대로 395
해주병원,정신병원,정신건강의학과,MENTAL_HEALTH,인천광역시 강화군 하점면 창후로 286,강화군,032-933-7114,37.76897956,126.3587163,인천광역시 강화군 하점면 창후로 286,인천 강화군 하점면 창후로 286
다원병원,정신병원,가정의학과 정신건강의학과 신경과 내과,MENTAL_HEALTH,인천광역시 계양구 장제로 857 (임학동),계양구,032-543-7114,37.54397655,126.7373006,인천광역시 계양구 장제로 857,인천 계양구 장제로 857
닥터봉정민내과의원,의원,재활의학과 비뇨의학과 피부과 이비인후과 소아청소년과 마취통증의학과 정형외과 정신건강의학과 신경과 내과,MENTAL_HEALTH,"인천광역시 계양구 장제로 714, 세종팰리스 2~3층 204호 205호, 301호 (작전동)",계양구,032-719-7797,37.53135716,126.7342344,인천광역시 계양구 장제로 714,인천 계양구 장제로 714
마음편한병원,정신병원,가정의학과 정신건강의학과 내과,MENTAL_HEALTH,"인천광역시 계양구 아나지로 380, 해룡빌딩 1~5층 (작전동)",계양구,032-207-7070,37.52517342,126.7343945,인천광역시 계양구 아나지로 380,인천 계양구 아나지로 380
빅토리아한방병원,한방병원,내과 재활의학과 한방내과 한방신경정신과 사상체질과 한방응급과,MENTAL_HEALTH,"인천광역시 계양구 계산새로 71, C동 11,12,13층 (계산동, 하이베라스)",계양구,032-552-8050,37.53878034,126.7358176,인천광역시 계양구 계산새로 71,인천 계양구 계산새로 71
서울메디컬의원,의원,내과 외과 정형외과 신경외과 소아청소년과 정신건강의학과 심장혈관흉부외과 성형외과 마취통증의학과 이비인후과 피부과 비뇨의학과 진단검사의학과 재활의학과 가정의학과,MENTAL_HEALTH,"인천광역시 계양구 계양대로 188, 대덕노바체 2,3층 203,204,207,307호 (계산동)",계양구,032-556-8275,37.54051728,126.7231148,인천광역시 계양구 계양대로 188,인천 계양구 계양대로 188
서울이음정신건강의학과의원,의원,정신건강의학과,MENTAL_HEALTH,"인천광역시 계양구 계산새로 71, 하이베라스 D동 2층 209호 (계산동)",계양구,032-546-0111,37.53878034,126.7358176,인천광역시 계양구 계산새로 71,인천 계양구 계산새로 71
성모늘봄정신건강의학과의원,의원,정신건강의학과 신경과,MENTAL_HEALTH,"인천광역시 계양구 계양대로 38, 6층 601호 (작전동)",계양구,032-719-3757,37.52723029,126.7227812,인천광역시 계양구 계양대로 38,인천 계양구 계양대로 38
송헌일토닥토닥정신건강의학과의원,의원,정신건강의학과 신경과 내과,MENTAL_HEALTH,"인천광역시 계양구 장제로 899, 2층 (임학동)",계양구,032-543-7583,37.54700125,126.7399332,인천광역시 계양구 장제로 899,인천 계양구 장제로 899
아루카소아청소년과의원,의원,가정의학과 비뇨의학과 피부과 이비인후과 안과 소아청소년과 정형외과 외과 정신건강의학과 신경과 내과,MENTAL_HEALTH,"인천광역시 계양구 도두리로 46, 동보아파트상가 2층 203, 216호 (작전동)",계양구,032-544-8275,37.53355181,126.7390853,인천광역시 계양구 도두리로 46,인천 계양구 도두리로 46
아이플러스소아청소년과의원,의원,소아청소년과 내과 이비인후과 정신건강의학과 피부과,MENTAL_HEALTH,"인천광역시 계양구 장제로875번길 1, 2층 (임학동, 대신빌딩)",계양구,032-545-3653,37.54524372,126.7383634,인천광역시 계양구 장제로875번길 1,인천 계양구 장제로875번길 1
연세정신건강의학과의원,의원,정신건강의학과,MENTAL_HEALTH,"인천광역시 계양구 경명대로 1077, 로얄프라자 303호 (계산동)",계양구,032-555-8810,37.54364499,126.7266653,인천광역시 계양구 경명대로 1077,인천 계양구 경명대로 1077
오준내과의원,의원,내과 신경과 정신건강의학과 소아청소년과 안과 이비인후과 피부과 비뇨의학과,MENTAL_HEALTH,"인천광역시 계양구 효서로 300, 삼호프라자 3층 307호 (작전동)",계양구,032-545-4567,37.52782452,126.7295898,인천광역시 계양구 효서로 300,인천 계양구 효서로 300
의료법인 삼정의료재단 삼정병원,정신병원,정신건강의학과,MENTAL_HEALTH,인천광역시 계양구 장제로 800(계산동),계양구,032-543-7530,37.53915196,126.7349569,인천광역시 계양구 장제로 800,인천 계양구 장제로 800
의료법인보람의료재단보람병원,정신병원,내과 정신건강의학과,MENTAL_HEALTH,인천광역시 계양구 오조산로 11 (작전동),계양구,032-542-0114,37.53189225,126.7379405,인천광역시 계양구 오조산로 11,인천 계양구 오조산로 11
이석환신경정신과의원,의원,신경과 정신건강의학과,MENTAL_HEALTH,"인천광역시 계양구 계양대로 55, 민재빌딩 4층 (작전동)",계양구,032-552-0392,37.52874724,126.7221029,인천광역시 계양구 계양대로 55,인천 계양구 계양대로 55
인천세종병원,종합병원,"내과, 신경과, 정신건강의학과, 외과, 정형외과, 신경외과, 심장혈관흉부외과, 마취통증의학과, 소아청소년과, 안과, 이비인후과, 비뇨의학과, 영상의학과, 병리과, 진단검사의학과, 재활의학과, 응급의학과, 치주과",MENTAL_HEALTH,인천광역시 계양구 계양문화로 20 (작전동),계양구,032-240-8000,37.53253936,126.7368531,인천광역시 계양구 계양문화로 20,인천 계양구 계양문화로 20
임태식신경정신과의원,의원,신경과 정신건강의학과,MENTAL_HEALTH,"인천광역시 계양구 계산새로65번길 17, 2층 (계산동)",계양구,032-554-5511,37.53983206,126.7353272,인천광역시 계양구 계산새로65번길 17,인천 계양구 계산새로65번길 17
가로수정신건강의학과의원,의원,마취통증의학과 정신건강의학과 신경과,MENTAL_HEALTH,"인천광역시 남동구 논고개로 114, 에이스타워 203호 (논현동)",남동구,032-437-5700,37.4014436,126.7246685,인천광역시 남동구 논고개로 114,인천 남동구 논고개로 114
가온요양병원,요양병원,한방내과 재활의학과 이비인후과 소아청소년과 외과 정신건강의학과 내과,MENTAL_HEALTH,"인천광역시 남동구 남동대로 797, 가온 요양병원 (구월동)",남동구,032-212-2001,37.45353627,126.7077365,인천광역시 남동구 남동대로 797,인천 남동구 남동대로 797
구월성모정신건강의학과의원,의원,정신건강의학과 신경과,MENTAL_HEALTH,"인천광역시 남동구 호구포로 818, 퍼스트하임프라자 213,214,215호 (구월동)",남동구,032-713-9199,37.45536467,126.7196678,인천광역시 남동구 호구포로 818,인천 남동구 호구포로 818
김영익정신과의원,의원,정신건강의학과,MENTAL_HEALTH,"인천광역시 남동구 구월남로 174 (구월동, 206호)",남동구,032-472-5280,37.45277984,126.7090762,인천광역시 남동구 구월남로 174,인천 남동구 구월남로 174
논현탑내과의원,의원,가정의학과 재활의학과 비뇨의학과 피부과 이비인후과 소아청소년과 정형외과 정신건강의학과 신경과 내과,MENTAL_HEALTH,"인천광역시 남동구 논고개로 61, 4층 403호 (논현동, 라피에스타)",남동구,032-433-1175,37.39753735,126.7275204,인천광역시 남동구 논고개로 61,인천 남동구 논고개로 61
마음돌봄의원,의원,정신건강의학과,MENTAL_HEALTH,"인천광역시 남동구 논현로 40, 5층 503호 (논현동, THE CLASS PLAZA)",남동구,032-761-7575,37.40226584,126.710695,인천광역시 남동구 논현로 40,인천 남동구 논현로 40
미래정신과의원,의원,정신건강의학과,MENTAL_HEALTH,"인천광역시 남동구 성말로13번길 15, 3층 9호 (구월동, 메인프라자)",남동구,032-428-7500,37.44626295,126.7017867,인천광역시 남동구 성말로13번길 15,인천 남동구 성말로13번길 15
새봄의원,의원,가정의학과 재활의학과 영상의학과 비뇨의학과 이비인후과 안과 소아청소년과 마취통증의학과 심장혈관흉부외과 신경외과 정형외과 외과 정신건강의학과 내과,MENTAL_HEALTH,"인천광역시 남동구 호구포로 770, 2층 (구월동)",남동구,032-465-0778,37.45101006,126.7191253,인천광역시 남동구 호구포로 770,인천 남동구 호구포로 770
새희망병원,정신병원,가정의학과 소아청소년과 정신건강의학과 내과,MENTAL_HEALTH,"인천광역시 남동구 남동대로922번길 54, 새희망병원 (간석동)",남동구,032-431-2555,37.46484827,126.7114825,인천광역시 남동구 남동대로922번길 54,인천 남동구 남동대로922번길 54
서울정신건강의학과의원,의원,정신건강의학과 신경과,MENTAL_HEALTH,"인천광역시 남동구 인하로489번길 28, 501,502호 (구월동, 로데오플라자)",남동구,032-433-5335,37.44484813,126.7014806,인천광역시 남동구 인하로489번길 28,인천 남동구 인하로489번길 28
성가신경과정신과의원,의원,정신건강의학과 신경과,MENTAL_HEALTH,인천광역시 남동구 남동대로 889 (간석동),남동구,032-423-3322,37.46175224,126.7080029,인천광역시 남동구 남동대로 889,인천 남동구 남동대로 889
숨수면의원,의원,이비인후과 정신건강의학과 신경과 내과,MENTAL_HEALTH,"인천광역시 남동구 인주대로 582, 신현프라자 6층 602호 (구월동)",남동구,032-719-9525,37.44978009,126.7015901,인천광역시 남동구 인주대로 582,인천 남동구 인주대로 582
연세마음숲정신건강의학과의원,의원,가정의학과 재활의학과 정신건강의학과 신경과 내과,MENTAL_HEALTH,"인천광역시 남동구 논고개로123번길 17, 205-1, 309호 (논현동)",남동구,032-424-3375,37.40168489,126.7230837,인천광역시 남동구 논고개로123번길 17,인천 남동구 논고개로123번길 17
연세준정신건강의학과의원,의원,정신건강의학과 신경과,MENTAL_HEALTH,"인천광역시 남동구 논고개로 81, 501호 (논현동, 우리들메디타워)",남동구,032-435-1661,37.39868727,126.7258978,인천광역시 남동구 논고개로 81,인천 남동구 논고개로 81
예인병원,정신병원,가정의학과 정신건강의학과 신경과 내과,MENTAL_HEALTH,"인천광역시 남동구 논고개로 71, 가산타워 7~10층 1001,1002호 (논현동)",남동구,032-426-1800,37.39801477,126.7268433,인천광역시 남동구 논고개로 71,인천 남동구 논고개로 71
의료법인 정진의료재단 영화병원,정신병원,소아청소년과 정신건강의학과 내과,MENTAL_HEALTH,"인천광역시 남동구 소래역로 42, 소래타워 302호, 6~10층 (논현동)",남동구,032-442-2020,37.40082883,126.7349583,인천광역시 남동구 소래역로 42,인천 남동구 소래역로 42
이승희 정신건강의학과의원,의원,신경과 정신건강의학과,MENTAL_HEALTH,"인천광역시 남동구 구월남로 172, 402호 (구월동, 정락빌딩)",남동구,032-465-8766,37.45275153,126.7084115,인천광역시 남동구 구월남로 172,인천 남동구 구월남로 172
이지브레인정신건강의학과의원,의원,정신건강의학과,MENTAL_HEALTH,"인천광역시 남동구 예술로 138, 이토타워 307,308호 (구월동)",남동구,032-421-1032,37.44624179,126.7010064,인천광역시 남동구 예술로 138,인천 남동구 예술로 138
인주한방병원,한방병원,침구과 한방재활의학과 한방신경정신과 한방내과 가정의학과,MENTAL_HEALTH,"인천광역시 남동구 인주대로 670, 인향콤비타워 5층,101일부,104,601,602호 (구월동)",남동구,1833-7887,37.44909874,126.7113808,인천광역시 남동구 인주대로 670,인천 남동구 인주대로 670
인천자생한방병원,한방병원,침구과 한방재활의학과 한방신경정신과 한방내과 영상의학과 내과,MENTAL_HEALTH,"인천광역시 남동구 예술로 126, 4층, 5층일부층 501,502호 (구월동)",남동구,032-230-1003,37.44512955,126.7008867,인천광역시 남동구 예술로 126,인천 남동구 예술로 126
인천정병원,정신병원,정신건강의학과 내과,MENTAL_HEALTH,"인천광역시 남동구 남동대로 931, 3~6층 (간석동)",남동구,032-424-7555,37.46548584,126.7074946,인천광역시 남동구 남동대로 931,인천 남동구 남동대로 931
장수찬신경외과의원,의원,내과 신경과 정신건강의학과 외과 정형외과 신경외과 마취통증의학과 소아청소년과 피부과 비뇨의학과 영상의학과,MENTAL_HEALTH,"인천광역시 남동구 성말로13번길 15, 302호,308호 (구월동, 메인프라자)",남동구,032-424-3114,37.44626295,126.7017867,인천광역시 남동구 성말로13번길 15,인천 남동구 성말로13번길 15
조수신소아청소년과의원,의원,예방의학과 비뇨의학과 피부과 안과 소아청소년과 정형외과 외과 정신건강의학과 신경과 내과,MENTAL_HEALTH,"인천광역시 남동구 논고개로123번길 17, 아이플렉스 3층 305-1호 (논현동)",남동구,032-433-7175,37.40168489,126.7230837,인천광역시 남동구 논고개로123번길 17,인천 남동구 논고개로123번길 17
참정신건강의학과의원,의원,정신건강의학과 신경과,MENTAL_HEALTH,"인천광역시 남동구 인하로 497-5, 13층 3호 (구월동, 푸른세상안과)",남동구,032-421-7738,37.4436079,126.7015894,인천광역시 남동구 인하로 497-5,인천 남동구 인하로 497-5
키우미한의원,한의원,한방내과 한방소아과 한방신경정신과 침구과,MENTAL_HEALTH,"인천광역시 남동구 인하로507번길 9, 602호 (구월동, 하나프라자)",남동구,032-429-5675,37.44389593,126.702691,인천광역시 남동구 인하로507번길 9,인천 남동구 인하로507번길 9
한음한방신경정신과한의원,한의원,한방신경정신과,MENTAL_HEALTH,"인천광역시 남동구 성말로 10, 효명프라자 401호 (구월동)",남동구,032-421-8576,37.44519396,126.7015253,인천광역시 남동구 성말로 10,인천 남동구 성말로 10
행복드림의원,의원,정신건강의학과 외과 마취통증의학과 내과,MENTAL_HEALTH,"인천광역시 남동구 호구포로 808, 수정빌딩 601,602호 (구월동)",남동구,032-467-0467,37.45448826,126.7195181,인천광역시 남동구 호구포로 808,인천 남동구 호구포로 808
김종억신경정신과의원,의원,신경과 정신건강의학과,MENTAL_HEALTH,인천광역시 미추홀구 경인로 462 (주안동),미추홀구,032-425-9798,37.45820898,126.6915287,인천광역시 미추홀구 경인로 462,인천 미추홀구 경인로 462
김택수정신건강의학과의원,의원,정신건강의학과,MENTAL_HEALTH,"인천광역시 미추홀구 미추홀대로 716, 메인프라자동 301호 (주안동)",미추홀구,032-446-9025,37.46129119,126.680592,인천광역시 미추홀구 미추홀대로 716,인천 미추홀구 미추홀대로 716
도화요양병원,요양병원,내과 신경과 외과 정형외과 신경외과 피부과 비뇨의학과 재활의학과 가정의학과 한방내과 한방안·이비인후·피부과 한방신경정신과 사상체질과 침구과,MENTAL_HEALTH,인천광역시 미추홀구 경인로 302 (도화동),미추홀구,032-865-0033,37.45971576,126.6738871,인천광역시 미추홀구 경인로 302,인천 미추홀구 경인로 302
모아병원,정신병원,가정의학과 피부과 정신건강의학과 신경과 내과,MENTAL_HEALTH,"인천광역시 미추홀구 미추홀대로 730, 고려웨딩홀 1층일부~2층 (주안동)",미추홀구,032-508-7513,37.46259013,126.6807745,인천광역시 미추홀구 미추홀대로 730,인천 미추홀구 미추홀대로 730
박내과의원,의원,예방의학과 가정의학과 결핵과 재활의학과 비뇨의학과 피부과 이비인후과 소아청소년과 마취통증의학과 심장혈관흉부외과 신경외과 정형외과 외과 정신건강의학과 신경과 내과,MENTAL_HEALTH,"인천광역시 미추홀구 경원대로 848, 주안태흥프라자 3층 304호 (주안동)",미추홀구,032-422-8383,37.45843328,126.6898253,인천광역시 미추홀구 경원대로 848,인천 미추홀구 경원대로 848
서원벽신경정신과의원,의원,정신건강의학과 신경과,MENTAL_HEALTH,인천광역시 미추홀구 미추홀대로 634 (주안동),미추홀구,032-432-9911,37.45387841,126.6801569,인천광역시 미추홀구 미추홀대로 634,인천 미추홀구 미추홀대로 634
신광철정신건강의학과의원,의원,정신건강의학과 신경과,MENTAL_HEALTH,인천광역시 미추홀구 인하로 275 (주안동),미추홀구,032-866-4506,37.44831203,126.6787189,인천광역시 미추홀구 인하로 275,인천 미추홀구 인하로 275
신기고려정형외과정신건강의학과의원,의원,정형외과 신경외과 재활의학과 성형외과 정신건강의학과,MENTAL_HEALTH,"인천광역시 미추홀구 인하로 264, 성리빌딩 2~6층 (주안동)",미추홀구,032-867-8202,37.4480207,126.6773479,인천광역시 미추홀구 인하로 264,인천 미추홀구 인하로 264
신동진신경과의원,의원,가정의학과 진단검사의학과 영상의학과 소아청소년과 마취통증의학과 신경외과 정신건강의학과 신경과 내과,MENTAL_HEALTH,"인천광역시 미추홀구 미추홀대로 696, 태성빌딩 4층 2호 (주안동)",미추홀구,032-431-7575,37.45956629,126.6804203,인천광역시 미추홀구 미추홀대로 696,인천 미추홀구 미추홀대로 696
알엠병원,병원,침구과 사상체질과 한방재활의학과 한방신경정신과 한방내과 가정의학과 재활의학과 비뇨의학과 피부과 소아청소년과 내과,MENTAL_HEALTH,인천광역시 미추홀구 한나루로 446 (학익동),미추홀구,032-874-2727,37.44677907,126.6675507,인천광역시 미추홀구 한나루로 446,인천 미추홀구 한나루로 446
엘리엘리정신건강의학과의원,의원,정신건강의학과,MENTAL_HEALTH,"인천광역시 미추홀구 숙골로 116, 303호 엘리엘리정신건강의학과 (도화동)",미추홀구,032-873-1255,37.47236729,126.6617838,인천광역시 미추홀구 숙골로 116,인천 미추홀구 숙골로 116
원병원,정신병원,정신건강의학과 신경과,MENTAL_HEALTH,"인천광역시 미추홀구 인하로 372, 지하1~2, 1~5층 (주안동, 남영빌딩)",미추홀구,032-547-7110,37.44804699,126.6896576,인천광역시 미추홀구 인하로 372,인천 미추홀구 인하로 372
인천마음벗정신건강의학과의원,의원,정신건강의학과,MENTAL_HEALTH,"인천광역시 미추홀구 독배로 311 (용현동, 비젼프라자)",미추홀구,032-884-4620,37.44814624,126.6491202,인천광역시 미추홀구 독배로 311,인천 미추홀구 독배로 311
인천우리병원,정신병원,내과 정신건강의학과 피부과,MENTAL_HEALTH,인천광역시 미추홀구 석바위로53번길 8 (주안동),미추홀구,032-715-5300,37.46126926,126.678982,인천광역시 미추홀구 석바위로53번길 8,인천 미추홀구 석바위로53번길 8
저스트병원,병원,예방의학과 응급의학과 가정의학과 재활의학과 진단검사의학과 병리과 영상의학과 피부과 이비인후과 소아청소년과 마취통증의학과 신경외과 정형외과 외과 정신건강의학과 신경과 내과,MENTAL_HEALTH,"인천광역시 미추홀구 석정로 21, 4~7층 (숭의동)",미추홀구,1544-1554,37.46174044,126.6420491,인천광역시 미추홀구 석정로 21,인천 미추홀구 석정로 21
조규형신경정신과의원,의원,내과 정신건강의학과 신경과,MENTAL_HEALTH,인천광역시 미추홀구 경인로 431 (주안동),미추홀구,032-433-0830,37.45828982,126.6880016,인천광역시 미추홀구 경인로 431,인천 미추홀구 경인로 431
주안유정신건강의학과의원,의원,정신건강의학과,MENTAL_HEALTH,"인천광역시 미추홀구 인주대로418번길 3, 인하메디컬센터 6층 602호 (주안동)",미추홀구,032-715-7953,37.4508975,126.6832299,인천광역시 미추홀구 인주대로418번길 3,인천 미추홀구 인주대로418번길 3
지성병원,정신병원,정신건강의학과,MENTAL_HEALTH,"인천광역시 미추홀구 아암대로 109 (용현동, 5, 6, 7, 8층)",미추홀구,032-862-5544,37.45202183,126.6322569,인천광역시 미추홀구 아암대로 109,인천 미추홀구 아암대로 109
평온숲정신건강의학과의원,의원,정신건강의학과 신경과,MENTAL_HEALTH,"인천광역시 미추홀구 독배로 309, 노블레스타워 205호 (용현동)",미추홀구,032-886-7979,37.44779291,126.6492579,인천광역시 미추홀구 독배로 309,인천 미추홀구 독배로 309
홍정신과의원,의원,정신건강의학과,MENTAL_HEALTH,인천광역시 미추홀구 경인로 293 (도화동),미추홀구,032-431-1116,37.46091394,126.6736327,인천광역시 미추홀구 경인로 293,인천 미추홀구 경인로 293
황원준정신건강의학과의원,의원,정신건강의학과 신경과,MENTAL_HEALTH,"인천광역시 미추홀구 경인로 399-1, (주)신대진사옥빌딩 2층 (주안동)",미추홀구,032-435-7767,37.45847,126.684531,인천광역시 미추홀구 경인로 399-1,인천 미추홀구 경인로 399-1
공감정신과의원,의원,정신건강의학과,MENTAL_HEALTH,"인천광역시 부평구 부평대로 83, 강남타워 8층 802호 (부평동)",부평구,032-527-5070,37.49894675,126.7217341,인천광역시 부평구 부평대로 83,인천 부평구 부평대로 83
굿케어요양병원,요양병원,한방내과 가정의학과 재활의학과 피부과 성형외과 신경외과 정형외과 외과 정신건강의학과 신경과 내과,MENTAL_HEALTH,"인천광역시 부평구 장제로 117, 1~8층 (부평동)",부평구,032-710-4358,37.4959916,126.7298336,인천광역시 부평구 장제로 117,인천 부평구 장제로 117
글로리병원,병원,내과 재활의학과 정신건강의학과 한방내과,MENTAL_HEALTH,"인천광역시 부평구 길주로 655, 1층~11층 (삼산동, 글로리타워)",부평구,032-262-9000,37.50716067,126.7353867,인천광역시 부평구 길주로 655,인천 부평구 길주로 655
김경진정신건강의학과의원,의원,정신건강의학과,MENTAL_HEALTH,"인천광역시 부평구 평천로 386, 2층 (삼산동)",부평구,032-511-9112,37.51727722,126.7331105,인천광역시 부평구 평천로 386,인천 부평구 평천로 386
김종숙정신건강의학과의원,의원,정신건강의학과 신경과 내과,MENTAL_HEALTH,인천광역시 부평구 부평대로 51 (부평동),부평구,032-526-9203,37.49606586,126.7221852,인천광역시 부평구 부평대로 51,인천 부평구 부평대로 51
김태수정신건강의학과의원,의원,내과 신경과 정신건강의학과,MENTAL_HEALTH,"인천광역시 부평구 경원대로 1234, 7층 (산곡동, 삼주빌딩)",부평구,032-525-8700,37.4868836,126.7082325,인천광역시 부평구 경원대로 1234,인천 부평구 경원대로 1234
마음고요의원,의원,가정의학과 정신건강의학과,MENTAL_HEALTH,"인천광역시 부평구 부평대로 157, 4층 (부평동)",부평구,070-7576-2513,37.50563147,126.7209697,인천광역시 부평구 부평대로 157,인천 부평구 부평대로 157
미르한방병원,한방병원,가정의학과 한방내과 한방신경정신과 한방재활의학과 침구과,MENTAL_HEALTH,"인천광역시 부평구 장제로 153, 부흥빌딩 1층일부(105호), 4층, 5층, 9층 (부평동)",부평구,032-501-7582,37.4992408,126.7301865,인천광역시 부평구 장제로 153,인천 부평구 장제로 153
부평삼산내과의원,의원,피부과 안과 소아청소년과 정신건강의학과 내과,MENTAL_HEALTH,"인천광역시 부평구 체육관로 40, 신영프라자 901호~906호 (삼산동)",부평구,032-521-0075,37.50823941,126.7361405,인천광역시 부평구 체육관로 40,인천 부평구 체육관로 40
부평성모정신건강의학과의원,의원,정신건강의학과,MENTAL_HEALTH,"인천광역시 부평구 부평대로 11, 2층 일부호 (부평동)",부평구,032-710-8300,37.49234982,126.7226718,인천광역시 부평구 부평대로 11,인천 부평구 부평대로 11
부평숲정신건강의학과의원,의원,정신건강의학과,MENTAL_HEALTH,"인천광역시 부평구 부평대로 24, 가나빌딩 2층 201호 (부평동)",부평구,032-719-7545,37.4935564,126.7233083,인천광역시 부평구 부평대로 24,인천 부평구 부평대로 24
사랑의가정의학과의원,의원,가정의학과 진단검사의학과 영상의학과 비뇨의학과 피부과 이비인후과 안과 소아청소년과 성형외과 신경외과 정형외과 외과 정신건강의학과 내과,MENTAL_HEALTH,"인천광역시 부평구 동수로 25, 2층 (부평동)",부평구,032-507-3737,37.4850318,126.721347,인천광역시 부평구 동수로 25,인천 부평구 동수로 25
서울정형외과신경과의원,의원,피부과 정신건강의학과 가정의학과 외과 정형외과 응급의학과 신경외과 소아청소년과 내과 신경과 재활의학과 마취통증의학과,MENTAL_HEALTH,"인천광역시 부평구 길주로 382, 지하1층, 1층~4층 (산곡동)",부평구,032-546-7582,37.50834173,126.7043931,인천광역시 부평구 길주로 382,인천 부평구 길주로 382
심우정신건강의학과의원,의원,정신건강의학과,MENTAL_HEALTH,"인천광역시 부평구 길주로 633, 삼산메디캐슬 302호 (삼산동)",부평구,032-504-2202,37.50729929,126.7328853,인천광역시 부평구 길주로 633,인천 부평구 길주로 633
연세꿈나무소아청소년과의원,의원,소아청소년과 내과 이비인후과 가정의학과 피부과 외과 정형외과 마취통증의학과 안과 영상의학과 진단검사의학과 정신건강의학과,MENTAL_HEALTH,"인천광역시 부평구 부영로189번길 51, 103,104-1호 (산곡동, 오남프라자)",부평구,032-519-9111,37.50211844,126.7129151,인천광역시 부평구 부영로189번길 51,인천 부평구 부영로189번길 51
연우정신건강의학과의원,의원,정신건강의학과,MENTAL_HEALTH,"인천광역시 부평구 길주로 641, 3층 일부호 (삼산동)",부평구,032-330-1210,37.50721517,126.7338573,인천광역시 부평구 길주로 641,인천 부평구 길주로 641
윤충한정신건강의학과의원,의원,신경과 정신건강의학과,MENTAL_HEALTH,인천광역시 부평구 부평대로 38 (부평동),부평구,032-524-7272,37.4948541,126.7230285,인천광역시 부평구 부평대로 38,인천 부평구 부평대로 38
인천바오로의원,의원,정신건강의학과,MENTAL_HEALTH,"인천광역시 부평구 부흥로 329, 로얄프라자 2층 201~202, 206~209, 212호 (부평동)",부평구,032-525-7080,37.49855913,126.7285885,인천광역시 부평구 부흥로 329,인천 부평구 부흥로 329
정건연세정신과의원,의원,정신건강의학과 신경과,MENTAL_HEALTH,"인천광역시 부평구 부평대로 33, 7층 (부평동, 창성빌딩)",부평구,032-526-1900,37.49438247,126.722513,인천광역시 부평구 부평대로 33,인천 부평구 부평대로 33
중앙신경외과의원,의원,정형외과 신경외과 피부과 비뇨의학과 내과 소아청소년과 이비인후과 가정의학과 정신건강의학과 마취통증의학과,MENTAL_HEALTH,"인천광역시 부평구 마장로 314 (산곡동, 5층일부)",부평구,032-507-9800,37.50603247,126.7036436,인천광역시 부평구 마장로 314,인천 부평구 마장로 314
청주강세구한의원,한의원,한방내과 한방신경정신과 한방재활의학과 침구과,MENTAL_HEALTH,"인천광역시 부평구 경원대로 1404, 302호 일부, 303호 (부평동)",부평구,032-527-9870,37.49093808,126.7250434,인천광역시 부평구 경원대로 1404,인천 부평구 경원대로 1404
최기은정신건강의학과의원,의원,신경과 정신건강의학과 내과,MENTAL_HEALTH,인천광역시 부평구 열우물로 21 (십정동),부평구,032-437-0330,37.47049703,126.700926,인천광역시 부평구 열우물로 21,인천 부평구 열우물로 21
탁월한내과의원,의원,가정의학과 영상의학과 비뇨의학과 피부과 이비인후과 소아청소년과 정신건강의학과 신경과 내과,MENTAL_HEALTH,"인천광역시 부평구 체육관로 40, 신영프라자 7층 701~703호, 8층 801~802호 (삼산동)",부평구,032-710-8575,37.50823941,126.7361405,인천광역시 부평구 체육관로 40,인천 부평구 체육관로 40
허정일의원,의원,내과 외과 소아청소년과 정신건강의학과 피부과,MENTAL_HEALTH,인천광역시 부평구 길주남로113번길 11-3 (부개동),부평구,032-529-0123,37.50447749,126.7343079,인천광역시 부평구 길주남로113번길 11-3,인천 부평구 길주남로113번길 11-3
고정신건강의학과의원,의원,정신건강의학과 신경과 내과,MENTAL_HEALTH,"인천광역시 서구 가정로 363, 그린빌딩 2층 201호 (신현동)",서구,032-572-0572,37.51739965,126.6726789,인천광역시 서구 가정로 363,인천 서구 가정로 363
닥터스의원,의원,신경과 신경외과 정신건강의학과 재활의학과 내과 정형외과 마취통증의학과,MENTAL_HEALTH,"인천광역시 서구 크리스탈로102번길 8-12, 수린빌딩 5~7층 (청라동)",서구,032-721-4115,37.53335188,126.6377921,인천광역시 서구 크리스탈로102번길 8-12,인천 서구 크리스탈로102번길 8-12
더(the)조은정신건강의학과의원,의원,피부과 외과 정신건강의학과 신경과 내과,MENTAL_HEALTH,"인천광역시 서구 원당대로 860, 보람프라자 804호 (당하동)",서구,032-564-7505,37.59328217,126.6968709,인천광역시 서구 원당대로 860,인천 서구 원당대로 860
루원마음봄 정신건강의학과의원,의원,정신건강의학과,MENTAL_HEALTH,"인천광역시 서구 봉오대로 255, 6층 605,606호 (가정동)",서구,032-569-7585,37.52514143,126.6779014,인천광역시 서구 봉오대로 255,인천 서구 봉오대로 255
마음안 정신건강의학과의원,의원,정신건강의학과,MENTAL_HEALTH,"인천광역시 서구 원당대로 660, 영프라자 5층 503호 (당하동)",서구,032-565-6002,37.59328881,126.6742976,인천광역시 서구 원당대로 660,인천 서구 원당대로 660
마음행복정신건강의학과의원,의원,신경과 정신건강의학과,MENTAL_HEALTH,"인천광역시 서구 중봉대로586번길 9-4, 쓰리엠타워 504,505호 (청라동)",서구,032-566-0700,37.53211342,126.650912,인천광역시 서구 중봉대로586번길 9-4,인천 서구 중봉대로586번길 9-4
마음힐링의원,의원,정신건강의학과,MENTAL_HEALTH,"인천광역시 서구 이음5로 36, 더원타워 6층 604, 605호 일부호 (원당동)",서구,032-567-5252,37.59391728,126.7118689,인천광역시 서구 이음5로 36,인천 서구 이음5로 36
맑은마음의원,의원,정신건강의학과,MENTAL_HEALTH,"인천광역시 서구 이음대로 388, ABM타워 7층 701~707호 (원당동)",서구,032-266-3131,37.59310919,126.7126889,인천광역시 서구 이음대로 388,인천 서구 이음대로 388
박성용 정신건강의학과의원,의원,정신건강의학과,MENTAL_HEALTH,"인천광역시 서구 청라커낼로260번길 11, 진성프라자 308,309호 (청라동)",서구,032-710-5253,37.53215761,126.6457212,인천광역시 서구 청라커낼로260번길 11,인천 서구 청라커낼로260번길 11
부모와아이마음의원,의원,정신건강의학과,MENTAL_HEALTH,"인천광역시 서구 청라라임로 65, 402호 (청라동, 라임타워)",서구,032-562-5248,37.53352302,126.6530173,인천광역시 서구 청라라임로 65,인천 서구 청라라임로 65
블레스병원,정신병원,정신건강의학과,MENTAL_HEALTH,"인천광역시 서구 청마로167번안길 17, 선혜프라자 2~5층 (당하동)",서구,032-563-1175,37.5928691,126.6748104,인천광역시 서구 청마로167번안길 17,인천 서구 청마로167번안길 17
성모사과나무정신건강의학과의원,의원,정신건강의학과,MENTAL_HEALTH,"인천광역시 서구 이음대로 384, 서영아너시티플러스 320~324호  (원당동)",서구,032-564-9949,37.5935377,126.7126483,인천광역시 서구 이음대로 384,인천 서구 이음대로 384
성모센트럴정신건강의학과의원,의원,정신건강의학과 신경과 내과,MENTAL_HEALTH,"인천광역시 서구 염곡로464번길 7, 501~502호 (가정동)",서구,032-710-7541,37.526432,126.6701587,인천광역시 서구 염곡로464번길 7,인천 서구 염곡로464번길 7
소중해정신건강의학과의원,의원,정신건강의학과,MENTAL_HEALTH,"인천광역시 서구 이음대로 392, 메트로시티 607, 608호 (원당동)",서구,032-710-3535,37.59260734,126.7127256,인천광역시 서구 이음대로 392,인천 서구 이음대로 392
아나파나마취통증의학과의원,의원,마취통증의학과 정형외과 재활의학과 신경외과 신경과 정신건강의학과 비뇨의학과 이비인후과 내과 소아청소년과 가정의학과,MENTAL_HEALTH,"인천광역시 서구 가정로 375, 303호 (신현동, 금강아미움)",서구,032-572-7579,37.51847457,126.6726217,인천광역시 서구 가정로 375,인천 서구 가정로 375
아름드리정신건강의학과의원,의원,정신건강의학과,MENTAL_HEALTH,"인천광역시 서구 완정로 172, 406호 (마전동)",서구,032-568-7559,37.6026005,126.6574269,인천광역시 서구 완정로 172,인천 서구 완정로 172
연세조내과의원,의원,피부과 이비인후과 소아청소년과 정형외과 외과 정신건강의학과 신경과 내과,MENTAL_HEALTH,"인천광역시 서구 검단로768번1길 4, 2,3층 (불로동, 세인빌딩)",서구,032-563-6894,37.61327482,126.6860222,인천광역시 서구 검단로768번1길 4,인천 서구 검단로768번1길 4
오라클피부과의원,의원,가정의학과 피부과 정신건강의학과 신경과 내과,MENTAL_HEALTH,"인천광역시 서구 완정로 153, 이레메디칼센타 5층 (왕길동)",서구,032-566-4114,37.60141611,126.6587815,인천광역시 서구 완정로 153,인천 서구 완정로 153
은혜병원,정신병원,병리과 정신건강의학과 신경과,MENTAL_HEALTH,인천광역시 서구 심곡로132번길 22 (심곡동),서구,032-562-5101,37.54557317,126.6845793,인천광역시 서구 심곡로132번길 22,인천 서구 심곡로132번길 22
이유정신건강의학과의원,의원,정신건강의학과,MENTAL_HEALTH,"인천광역시 서구 중봉대로 610, 마루힐프라자 5층 508호 (청라동)",서구,032-561-0026,37.53388705,126.6502776,인천광역시 서구 중봉대로 610,인천 서구 중봉대로 610
인천은혜요양병원,요양병원,내과 신경과 정신건강의학과 가정의학과 병리과 재활의학과,MENTAL_HEALTH,인천광역시 서구 심곡로132번길 21 (심곡동),서구,032-562-5101,37.5461313,126.6842623,인천광역시 서구 심곡로132번길 21,인천 서구 심곡로132번길 21
인천참사랑병원,정신병원,가정의학과 정신건강의학과 내과,MENTAL_HEALTH,인천광역시 서구 원창로240번길 9 (가정동),서구,032-571-9111,37.51646907,126.676134,인천광역시 서구 원창로240번길 9,인천 서구 원창로240번길 9
제대로정형외과마취통증의학과의원,의원,가정의학과 재활의학과 비뇨의학과 피부과 이비인후과 소아청소년과 마취통증의학과 성형외과 정형외과 외과 정신건강의학과 신경과 내과,MENTAL_HEALTH,"인천광역시 서구 크리스탈로 78, 엘림존 4층 (청라동)",서구,032-1522-7235,37.5320494,126.6368815,인천광역시 서구 크리스탈로 78,인천 서구 크리스탈로 78
조은정신건강의학과의원,의원,정신건강의학과 신경과 내과 외과 피부과,MENTAL_HEALTH,"인천광역시 서구 원당대로 860, 보람프라자 7층, 803호 (당하동)",서구,032-564-6655,37.59328217,126.6968709,인천광역시 서구 원당대로 860,인천 서구 원당대로 860
천진요양병원,요양병원,침구과 한방재활의학과 한방신경정신과 한방내과 재활의학과 신경외과 정형외과 외과 정신건강의학과 신경과 내과,MENTAL_HEALTH,"인천광역시 서구 건지로 264, 4,5,6층 (가좌동)",서구,032-577-9777,37.49889489,126.6715079,인천광역시 서구 건지로 264,인천 서구 건지로 264
청담요양병원,요양병원,내과 신경과 정신건강의학과  재활의학과 가정의학과 외과,MENTAL_HEALTH,"인천광역시 서구 열우물로 235, 2~5층 (가좌동, 가재울플라자)",서구,032-324-8255,37.4831917,126.6844842,인천광역시 서구 열우물로 235,인천 서구 열우물로 235
행복한가정의학과의원,의원,가정의학과 비뇨의학과 피부과 이비인후과 안과 소아청소년과 외과 정신건강의학과 신경과 내과,MENTAL_HEALTH,"인천광역시 서구 고래울로 4, 2층 일부호 (가좌동)",서구,032-582-3824,37.48874185,126.6835247,인천광역시 서구 고래울로 4,인천 서구 고래울로 4
고려가정의학과의원,의원,가정의학과 비뇨의학과 피부과 이비인후과 소아청소년과 마취통증의학과 신경외과 정형외과 외과 정신건강의학과 신경과 내과,MENTAL_HEALTH,"인천광역시 연수구 청학로 5, 3층 (청학동, 행복빌딩)",연수구,032-834-2475,37.42756246,126.6632499,인천광역시 연수구 청학로 5,인천 연수구 청학로 5
공감과이해정신건강의학과의원,의원,정신건강의학과,MENTAL_HEALTH,"인천광역시 연수구 신송로 160, 3층 303호 (송도동)",연수구,032-245-7575,37.39801831,126.6491959,인천광역시 연수구 신송로 160,인천 연수구 신송로 160
라온정신건강의학과의원,의원,정신건강의학과,MENTAL_HEALTH,"인천광역시 연수구 컨벤시아대로 69 (송도동,밀레니엄상가 7층 706-1호)",연수구,032-831-8906,37.39571538,126.6509559,인천광역시 연수구 컨벤시아대로 69,인천 연수구 컨벤시아대로 69
마음과마음정신과의원,의원,정신건강의학과,MENTAL_HEALTH,"인천광역시 연수구 청능대로 103, 3층 (연수동, 비와이씨빌딩)",연수구,032-812-2004,37.41363986,126.6762653,인천광역시 연수구 청능대로 103,인천 연수구 청능대로 103
마음정원정신건강의학과의원,의원,정신건강의학과 신경과 내과,MENTAL_HEALTH,"인천광역시 연수구 신송로 153, 더 마란츠타워 2층 201,202호 (송도동)",연수구,032-833-3950,37.39717004,126.6491501,인천광역시 연수구 신송로 153,인천 연수구 신송로 153
박무헌정신과의원,의원,신경과 정신건강의학과,MENTAL_HEALTH,"인천광역시 연수구 앵고개로 250, 3층 (동춘동, 연수메디칼빌딩)",연수구,032-819-2178,37.4081836,126.6715052,인천광역시 연수구 앵고개로 250,인천 연수구 앵고개로 250
밝은마음정신건강의학과의원,의원,정신건강의학과,MENTAL_HEALTH,"인천광역시 연수구 독배로 49, 2층 (옥련동, 럭키빌딩)",연수구,032-832-7579,37.42508572,126.6443172,인천광역시 연수구 독배로 49,인천 연수구 독배로 49
송도메이정신건강의학과의원,의원,정신건강의학과 신경과 내과,MENTAL_HEALTH,"인천광역시 연수구 송도국제대로 157, 오네스타 6층 A-606호 (송도동)",연수구,032-815-7557,37.38094106,126.6566642,인천광역시 연수구 송도국제대로 157,인천 연수구 송도국제대로 157
송도봄정신건강의학과의원,의원,정신건강의학과,MENTAL_HEALTH,"인천광역시 연수구 해돋이로151번길 4, 인피니티타워 4층 404호 (송도동)",연수구,032-719-7975,37.39401757,126.646007,인천광역시 연수구 해돋이로151번길 4,인천 연수구 해돋이로151번길 4
송도브레인신경과의원,의원,내과 신경과 정신건강의학과 정형외과 신경외과 마취통증의학과 소아청소년과 이비인후과 비뇨의학과 재활의학과,MENTAL_HEALTH,"인천광역시 연수구 해돋이로151번길 4, 인피니티타워 5층 501호 (송도동)",연수구,032-710-7065,37.39401757,126.646007,인천광역시 연수구 해돋이로151번길 4,인천 연수구 해돋이로151번길 4
송도삼성정신건강의학과의원,의원,정신건강의학과,MENTAL_HEALTH,"인천광역시 연수구 하모니로178번길 6, 6층 612호 (송도동)",연수구,032-834-3338,37.38234009,126.6413688,인천광역시 연수구 하모니로178번길 6,인천 연수구 하모니로178번길 6
송도센트럴정신건강의학과의원,의원,정신건강의학과,MENTAL_HEALTH,"인천광역시 연수구 하모니로178번길 22, 송도GTX센트럴 6층 603호 (송도동)",연수구,032-858-0075,37.38307226,126.6408363,인천광역시 연수구 하모니로178번길 22,인천 연수구 하모니로178번길 22
송도탑정형외과의원,의원,응급의학과 가정의학과 재활의학과 영상의학과 비뇨의학과 피부과 이비인후과 안과 소아청소년과 마취통증의학과 심장혈관흉부외과 신경외과 정형외과 외과 정신건강의학과 신경과 내과,MENTAL_HEALTH,"인천광역시 연수구 송도국제대로 261, 231동 207,208호 (송도동, 송도 더샵 센트럴시티)",연수구,032-813-6767,37.37421077,126.6499855,인천광역시 연수구 송도국제대로 261,인천 연수구 송도국제대로 261
시너지내과신경과의원,의원,내과 신경과 정신건강의학과 정형외과 신경외과 소아청소년과,MENTAL_HEALTH,"인천광역시 연수구 하모니로178번길 6, 501,502,503,504호 (송도동)",연수구,032-227-1114,37.38234009,126.6413688,인천광역시 연수구 하모니로178번길 6,인천 연수구 하모니로178번길 6
아이나래정신건강의학과의원,의원,정신건강의학과,MENTAL_HEALTH,"인천광역시 연수구 하모니로 158, 송도타임스페이스 A동 5층 511,512,513호 (송도동)",연수구,032-221-0476,37.3832947,126.642256,인천광역시 연수구 하모니로 158,인천 연수구 하모니로 158
연세히어로정형외과의원,의원,피부과 정신건강의학과 비뇨의학과 이비인후과 가정의학과 영상의학과 병리과 외과 정형외과 응급의학과 신경외과 소아청소년과 내과 신경과 예방의학과 재활의학과 진단검사의학과 마취통증의학과,MENTAL_HEALTH,"인천광역시 연수구 센트럴로 313, 송도씨워크인테라스한라 B동 4층 425~433, 435~438, C동 452호 (송도동)",연수구,032-832-3333,37.40155902,126.6315648,인천광역시 연수구 센트럴로 313,인천 연수구 센트럴로 313
연수스마트안과의원,의원,가정의학과 안과 정신건강의학과,MENTAL_HEALTH,"인천광역시 연수구 청능대로 103, 4층 일부호 (연수동)",연수구,032-816-1002,37.41363986,126.6762653,인천광역시 연수구 청능대로 103,인천 연수구 청능대로 103
인천힐병원,정신병원,가정의학과 정신건강의학과 신경과,MENTAL_HEALTH,"인천광역시 연수구 용담로99번길 29, 2층,7층~9층 (청학동)",연수구,032-822-8875,37.41719906,126.676533,인천광역시 연수구 용담로99번길 29,인천 연수구 용담로99번길 29
차지현정신건강의학과의원,의원,신경과 정신건강의학과,MENTAL_HEALTH,"인천광역시 연수구 청능대로 109, 5층 (연수동, 탑피온빌딩)",연수구,032-821-2001,37.41298669,126.6767194,인천광역시 연수구 청능대로 109,인천 연수구 청능대로 109
해솔정신과의원,의원,정신건강의학과,MENTAL_HEALTH,"인천광역시 연수구 인천타워대로 251, 아트윈몰 202호 (송도동)",연수구,032-814-8881,37.39313379,126.6328666,인천광역시 연수구 인천타워대로 251,인천 연수구 인천타워대로 251
공룡의원,의원,"내과, 외과, 정형외과, 정신건강의학과, 마취통증의학과",MENTAL_HEALTH,"인천광역시 옹진군 연평면 연평로137번길 47-8, 사서함 202호",옹진군,032-830-3169,37.66215474,125.6999635,인천광역시 옹진군 연평면 연평로137번길 47-8,인천 옹진군 연평면 연평로137번길 47-8
고정선정신건강의학과의원,의원,신경과 정신건강의학과,MENTAL_HEALTH,"인천광역시 중구 참외전로 134, 3,4층 (인현동)",중구,032-777-1182,37.4745044,126.6317683,인천광역시 중구 참외전로 134,인천 중구 참외전로 134
에스오디21의원,의원,가정의학과 피부과 소아청소년과 정신건강의학과 내과,MENTAL_HEALTH,"인천광역시 중구 하늘중앙로195번길 14, 이은스퀘어 302호 (중산동)",중구,032-751-9676,37.48935567,126.5607725,인천광역시 중구 하늘중앙로195번길 14,인천 중구 하늘중앙로195번길 14
영종 따듯한 정신건강의학과의원,의원,정신건강의학과,MENTAL_HEALTH,"인천광역시 중구 자연대로 47, 스타타워 501호 (중산동)",중구,032-752-7900,37.48873413,126.5589981,인천광역시 중구 자연대로 47,인천 중구 자연대로 47
예스삼성소아청소년과의원,의원,피부과 이비인후과 안과 소아청소년과 정신건강의학과 내과,MENTAL_HEALTH,"인천광역시 중구 영종대로 184, 영종예스타워복합상영관 4층 401호 (운서동)",중구,032-752-9722,37.4922653,126.4987785,인천광역시 중구 영종대로 184,인천 중구 영종대로 184
장형주정신건강의학과의원,의원,정신건강의학과,MENTAL_HEALTH,"인천광역시 중구 흰바위로 31, 에어로시티 304호 (운서동)",중구,032-214-8188,37.49276708,126.4884608,인천광역시 중구 흰바위로 31,인천 중구 흰바위로 31
강화튼튼신경외과의원,의원,재활의학과 마취통증의학과 신경외과 정형외과,PAIN_NEURO,"인천광역시 강화군 강화읍 강화대로 387, 이레빌딩(2층일부~3층전부)",강화군,032-934-8845,37.74505385,126.4874924,인천광역시 강화군 강화읍 강화대로 387,인천 강화군 강화읍 강화대로 387
길상의원,의원,비뇨의학과 피부과 이비인후과 소아청소년과 마취통증의학과 심장혈관흉부외과 신경외과 정형외과 외과 내과,PAIN_NEURO,"인천광역시 강화군 길상면 온수길 23, 2층",강화군,032-937-5105,37.63904809,126.4918479,인천광역시 강화군 길상면 온수길 23,인천 강화군 길상면 온수길 23
본 의원,의원,재활의학과 비뇨의학과 피부과 이비인후과 소아청소년과 마취통증의학과 신경외과 정형외과 내과,PAIN_NEURO,인천광역시 강화군 강화읍 강화대로 395 (준프라자빌딩),강화군,032-933-8765,37.74539103,126.4868201,인천광역시 강화군 강화읍 강화대로 395,인천 강화군 강화읍 강화대로 395
의료법인우진의료재단한길병원,요양병원,이비인후과 내과 외과 비뇨의학과 신경과 가정의학과,PAIN_NEURO,인천광역시 강화군 송해면 강화대로 902,강화군,032-934-1191,37.76922557,126.4456022,인천광역시 강화군 송해면 강화대로 902,인천 강화군 송해면 강화대로 902
인성의원,의원,내과 가정의학과 정형외과 성형외과 신경과 비뇨의학과 소아청소년과 피부과 이비인후과,PAIN_NEURO,인천광역시 강화군 강화읍 중앙로 23 (인성의원),강화군,032-932-4455,37.74101064,126.491055,인천광역시 강화군 강화읍 중앙로 23,인천 강화군 강화읍 중앙로 23
임용철마취통증의학과의원,의원,재활의학과 마취통증의학과 정형외과,PAIN_NEURO,"인천광역시 강화군 강화읍 강화대로 395, 5층 502호 (준프라자빌딩)",강화군,032-932-2486,37.74539103,126.4868201,인천광역시 강화군 강화읍 강화대로 395,인천 강화군 강화읍 강화대로 395
큰나무 의원,의원,가정의학과 내과 정형외과 마취통증의학과 이비인후과 신경외과 피부과 소아청소년과,PAIN_NEURO,인천광역시 강화군 강화읍 중앙로 9,강화군,032-233-7588,37.74212968,126.4920063,인천광역시 강화군 강화읍 중앙로 9,인천 강화군 강화읍 중앙로 9
계산역정형외과의원,의원,재활의학과 마취통증의학과 신경외과 정형외과,PAIN_NEURO,"인천광역시 계양구 경명대로 1090, 계산메가타운 601호~603호 (계산동)",계양구,032-556-7979,37.5429736,126.7280478,인천광역시 계양구 경명대로 1090,인천 계양구 경명대로 1090
계양마디튼튼재활의학과의원,의원,재활의학과 마취통증의학과 신경외과 정형외과 외과 신경과 내과,PAIN_NEURO,"인천광역시 계양구 장제로 789, 4층 (계산동)",계양구,032-553-7588,37.538416,126.7341018,인천광역시 계양구 장제로 789,인천 계양구 장제로 789
계양바른본의원,의원,재활의학과 마취통증의학과 신경외과 정형외과 외과 내과,PAIN_NEURO,"인천광역시 계양구 오조산로 7, 2층 (작전동)",계양구,032-552-7575,37.5315625,126.7379075,인천광역시 계양구 오조산로 7,인천 계양구 오조산로 7
계양연세마취통증의학과의원,의원,재활의학과 마취통증의학과 신경외과 정형외과,PAIN_NEURO,"인천광역시 계양구 오조산로 85, 경동빌딩 2층 일부호 (용종동)",계양구,032-552-7579,37.53865446,126.7385648,인천광역시 계양구 오조산로 85,인천 계양구 오조산로 85
계양오케이마취통증의학과의원,의원,정형외과 마취통증의학과 재활의학과,PAIN_NEURO,"인천광역시 계양구 계산새로 71, 하이베라스빌딩 C동 4층 404,406,407호 (계산동)",계양구,032-555-9898,37.53878034,126.7358176,인천광역시 계양구 계산새로 71,인천 계양구 계산새로 71
계양척척마취통증의학과의원,의원,재활의학과 마취통증의학과 신경외과 정형외과,PAIN_NEURO,"인천광역시 계양구 계양대로 214 (계산동, 에이스타운)",계양구,032-555-8872,37.54304854,126.7230358,인천광역시 계양구 계양대로 214,인천 계양구 계양대로 214
계양포인트정형외과의원,의원,재활의학과 마취통증의학과 신경외과 정형외과 외과 내과,PAIN_NEURO,"인천광역시 계양구 장제로 916, 2층 일부호 (병방동)",계양구,032-548-0915,37.54814426,126.7414507,인천광역시 계양구 장제로 916,인천 계양구 장제로 916
계양플러스 정형외과의원,의원,재활의학과 영상의학과 마취통증의학과 신경외과 정형외과,PAIN_NEURO,"인천광역시 계양구 장제로 718, 상록메디컬센타 2층 (작전동)",계양구,032-543-9114,37.53183822,126.7342828,인천광역시 계양구 장제로 718,인천 계양구 장제로 718
관척365의원,의원,외과 정형외과 신경외과 마취통증의학과 비뇨의학과 가정의학과 응급의학과,PAIN_NEURO,"인천광역시 계양구 장제로 871, 셀파마빌딩 5층 (임학동)",계양구,032-721-8588,37.54496023,126.7381434,인천광역시 계양구 장제로 871,인천 계양구 장제로 871
김태형정형외과의원,의원,정형외과 내과 외과 신경외과 마취통증의학과 재활의학과 영상의학과 이비인후과,PAIN_NEURO,인천광역시 계양구 장제로 867 (임학동),계양구,032-715-6300,37.5447422,126.7380646,인천광역시 계양구 장제로 867,인천 계양구 장제로 867
늘편한마취통증의학과의원,의원,재활의학과 마취통증의학과 신경외과 정형외과 내과,PAIN_NEURO,"인천광역시 계양구 경명대로 1088, 5층 (계산동)",계양구,032-555-8875,37.54304051,126.7277185,인천광역시 계양구 경명대로 1088,인천 계양구 경명대로 1088
닥터류 바름의원,의원,가정의학과 재활의학과 피부과 이비인후과 마취통증의학과 정형외과 내과,PAIN_NEURO,"인천광역시 계양구 하느재로20번길 1, 2층 (계산동)",계양구,032-545-5477,37.54544658,126.7252104,인천광역시 계양구 하느재로20번길 1,인천 계양구 하느재로20번길 1
마디척척신경외과의원,의원,재활의학과 마취통증의학과 신경외과 정형외과 신경과 내과,PAIN_NEURO,"인천광역시 계양구 장제로 910, 2층~3층 (병방동)",계양구,032-556-7575,37.5476421,126.7411496,인천광역시 계양구 장제로 910,인천 계양구 장제로 910
마스터즈정형외과의원,의원,가정의학과 재활의학과 영상의학과 비뇨의학과 피부과 이비인후과 안과 마취통증의학과 성형외과 심장혈관흉부외과 신경외과 정형외과 외과 신경과 내과,PAIN_NEURO,"인천광역시 계양구 새벌로 112, 마스터즈 301~305호 (효성동)",계양구,032-549-1007,37.52706338,126.7175129,인천광역시 계양구 새벌로 112,인천 계양구 새벌로 112
바로튼튼마취통증의학과의원,의원,재활의학과 마취통증의학과 신경외과 정형외과 내과,PAIN_NEURO,"인천광역시 계양구 계산로 89, 2층 (계산동)",계양구,032-554-8275,37.53776197,126.7221306,인천광역시 계양구 계산로 89,인천 계양구 계산로 89
박도형정형외과의원,의원,정형외과 마취통증의학과 내과 진단검사의학과 재활의학과 가정의학과 외과 신경외과 심장혈관흉부외과 이비인후과 소아청소년과 비뇨의학과,PAIN_NEURO,"인천광역시 계양구 경명대로 1051, 계림빌딩 2,3층 (계산동)",계양구,032-556-3115,37.54386344,126.7237071,인천광역시 계양구 경명대로 1051,인천 계양구 경명대로 1051
박촌메디스의원,의원,가정의학과 비뇨의학과 피부과 소아청소년과 마취통증의학과 신경외과 정형외과 외과 내과,PAIN_NEURO,"인천광역시 계양구 장제로1009번길 1, 2층,3층 (박촌동)",계양구,032-547-1152,37.55562256,126.7453261,인천광역시 계양구 장제로1009번길 1,인천 계양구 장제로1009번길 1
본튼튼마취통증의학과의원,의원,재활의학과 마취통증의학과 신경외과 정형외과,PAIN_NEURO,"인천광역시 계양구 장제로875번길 1, 진빌딩 3층 301호 (임학동)",계양구,032-212-2025,37.54524372,126.7383634,인천광역시 계양구 장제로875번길 1,인천 계양구 장제로875번길 1
비에스코아이비인후과의원,의원,내과 성형외과 마취통증의학과 소아청소년과 이비인후과,PAIN_NEURO,"인천광역시 계양구 봉오대로 668, 2,3,5층 201,202,303,501호 (작전동)",계양구,032-548-0005,37.52962713,126.7232062,인천광역시 계양구 봉오대로 668,인천 계양구 봉오대로 668
삼성본튼튼의원,의원,가정의학과 재활의학과 마취통증의학과 신경외과 정형외과,PAIN_NEURO,"인천광역시 계양구 봉오대로 613, 2층 201호 (효성동)",계양구,032-553-7575,37.53079184,126.7171161,인천광역시 계양구 봉오대로 613,인천 계양구 봉오대로 613
삼성오케이의원,의원,가정의학과 피부과 이비인후과 소아청소년과 마취통증의학과 정형외과 내과,PAIN_NEURO,"인천광역시 계양구 안남로 571, 2층 (효성동)",계양구,032-555-9401,37.53411966,126.7097955,인천광역시 계양구 안남로 571,인천 계양구 안남로 571
서울정형외과의원,의원,재활의학과 마취통증의학과 신경외과 정형외과 내과,PAIN_NEURO,"인천광역시 계양구 계양대로 53, 휘림빌딩 202호 (작전동)",계양구,032-543-0055,37.52857933,126.7221169,인천광역시 계양구 계양대로 53,인천 계양구 계양대로 53
성모25의원,의원,가정의학과 내과 소아청소년과 이비인후과 피부과 비뇨의학과 정형외과 성형외과 신경과,PAIN_NEURO,"인천광역시 계양구 오조산로 1, 거승프라자 5층 502호 (작전동)",계양구,032-552-5365,37.530938,126.737815,인천광역시 계양구 오조산로 1,인천 계양구 오조산로 1
신세계마취통증의학과의원,의원,마취통증의학과 정형외과 신경외과,PAIN_NEURO,인천광역시 계양구 계양대로 170 (계산동),계양구,032-544-8271,37.53905359,126.7229111,인천광역시 계양구 계양대로 170,인천 계양구 계양대로 170
연세365소아청소년과의원,의원,내과 신경과 소아청소년과 이비인후과 피부과,PAIN_NEURO,"인천광역시 계양구 양지로 133, 영화빌딩 302호 (귤현동)",계양구,032-555-0118,37.56700585,126.749128,인천광역시 계양구 양지로 133,인천 계양구 양지로 133
연세모아이비인후과의원,의원,이비인후과 내과 신경과 외과 소아청소년과 안과 피부과 비뇨의학과,PAIN_NEURO,"인천광역시 계양구 아나지로417번길 20, 3층 (작전동, 태주빌딩)",계양구,032-543-5382,37.52740491,126.7388727,인천광역시 계양구 아나지로417번길 20,인천 계양구 아나지로417번길 20
연세사랑의원,의원,비뇨의학과 피부과 이비인후과 소아청소년과 마취통증의학과 정형외과 외과 내과,PAIN_NEURO,"인천광역시 계양구 임학동로 47, 202호 (임학동)",계양구,032-545-5192,37.54613259,126.737122,인천광역시 계양구 임학동로 47,인천 계양구 임학동로 47
예일내과의원,의원,내과 이비인후과 피부과 마취통증의학과,PAIN_NEURO,"인천광역시 계양구 새벌로 126, 201호 (효성동, 거성프라자)",계양구,032-544-4656,37.52817197,126.7170254,인천광역시 계양구 새벌로 126,인천 계양구 새벌로 126
오케이병원,병원,정형외과 마취통증의학과 내과 영상의학과,PAIN_NEURO,"인천광역시 계양구 장제로 676, 오케이병원 2~7층 (작전동)",계양구,1800-0820,37.52826,126.7336858,인천광역시 계양구 장제로 676,인천 계양구 장제로 676
유안내과의원,의원,비뇨의학과 피부과 이비인후과 소아청소년과 신경과 내과,PAIN_NEURO,"인천광역시 계양구 동양로 101, 명일프라자 3층 303호 (동양동)",계양구,032-543-8500,37.55902068,126.7561285,인천광역시 계양구 동양로 101,인천 계양구 동양로 101
인천더드림병원,병원,내과 신경과 정형외과 신경외과 마취통증의학과 영상의학과 재활의학과,PAIN_NEURO,인천광역시 계양구 계양대로 123(작전동),계양구,032-282-7575,37.53500007,126.7222515,인천광역시 계양구 계양대로 123,인천 계양구 계양대로 123
인천마디병원,병원,가정의학과 내과 소아청소년과 이비인후과 외과 정형외과 신경외과 재활의학과 피부과 비뇨의학과 마취통증의학과 영상의학과,PAIN_NEURO,인천광역시 계양구 계양대로 204 (계산동),계양구,1644-8344,37.5421158,126.7229874,인천광역시 계양구 계양대로 204,인천 계양구 계양대로 204
작전재활의학과의원,의원,정형외과 마취통증의학과 재활의학과,PAIN_NEURO,"인천광역시 계양구 계양대로 38, 2층 (작전동)",계양구,032-543-7475,37.52723029,126.7227812,인천광역시 계양구 계양대로 38,인천 계양구 계양대로 38
정의원,의원,내과 신경과 정형외과 마취통증의학과 소아청소년과 이비인후과 피부과 비뇨의학과 영상의학과,PAIN_NEURO,"인천광역시 계양구 장제로 873, 2층 201호 (임학동)",계양구,032-554-1175,37.54508739,126.7382781,인천광역시 계양구 장제로 873,인천 계양구 장제로 873
지웰요양병원,요양병원,신경과 외과 한방내과 침구과,PAIN_NEURO,"인천광역시 계양구 장제로 672, 2,3,4층 201,305,402호 (작전동)",계양구,032-543-7582,37.52780555,126.7337719,인천광역시 계양구 장제로 672,인천 계양구 장제로 672
해든내과의원,의원,내과 소아청소년과 피부과 비뇨의학과 이비인후과 영상의학과 정형외과 마취통증의학과,PAIN_NEURO,"인천광역시 계양구 장제로 929, 2층 (병방동)",계양구,032-554-7588,37.54946402,126.741649,인천광역시 계양구 장제로 929,인천 계양구 장제로 929
간석바른정형외과의원,의원,재활의학과 마취통증의학과 신경외과 정형외과,PAIN_NEURO,"인천광역시 남동구 호구포로 878, 3층, 5층 (구월동)",남동구,032-202-7582,37.46062801,126.7204696,인천광역시 남동구 호구포로 878,인천 남동구 호구포로 878
국제바로병원,병원,직업환경의학과 영상의학과 비뇨의학과 피부과 소아청소년과 마취통증의학과 신경외과 정형외과 외과 내과,PAIN_NEURO,"인천광역시 남동구 석정로 518, 1층일부, 2층일부 ~ 9층 (간석동)",남동구,032-722-8585,37.46550679,126.6932263,인천광역시 남동구 석정로 518,인천 남동구 석정로 518
기분좋은신경과의원,의원,재활의학과 마취통증의학과 신경외과 신경과 내과,PAIN_NEURO,"인천광역시 남동구 인하로 501, 2층 202호 (구월동)",남동구,032-816-7575,37.44352419,126.7023737,인천광역시 남동구 인하로 501,인천 남동구 인하로 501
나은요양병원,요양병원,내과 신경과 재활의학과 가정의학과 한방내과 한방재활의학과 침구과,PAIN_NEURO,"인천광역시 남동구 소래역남로16번길 20, 둘리프라자 (논현동)",남동구,032-710-6001,37.39837618,126.7357692,인천광역시 남동구 소래역남로16번길 20,인천 남동구 소래역남로16번길 20
남동연합의원,의원,피부과 이비인후과 마취통증의학과 정형외과 내과,PAIN_NEURO,"인천광역시 남동구 남동서로236번길 30, 논현2차푸르지오시티 115-1호 210호,211호 (논현동)",남동구,032-818-7585,37.40956898,126.6951115,인천광역시 남동구 남동서로236번길 30,인천 남동구 남동서로236번길 30
남촌굿모닝의원,의원,정형외과 마취통증의학과,PAIN_NEURO,"인천광역시 남동구 남촌동로35번길 4, 2,3층 (남촌동)",남동구,032-472-7588,37.43190802,126.7145966,인천광역시 남동구 남촌동로35번길 4,인천 남동구 남촌동로35번길 4
논현베스트정형외과의원,의원,가정의학과 재활의학과 마취통증의학과 신경외과 정형외과 외과,PAIN_NEURO,"인천광역시 남동구 논고개로 61, 라피에스타 505,506호 (논현동)",남동구,032-235-7575,37.39753735,126.7275204,인천광역시 남동구 논고개로 61,인천 남동구 논고개로 61
논현손호균마취통증의학과의원,의원,마취통증의학과 재활의학과 정형외과 신경외과,PAIN_NEURO,"인천광역시 남동구 청능대로 581, 602,603호 (논현동, 광성프라자)",남동구,032-442-8875,37.40127674,126.723589,인천광역시 남동구 청능대로 581,인천 남동구 청능대로 581
논현신경과의원,의원,신경과 내과 정형외과 가정의학과 외과 소아청소년과 이비인후과 피부과 비뇨의학과 재활의학과 성형외과 신경외과 심장혈관흉부외과,PAIN_NEURO,"인천광역시 남동구 청능대로 581, 401호 (논현동, 광성프라자)",남동구,032-438-8275,37.40127674,126.723589,인천광역시 남동구 청능대로 581,인천 남동구 청능대로 581
논현연세정형외과의원,의원,재활의학과 방사선종양학과 비뇨의학과 피부과 소아청소년과 마취통증의학과 정형외과 외과 신경과 내과,PAIN_NEURO,"인천광역시 남동구 논고개로 114, 에이스타워 6층 703호 (논현동)",남동구,032-423-7117,37.4014436,126.7246685,인천광역시 남동구 논고개로 114,인천 남동구 논고개로 114
논현우리정형외과의원,의원,내과 신경과 외과 정형외과 신경외과 마취통증의학과 소아청소년과 이비인후과 피부과 비뇨의학과 재활의학과,PAIN_NEURO,"인천광역시 남동구 청능대로 583, 5층 일부호 (논현동, 중앙프라자)",남동구,032-435-1175,37.40137809,126.7239313,인천광역시 남동구 청능대로 583,인천 남동구 청능대로 583
늘푸른의원,의원,가정의학과 내과 소아청소년과 이비인후과 피부과 정형외과 재활의학과 마취통증의학과 비뇨의학과 외과,PAIN_NEURO,"인천광역시 남동구 용천로88번길 3, 203,205호 (구월동)",남동구,032-466-0788,37.45737249,126.7151508,인천광역시 남동구 용천로88번길 3,인천 남동구 용천로88번길 3
닥터준마취통증의학과의원,의원,마취통증의학과 정형외과 신경외과 재활의학과 내과,PAIN_NEURO,"인천광역시 남동구 인하로 497-5, 13층 일부호 (구월동, 푸른세상안과빌딩)",남동구,032-423-7557,37.4436079,126.7015894,인천광역시 남동구 인하로 497-5,인천 남동구 인하로 497-5
대찬병원,병원,가정의학과 영상의학과 마취통증의학과 신경외과 정형외과 외과 신경과 내과,PAIN_NEURO,"인천광역시 남동구 인주대로 590, 1층일부, 2~8층, 9층일부 (구월동)",남동구,1522-3266,37.44973844,126.7025087,인천광역시 남동구 인주대로 590,인천 남동구 인주대로 590
더본마취통증의학과의원,의원,가정의학과 재활의학과 마취통증의학과 신경외과 정형외과 내과,PAIN_NEURO,"인천광역시 남동구 만수서로 62, JJ스타프라자 403,404,405,406호 (만수동)",남동구,032-465-0258,37.46142721,126.7330584,인천광역시 남동구 만수서로 62,인천 남동구 만수서로 62
만수K정형외과의원,의원,영상의학과 비뇨의학과 피부과 이비인후과 소아청소년과 마취통증의학과 정형외과 내과,PAIN_NEURO,"인천광역시 남동구 장승남로33번길 9, 대동아파트상가 301일부호 (만수동)",남동구,032-461-3659,37.44374445,126.7357564,인천광역시 남동구 장승남로33번길 9,인천 남동구 장승남로33번길 9
만수더굿마취통증의학과의원,의원,정형외과 신경외과 재활의학과 마취통증의학과,PAIN_NEURO,"인천광역시 남동구 백범로 123, 상지프라자 2층 (만수동)",남동구,032-473-7588,37.45458759,126.733233,인천광역시 남동구 백범로 123,인천 남동구 백범로 123
만수서울이비인후과의원,의원,내과 이비인후과 소아청소년과 신경과 가정의학과,PAIN_NEURO,"인천광역시 남동구 만수서로 56, 203호 (만수동, 향촌빌딩)",남동구,032-468-7583,37.46143566,126.7322137,인천광역시 남동구 만수서로 56,인천 남동구 만수서로 56
모두병원,병원,영상의학과 마취통증의학과 정형외과 내과,PAIN_NEURO,"인천광역시 남동구 논고개로 88, 외 논고개로90 3층호 (논현동, 지하1층전부,1층일부,2,3,4,5,6,7층전부)",남동구,1588-0255,37.39957123,126.7260016,인천광역시 남동구 논고개로 88,인천 남동구 논고개로 88
미듬메디컬의원,의원,비뇨의학과 피부과 소아청소년과 마취통증의학과 심장혈관흉부외과 신경외과 정형외과 외과 신경과 내과,PAIN_NEURO,"인천광역시 남동구 구월남로 283, 2층 (구월동)",남동구,032-471-3900,37.45226687,126.721138,인천광역시 남동구 구월남로 283,인천 남동구 구월남로 283
미래신경과의원,의원,신경과,PAIN_NEURO,"인천광역시 남동구 남동대로 892, 4층 (간석동, 일주빌딩)",남동구,032-425-4666,37.4620717,126.7086436,인천광역시 남동구 남동대로 892,인천 남동구 남동대로 892
미래신경외과의원,의원,재활의학과 마취통증의학과 신경외과 정형외과 내과,PAIN_NEURO,"인천광역시 남동구 구월로 268, 대성빌딩 4,5층 (구월동)",남동구,032-462-0033,37.45561105,126.7202967,인천광역시 남동구 구월로 268,인천 남동구 구월로 268
미추홀병원,병원,한방내과 재활의학과 신경과 내과,PAIN_NEURO,인천광역시 남동구 남동대로799번길 25 (구월동),남동구,032-430-6200,37.4537043,126.706498,인천광역시 남동구 남동대로799번길 25,인천 남동구 남동대로799번길 25
바로나은정형외과의원,의원,재활의학과 마취통증의학과 심장혈관흉부외과 신경외과 정형외과 외과 내과,PAIN_NEURO,"인천광역시 남동구 논고개로 73, 5층 전체호 (논현동, 라움타워)",남동구,032-442-8575,37.39826089,126.7265549,인천광역시 남동구 논고개로 73,인천 남동구 논고개로 73
바로튼튼의원,의원,재활의학과 마취통증의학과 신경외과 정형외과,PAIN_NEURO,"인천광역시 남동구 서창남순환로 222, 센타프라자 2층 202호, 203호 (서창동)",남동구,032-465-7577,37.42415123,126.7494752,인천광역시 남동구 서창남순환로 222,인천 남동구 서창남순환로 222
바른길이비인후과의원,의원,피부과 이비인후과 소아청소년과 성형외과 정형외과 신경과 내과,PAIN_NEURO,"인천광역시 남동구 호구포로 818, 퍼스트하임프라자 3층 303호, 304호 (구월동)",남동구,032-228-0880,37.45536467,126.7196678,인천광역시 남동구 호구포로 818,인천 남동구 호구포로 818
브래덤재활병원,병원,내과 가정의학과 신경과 재활의학과,PAIN_NEURO,"인천광역시 남동구 예술로192번길 36 (구월동, 지하1층~지하3층, 지상1층일부, 2층~9층)",남동구,032-456-7600,37.45087212,126.703346,인천광역시 남동구 예술로192번길 36,인천 남동구 예술로192번길 36
사랑정형외과의원,의원,정형외과 내과 외과 소아청소년과 신경과 신경외과 심장혈관흉부외과 마취통증의학과 이비인후과 피부과 비뇨의학과 진단검사의학과 병리과 재활의학과 가정의학과 예방의학과 성형외과,PAIN_NEURO,"인천광역시 남동구 구월남로 198, 401,402호 (구월동, 트인프라자)",남동구,032-442-8275,37.45262671,126.7114432,인천광역시 남동구 구월남로 198,인천 남동구 구월남로 198
삼성드림소아청소년과 의원,의원,피부과 이비인후과 안과 소아청소년과 신경과 내과,PAIN_NEURO,"인천광역시 남동구 서창남순환로 222, 센타프라자 4층 405호 (서창동)",남동구,032-461-8880,37.42415123,126.7494752,인천광역시 남동구 서창남순환로 222,인천 남동구 서창남순환로 222
삼성메트로정형외과의원,의원,재활의학과 마취통증의학과 신경외과 정형외과,PAIN_NEURO,"인천광역시 남동구 구월로 376, 정은프라자 3층 301호 (만수동)",남동구,032-424-4114,37.45471308,126.7323051,인천광역시 남동구 구월로 376,인천 남동구 구월로 376
삼성외과의원,의원,응급의학과 가정의학과 영상의학과 비뇨의학과 피부과 이비인후과 소아청소년과 마취통증의학과 심장혈관흉부외과 정형외과 외과 내과,PAIN_NEURO,"인천광역시 남동구 백범로 322, 메디칼센터 9,10층 (간석동)",남동구,032-221-1004,37.46421201,126.7145357,인천광역시 남동구 백범로 322,인천 남동구 백범로 322
새온정형외과의원,의원,재활의학과 마취통증의학과 신경외과 정형외과,PAIN_NEURO,"인천광역시 남동구 용천로 68, (주)발해인터내셔날 2층,3층 301호층 (구월동)",남동구,032-467-3650,37.45561353,126.7149237,인천광역시 남동구 용천로 68,인천 남동구 용천로 68
서울바른척도병원,병원,가정의학과 재활의학과 영상의학과 소아청소년과 마취통증의학과 신경외과 정형외과 내과,PAIN_NEURO,"인천광역시 남동구 구월로 233, 1층일부,2~5층 전체호 (구월동)",남동구,1522-9988,37.45640542,126.7164563,인천광역시 남동구 구월로 233,인천 남동구 구월로 233
서울성모정형외과의원,의원,재활의학과 비뇨의학과 피부과 소아청소년과 마취통증의학과 정형외과 외과 신경과 내과,PAIN_NEURO,"인천광역시 남동구 호구포로 220, 명진프라자 5층 702호 (논현동)",남동구,032-442-1010,37.4023787,126.7103485,인천광역시 남동구 호구포로 220,인천 남동구 호구포로 220
서울에스와이(SY)정형외과의원,의원,재활의학과 마취통증의학과 신경외과 정형외과,PAIN_NEURO,"인천광역시 남동구 호구포로 818, 퍼스트하임프라자 3층 308호~314호 (구월동)",남동구,032-462-7582,37.45536467,126.7196678,인천광역시 남동구 호구포로 818,인천 남동구 호구포로 818
서울참마취통증의학과의원,의원,재활의학과 마취통증의학과 신경외과 정형외과,PAIN_NEURO,"인천광역시 남동구 장승남로 51, 5층 (만수동)",남동구,032-435-8275,37.44366422,126.7378835,인천광역시 남동구 장승남로 51,인천 남동구 장승남로 51
서창재활의학과의원,의원,재활의학과 정형외과 신경외과 마취통증의학과 신경과,PAIN_NEURO,"인천광역시 남동구 서창남순환로 223, 5층 509~511호 (서창동, 아페리온)",남동구,032-471-8400,37.42482087,126.7489212,인천광역시 남동구 서창남순환로 223,인천 남동구 서창남순환로 223
성모류마내과의원,의원,내과 신경과 소아청소년과 재활의학과 이비인후과,PAIN_NEURO,"인천광역시 남동구 구월로 223, 305호 (구월동, 위너스프라자)",남동구,032-463-0052,37.45650761,126.715635,인천광역시 남동구 구월로 223,인천 남동구 구월로 223
성모정형외과의원,의원,가정의학과 재활의학과 피부과 마취통증의학과 신경외과 정형외과 내과,PAIN_NEURO,"인천광역시 남동구 백범로273번길 9, 수정빌딩 1층 (간석동)",남동구,032-442-3555,37.46119264,126.7190859,인천광역시 남동구 백범로273번길 9,인천 남동구 백범로273번길 9
성모척척마취통증의학과의원,의원,내과 정형외과 신경외과 마취통증의학과 재활의학과,PAIN_NEURO,"인천광역시 남동구 호구포로 812, 2층 (구월동)",남동구,032-468-7501,37.45478176,126.7195736,인천광역시 남동구 호구포로 812,인천 남동구 호구포로 812
성영희탑신경과의원,의원,마취통증의학과 신경외과 정형외과 신경과 내과,PAIN_NEURO,"인천광역시 남동구 호구포로 818, 퍼스트하임프라자 5층 508,509,510호 (구월동)",남동구,032-468-7588,37.45536467,126.7196678,인천광역시 남동구 호구포로 818,인천 남동구 호구포로 818
센텀정형외과의원,의원,재활의학과 마취통증의학과 신경외과 정형외과,PAIN_NEURO,"인천광역시 남동구 논고개로 121, 에스닷몰 6층 (논현동)",남동구,032-433-1275,37.4019304,126.723771,인천광역시 남동구 논고개로 121,인천 남동구 논고개로 121
아주편한재활의학과의원,의원,재활의학과 마취통증의학과 신경외과 정형외과,PAIN_NEURO,"인천광역시 남동구 주안로 231, 4층 (간석동)",남동구,032-433-0757,37.46350703,126.6955737,인천광역시 남동구 주안로 231,인천 남동구 주안로 231
에코의원,의원,성형외과 피부과 마취통증의학과,PAIN_NEURO,"인천광역시 남동구 논고개로 101, 604호 (논현동, 아름다운타워)",남동구,032-429-1122,37.39999485,126.724395,인천광역시 남동구 논고개로 101,인천 남동구 논고개로 101
엘리트성형외과의원,의원,내과 외과 성형외과 마취통증의학과 피부과 가정의학과,PAIN_NEURO,"인천광역시 남동구 인주대로 593, 7층 (구월동)",남동구,032-424-1221,37.45035646,126.7028739,인천광역시 남동구 인주대로 593,인천 남동구 인주대로 593
연세365온의원,의원,재활의학과 피부과 마취통증의학과 신경외과 정형외과 내과,PAIN_NEURO,"인천광역시 남동구 청능대로 575, 3층 303호 (논현동)",남동구,032-433-3650,37.4011109,126.7226839,인천광역시 남동구 청능대로 575,인천 남동구 청능대로 575
연세마디플러스의원,의원,마취통증의학과 신경외과 정형외과 외과,PAIN_NEURO,"인천광역시 남동구 인하로 568, 아시아드타워 403,404,405호 (구월동)",남동구,032-466-7588,37.44251086,126.7097101,인천광역시 남동구 인하로 568,인천 남동구 인하로 568
연세소래메디칼의원,의원,가정의학과 재활의학과 비뇨의학과 피부과 소아청소년과 성형외과 신경외과 정형외과 외과 신경과 내과,PAIN_NEURO,"인천광역시 남동구 포구로 75, 2,3,4층 (논현동, 송원빌딩)",남동구,032-437-7585,37.40511504,126.7357531,인천광역시 남동구 포구로 75,인천 남동구 포구로 75
연세안마취통증의학과의원,의원,재활의학과 마취통증의학과 신경외과 정형외과,PAIN_NEURO,"인천광역시 남동구 예술로 138, 이토타워 4층 409~412호 (구월동)",남동구,032-719-8222,37.44624179,126.7010064,인천광역시 남동구 예술로 138,인천 남동구 예술로 138
연세올리브마취통증의학과의원,의원,재활의학과 마취통증의학과 신경외과 정형외과,PAIN_NEURO,"인천광역시 남동구 남동대로 880, 올리브백화점 C동 3층 일부호 (간석동)",남동구,032-428-0885,37.46099995,126.7088646,인천광역시 남동구 남동대로 880,인천 남동구 남동대로 880
연세와병원,병원,내과 정형외과 신경외과 마취통증의학과 영상의학과,PAIN_NEURO,"인천광역시 남동구 정각로 2, 인천연세와병원 본관 지1층, 2~8층, 별관 1~4층, 옥탑 1~2층 (구월동)",남동구,1599-1955,37.45494588,126.7021709,인천광역시 남동구 정각로 2,인천 남동구 정각로 2
연세정다운마취통증의학과의원,의원,마취통증의학과 신경외과 정형외과,PAIN_NEURO,"인천광역시 남동구 논고개로 101, 아름다운타워 301-2호 (논현동)",남동구,032-424-7575,37.39999485,126.724395,인천광역시 남동구 논고개로 101,인천 남동구 논고개로 101
예촌연합의원,의원,내과 외과 정형외과 마취통증의학과 이비인후과 피부과,PAIN_NEURO,"인천광역시 남동구 인하로 608, 5층 (구월동, 구월메디컬프라자)",남동구,032-462-8275,37.4426664,126.7142677,인천광역시 남동구 인하로 608,인천 남동구 인하로 608
오케이재활의학과의원,의원,재활의학과 정형외과 마취통증의학과 신경과 신경외과,PAIN_NEURO,"인천광역시 남동구 호구포로 808, 401,402호 (구월동, 수정빌딩)",남동구,032-463-8875,37.45448826,126.7195181,인천광역시 남동구 호구포로 808,인천 남동구 호구포로 808
온정형외과의원,의원,재활의학과 마취통증의학과 신경외과 정형외과 내과,PAIN_NEURO,"인천광역시 남동구 서창남순환로 223, 308,309호 (서창동)",남동구,032-422-6626,37.42482087,126.7489212,인천광역시 남동구 서창남순환로 223,인천 남동구 서창남순환로 223
올바른신경외과의원,의원,가정의학과 재활의학과 소아청소년과 마취통증의학과 신경외과 정형외과 신경과,PAIN_NEURO,"인천광역시 남동구 논고개로 61, 라피에스타 4층 401호 (논현동)",남동구,032-429-5038,37.39753735,126.7275204,인천광역시 남동구 논고개로 61,인천 남동구 논고개로 61
우리들신경외과의원,의원,정형외과 신경외과 재활의학과 마취통증의학과,PAIN_NEURO,"인천광역시 남동구 백범로 322, 메디칼센터 3층 전체호 (간석동)",남동구,032-710-6575,37.46421201,126.7145357,인천광역시 남동구 백범로 322,인천 남동구 백범로 322
우리마취통증의학과의원,의원,마취통증의학과 신경외과 재활의학과 정형외과,PAIN_NEURO,"인천광역시 남동구 남동대로 893, 5,9층 (간석동, 루카이스타워)",남동구,032-433-8875,37.46207741,126.7080006,인천광역시 남동구 남동대로 893,인천 남동구 남동대로 893
의료법인 정강의료재단 위드미요양병원,요양병원,내과 신경과 외과 정형외과 신경외과 피부과 재활의학과 가정의학과 한방내과 침구과,PAIN_NEURO,"인천광역시 남동구 논고개로123번길 35, 칼리오페 10층,11층 (논현동)",남동구,032-438-5800,37.40151653,126.7220658,인천광역시 남동구 논고개로123번길 35,인천 남동구 논고개로123번길 35
이레마취통증의학과의원,의원,마취통증의학과 정형외과 외과 신경외과,PAIN_NEURO,"인천광역시 남동구 장승남로 46, 2층 일부호 (만수동)",남동구,032-462-7507,37.44325059,126.7372449,인천광역시 남동구 장승남로 46,인천 남동구 장승남로 46
이한진가정의학과의원,의원,가정의학과 비뇨의학과 피부과 이비인후과 안과 소아청소년과 신경과 내과,PAIN_NEURO,"인천광역시 남동구 구월남로 190, 퍼스트프라자 302,303호 (구월동)",남동구,032-461-5525,37.45268031,126.7107042,인천광역시 남동구 구월남로 190,인천 남동구 구월남로 190
인천수요양병원,요양병원,침구과 한방내과 가정의학과 비뇨의학과 피부과 이비인후과 소아청소년과 신경과 내과,PAIN_NEURO,"인천광역시 남동구 호구포로 214, 대진메디컬프라자 7~10층 (논현동)",남동구,032-437-5002,37.40198913,126.7100668,인천광역시 남동구 호구포로 214,인천 남동구 호구포로 214
인천터미널근본튼튼의원,의원,재활의학과 마취통증의학과 신경외과 정형외과,PAIN_NEURO,"인천광역시 남동구 인하로 497-8, 오아시스빌딩 3층일부,4층일부호 (구월동)",남동구,032-423-7553,37.44356892,126.7020683,인천광역시 남동구 인하로 497-8,인천 남동구 인하로 497-8
인천터미널정형외과의원,의원,내과 정형외과 신경외과 마취통증의학과 피부과 진단검사의학과 재활의학과 가정의학과,PAIN_NEURO,"인천광역시 남동구 인하로489번길 4, 맨하탄빌딩 4층일부, 5층 (구월동)",남동구,032-438-7588,37.44364424,126.7012447,인천광역시 남동구 인하로489번길 4,인천 남동구 인하로489번길 4
전병원,병원,가정의학과 재활의학과 병리과 영상의학과 비뇨의학과 피부과 소아청소년과 마취통증의학과 신경외과 정형외과 외과 내과,PAIN_NEURO,"인천광역시 남동구 인주대로 845, 847, 하촌로 4-20동 (만수동, 신성빌딩)",남동구,032-467-6666,37.44870842,126.7313297,인천광역시 남동구 인주대로 845,인천 남동구 인주대로 845
정담병원,병원,내과 외과 정형외과 성형외과 마취통증의학과 소아청소년과 피부과 가정의학과 응급의학과,PAIN_NEURO,"인천광역시 남동구 구월남로 153, W타워 3,4,5,6층 일부층 (구월동)",남동구,032-429-8553,37.45334276,126.7065843,인천광역시 남동구 구월남로 153,인천 남동구 구월남로 153
정언내과의원,의원,가정의학과 비뇨의학과 피부과 이비인후과 소아청소년과 외과 신경과 내과,PAIN_NEURO,"인천광역시 남동구 선수촌공원로17번길 8, 정방빌딩 504호,6층 전체호 (구월동)",남동구,032-471-7517,37.44078056,126.7090505,인천광역시 남동구 선수촌공원로17번길 8,인천 남동구 선수촌공원로17번길 8
주손척척의원,의원,내과 마취통증의학과 정형외과 소아청소년과 재활의학과 가정의학과,PAIN_NEURO,"인천광역시 남동구 논현역로 4, 이지프라자 2층 일부호, 5층 일부호 (논현동)",남동구,032-464-6979,37.40088668,126.7211677,인천광역시 남동구 논현역로 4,인천 남동구 논현역로 4
참빛마취통증의학과의원,의원,마취통증의학과 가정의학과 재활의학과 정형외과 신경과,PAIN_NEURO,인천광역시 남동구 구월로 284 (구월동),남동구,032-464-0625,37.45550274,126.7219729,인천광역시 남동구 구월로 284,인천 남동구 구월로 284
참조은의원,의원,정형외과 재활의학과 마취통증의학과 내과 외과 피부과 신경외과,PAIN_NEURO,"인천광역시 남동구 남동대로 875, 2층 (간석동)",남동구,032-432-0977,37.46067906,126.7081166,인천광역시 남동구 남동대로 875,인천 남동구 남동대로 875
채움마취통증의학과의원,의원,마취통증의학과 내과 정형외과 신경외과 재활의학과,PAIN_NEURO,"인천광역시 남동구 석산로 159, 301호 (간석동, 보인플라자)",남동구,032-423-7582,37.46072059,126.7097602,인천광역시 남동구 석산로 159,인천 남동구 석산로 159
타미성형외과의원,의원,성형외과 피부과 마취통증의학과,PAIN_NEURO,"인천광역시 남동구 인하로 497-5, 11층 (구월동, 푸른세상안과빌딩)",남동구,032-441-2325,37.4436079,126.7015894,인천광역시 남동구 인하로 497-5,인천 남동구 인하로 497-5
한나의원,의원,내과 신경과 외과 정형외과 신경외과 마취통증의학과 소아청소년과 안과 이비인후과 피부과 비뇨의학과 가정의학과,PAIN_NEURO,"인천광역시 남동구 호구포로 812, 한빛하이존 401,402호 (구월동)",남동구,032-463-1077,37.45478176,126.7195736,인천광역시 남동구 호구포로 812,인천 남동구 호구포로 812
한마음의원,의원,내과 신경과 외과 정형외과 소아청소년과 이비인후과 피부과 비뇨의학과 가정의학과,PAIN_NEURO,인천광역시 남동구 인주대로 541 (구월동),남동구,032-432-7582,37.45056592,126.6969376,인천광역시 남동구 인주대로 541,인천 남동구 인주대로 541
해오름마취통증의학과의원,의원,가정의학과 소아청소년과 마취통증의학과 정형외과,PAIN_NEURO,"인천광역시 남동구 에코중앙로 152, 3층, 4층 전체호 (논현동)",남동구,032-431-4310,37.39088189,126.7256142,인천광역시 남동구 에코중앙로 152,인천 남동구 에코중앙로 152
화인마취통증의학과의원,의원,재활의학과 마취통증의학과 신경외과 정형외과,PAIN_NEURO,"인천광역시 남동구 논고개로 80 (논현동, 나노프라자 401호)",남동구,032-429-8288,37.39918115,126.726536,인천광역시 남동구 논고개로 80,인천 남동구 논고개로 80
효민요양병원,요양병원,침구과 한방재활의학과 한방내과 가정의학과 재활의학과 정형외과 신경과 내과,PAIN_NEURO,"인천광역시 남동구 서창남순환로216번길 46, MS프라자, 3층일부, 4~6층, 7층일부 (서창동)",남동구,032-461-7577,37.42224798,126.7494137,인천광역시 남동구 서창남순환로216번길 46,인천 남동구 서창남순환로216번길 46
후생의원,의원,심장혈관흉부외과 피부과 내과 소아청소년과 신경과,PAIN_NEURO,인천광역시 남동구 경인로 772 (간석동),남동구,032-522-0077,37.47831149,126.7107464,인천광역시 남동구 경인로 772,인천 남동구 경인로 772
굿모닝정형외과의원,의원,재활의학과 소아청소년과 마취통증의학과 신경외과 정형외과 외과 내과,PAIN_NEURO,인천광역시 동구 송림로 76 (송림동),동구,032-762-0971,37.47510865,126.643293,인천광역시 동구 송림로 76,인천 동구 송림로 76
뉴송림성모의원,의원,피부과 이비인후과 마취통증의학과 내과,PAIN_NEURO,"인천광역시 동구 송림로 84, 2층 (송림동)",동구,032-773-7570,37.47554577,126.6442328,인천광역시 동구 송림로 84,인천 동구 송림로 84
동인의원,의원,마취통증의학과 내과 외과,PAIN_NEURO,"인천광역시 동구 수문통로 58, 2,3층 (송현동)",동구,032-763-3627,37.48049007,126.6357875,인천광역시 동구 수문통로 58,인천 동구 수문통로 58
마디정형외과의원,의원,내과 정형외과 외과 피부과 소아청소년과 이비인후과 비뇨의학과 신경외과 가정의학과 마취통증의학과 재활의학과,PAIN_NEURO,인천광역시 동구 수문통로 7 (화평동),동구,032-766-8275,37.47746704,126.6316687,인천광역시 동구 수문통로 7,인천 동구 수문통로 7
서울튼튼정형외과의원,의원,재활의학과 마취통증의학과 신경외과 정형외과,PAIN_NEURO,"인천광역시 동구 샛골로 151, 씨티은행 1층 (송림동)",동구,032-763-7575,37.47618081,126.6440291,인천광역시 동구 샛골로 151,인천 동구 샛골로 151
송림본마취통증의학과의원,의원,재활의학과 마취통증의학과 정형외과 내과,PAIN_NEURO,"인천광역시 동구 송림로 96, 4층 (송림동)",동구,032-761-3838,37.47577486,126.6453329,인천광역시 동구 송림로 96,인천 동구 송림로 96
의료법인 성수의료재단 인천백병원,종합병원,응급의학과 직업환경의학과 재활의학과 진단검사의학과 영상의학과 비뇨의학과 이비인후과 소아청소년과 마취통증의학과 신경외과 정형외과 외과 신경과 내과,PAIN_NEURO,인천광역시 동구 샛골로 214 (송림동),동구,032-765-7070,37.48171344,126.6458316,인천광역시 동구 샛골로 214,인천 동구 샛골로 214
척척의원,의원,비뇨의학과 피부과 이비인후과 안과 소아청소년과 마취통증의학과 정형외과 신경과 내과,PAIN_NEURO,"인천광역시 동구 송미로 7, 3층 (송림동)",동구,032-777-3512,37.48093143,126.6476892,인천광역시 동구 송미로 7,인천 동구 송미로 7
365아이맘의원,의원,가정의학과 이비인후과 안과 소아청소년과 마취통증의학과 신경과 내과,PAIN_NEURO,"인천광역시 미추홀구 소성로 6, 지하1층 (용현동, 홈플러스)",미추홀구,032-875-8275,37.44723486,126.6508832,인천광역시 미추홀구 소성로 6,인천 미추홀구 소성로 6
고려마디탄탄의원,의원,재활의학과 마취통증의학과 신경외과 정형외과,PAIN_NEURO,"인천광역시 미추홀구 염창로 51, 2층 201~204호 (주안동)",미추홀구,032-865-1122,37.46595802,126.6796485,인천광역시 미추홀구 염창로 51,인천 미추홀구 염창로 51
고려메디칼의원,의원,내과 정형외과 외과 신경과 이비인후과 소아청소년과 비뇨의학과 피부과 재활의학과 방사선종양학과,PAIN_NEURO,인천광역시 미추홀구 인하로 213 (주안동),미추홀구,032-876-5626,37.4487671,126.6717542,인천광역시 미추홀구 인하로 213,인천 미추홀구 인하로 213
곧바로병원,병원,내과 신경과 정형외과 신경외과 영상의학과 직업환경의학과,PAIN_NEURO,"인천광역시 미추홀구 인주대로 458, 승현빌딩 지1,2~11층 (주안동)",미추홀구,1544-7800,37.4505417,126.6875325,인천광역시 미추홀구 인주대로 458,인천 미추홀구 인주대로 458
김가정의원,의원,가정의학과 소아청소년과 신경과 내과,PAIN_NEURO,인천광역시 미추홀구 독배로 431 (용현동),미추홀구,032-885-3588,37.45792912,126.6489993,인천광역시 미추홀구 독배로 431,인천 미추홀구 독배로 431
나누리병원,병원,재활의학과 영상의학과 마취통증의학과 신경외과 정형외과 신경과 내과,PAIN_NEURO,"인천광역시 미추홀구 인주대로 485 (주안동, 지2층 일부, 1~10층)",미추홀구,032-721-9716,37.45108116,126.6906588,인천광역시 미추홀구 인주대로 485,인천 미추홀구 인주대로 485
더나눔병원,병원,가정의학과 진단검사의학과 영상의학과 비뇨의학과 마취통증의학과 성형외과 정형외과 외과 신경과 내과,PAIN_NEURO,"인천광역시 미추홀구 독배로 408-1, 4~8층 (용현동)",미추홀구,032-888-7755,37.45581938,126.6501428,인천광역시 미추홀구 독배로 408-1,인천 미추홀구 독배로 408-1
도화본365의원,의원,응급의학과 피부과 이비인후과 소아청소년과 마취통증의학과 정형외과 내과,PAIN_NEURO,"인천광역시 미추홀구 숙골로87번길 5, 204동 2-22~31호 (도화동, 더샵 인천스카이타워 2단지)",미추홀구,032-721-7544,37.4694746,126.6632619,인천광역시 미추홀구 숙골로87번길 5,인천 미추홀구 숙골로87번길 5
도화신경외과의원,의원,가정의학과 재활의학과 영상의학과 비뇨의학과 피부과 이비인후과 안과 소아청소년과 마취통증의학과 심장혈관흉부외과 신경외과 정형외과 외과 내과,PAIN_NEURO,"인천광역시 미추홀구 숙골로 59 (도화동, 지하1층, 1층, 3층, 4층)",미추홀구,032-888-4975,37.46799576,126.6650953,인천광역시 미추홀구 숙골로 59,인천 미추홀구 숙골로 59
도화연세소아과의원,의원,소아청소년과 정형외과 가정의학과 내과 외과 신경과,PAIN_NEURO,인천광역시 미추홀구 석정로 300 (도화동),미추홀구,032-863-7004,37.46787183,126.668791,인천광역시 미추홀구 석정로 300,인천 미추홀구 석정로 300
리밸런스의원,의원,내과 정형외과 마취통증의학과 이비인후과 피부과 재활의학과 가정의학과,PAIN_NEURO,"인천광역시 미추홀구 경인로425번길 6, 신화빌딩 2층 (주안동)",미추홀구,032-434-8275,37.45831041,126.6876122,인천광역시 미추홀구 경인로425번길 6,인천 미추홀구 경인로425번길 6
맑은뇌신경과의원,의원,신경과,PAIN_NEURO,"인천광역시 미추홀구 주안로 107, 603호, 604호 (주안동)",미추홀구,032-421-3011,37.46428534,126.6817288,인천광역시 미추홀구 주안로 107,인천 미추홀구 주안로 107
미추홀숲요양병원,요양병원,내과 정형외과 마취통증의학과 피부과 재활의학과 가정의학과 한방내과,PAIN_NEURO,"인천광역시 미추홀구 한나루로 505 (용현동, 조흥빌딩 2층 ~6층)",미추홀구,032-873-0010,37.452019,126.6671705,인천광역시 미추홀구 한나루로 505,인천 미추홀구 한나루로 505
바로척정형외과의원,의원,가정의학과 재활의학과 마취통증의학과 신경외과 정형외과,PAIN_NEURO,인천광역시 미추홀구 독배로 420-1 (용현동),미추홀구,032-716-5570,37.45715375,126.6499246,인천광역시 미추홀구 독배로 420-1,인천 미추홀구 독배로 420-1
바른에스신경외과의원,의원,마취통증의학과 신경외과 정형외과,PAIN_NEURO,"인천광역시 미추홀구 미추홀대로 696, 태성빌딩, 1층일부호, 2층 (주안동)",미추홀구,032-719-7517,37.45956629,126.6804203,인천광역시 미추홀구 미추홀대로 696,인천 미추홀구 미추홀대로 696
박명주정형외과의원,의원,외과 정형외과 신경외과 마취통증의학과 영상의학과 재활의학과,PAIN_NEURO,"인천광역시 미추홀구 학익소로 66, 선정빌딩 지하1층, 3층, 6층 (학익동)",미추홀구,032-866-6611,37.44184925,126.6703384,인천광역시 미추홀구 학익소로 66,인천 미추홀구 학익소로 66
백선열정형외과의원,의원,내과 신경과 정형외과 소아청소년과 비뇨의학과 방사선종양학과 재활의학과,PAIN_NEURO,"인천광역시 미추홀구 아암대로 93, 1층~5층 (용현동)",미추홀구,032-891-0119,37.45337987,126.6332262,인천광역시 미추홀구 아암대로 93,인천 미추홀구 아암대로 93
삼성굿닥터정형외과의원,의원,재활의학과 마취통증의학과 신경외과 정형외과,PAIN_NEURO,"인천광역시 미추홀구 경원대로 858, 씨티프라자 5~6층 (주안동)",미추홀구,032-426-6889,37.4593647,126.6898433,인천광역시 미추홀구 경원대로 858,인천 미추홀구 경원대로 858
새건병원,병원,재활의학과 마취통증의학과 신경외과 정형외과 외과 내과,PAIN_NEURO,"인천광역시 미추홀구 경인로 430, 지1,2~9층 (주안동)",미추홀구,032-427-2800,37.45762472,126.6878756,인천광역시 미추홀구 경인로 430,인천 미추홀구 경인로 430
서울이왕병원,병원,가정의학과 재활의학과 진단검사의학과 영상의학과 마취통증의학과 신경외과 정형외과 내과,PAIN_NEURO,"인천광역시 미추홀구 미추홀대로 702, 효광빌딩 2,3,4,7,8층 (주안동)",미추홀구,032-233-9988,37.45996204,126.6806643,인천광역시 미추홀구 미추홀대로 702,인천 미추홀구 미추홀대로 702
서울튼튼재활의학과의원,의원,정형외과 신경외과 마취통증의학과 재활의학과,PAIN_NEURO,"인천광역시 미추홀구 남주길 150, 상가 2층 205,211~213,219~226호 (주안동, 힐스테이트 푸르지오 주안)",미추홀구,032-866-6688,37.45343014,126.6768057,인천광역시 미추홀구 남주길 150,인천 미추홀구 남주길 150
석바위바른신경외과의원,의원,재활의학과 마취통증의학과 신경외과 정형외과 내과,PAIN_NEURO,"인천광역시 미추홀구 경원대로 848, 주안태흥프라자 2층 일부층 (주안동)",미추홀구,032-441-0123,37.45843328,126.6898253,인천광역시 미추홀구 경원대로 848,인천 미추홀구 경원대로 848
석바위연세마취통증의학과의원,의원,마취통증의학과 정형외과 신경외과 재활의학과,PAIN_NEURO,"인천광역시 미추홀구 경인로 433, 석바위VIP클리닉 401~402호 (주안동)",미추홀구,032-427-0048,37.45823827,126.6884075,인천광역시 미추홀구 경인로 433,인천 미추홀구 경인로 433
성모마취통증의학과의원,의원,재활의학과 마취통증의학과 정형외과 내과,PAIN_NEURO,"인천광역시 미추홀구 인하로262번길 5, 2층 (주안동)",미추홀구,032-862-9488,37.44783584,126.6773907,인천광역시 미추홀구 인하로262번길 5,인천 미추홀구 인하로262번길 5
성모원탑병원,병원,정형외과 신경외과 마취통증의학과 내과 영상의학과,PAIN_NEURO,인천광역시 미추홀구 경인로 488 (주안동),미추홀구,032-421-0075,37.45933294,126.6939033,인천광역시 미추홀구 경인로 488,인천 미추홀구 경인로 488
성모프라임정형외과의원,의원,재활의학과 마취통증의학과 신경외과 정형외과,PAIN_NEURO,"인천광역시 미추홀구 독배로 399, 영광프라자 501~507호 (용현동)",미추홀구,032-891-7890,37.45538196,126.6491787,인천광역시 미추홀구 독배로 399,인천 미추홀구 독배로 399
세움요양병원,요양병원,가정의학과 외과 정형외과 내과 신경과 재활의학과 침구과,PAIN_NEURO,"인천광역시 미추홀구 아암대로 53, 3~10층 (용현동)",미추홀구,032-888-2300,37.45661955,126.6358522,인천광역시 미추홀구 아암대로 53,인천 미추홀구 아암대로 53
센텀재활의학과의원,의원,재활의학과 마취통증의학과 신경외과 정형외과,PAIN_NEURO,"인천광역시 미추홀구 매소홀로 355, 학익프라자 3층 307호 (학익동)",미추홀구,032-866-1001,37.4414509,126.6619763,인천광역시 미추홀구 매소홀로 355,인천 미추홀구 매소홀로 355
손신경외과의원,의원,신경외과 정형외과 신경과 내과 외과,PAIN_NEURO,인천광역시 미추홀구 경인로 293 (도화동),미추홀구,032-864-1987,37.46091394,126.6736327,인천광역시 미추홀구 경인로 293,인천 미추홀구 경인로 293
송마취통증의학과의원,의원,마취통증의학과 정형외과 재활의학과 신경과 신경외과,PAIN_NEURO,인천광역시 미추홀구 인하로 273 (주안동),미추홀구,032-876-7766,37.44833163,126.6785358,인천광역시 미추홀구 인하로 273,인천 미추홀구 인하로 273
숭의마디튼튼의원,의원,재활의학과 마취통증의학과 신경외과 정형외과,PAIN_NEURO,"인천광역시 미추홀구 인주대로 5, 힐스에비뉴스퀘어몰 A동 214~219호 (숭의동, 힐스테이트 숭의역)",미추홀구,032-719-4638,37.46135387,126.6388698,인천광역시 미추홀구 인주대로 5,인천 미추홀구 인주대로 5
신기찬마취통증의학과의원,의원,재활의학과 마취통증의학과 신경외과 정형외과,PAIN_NEURO,"인천광역시 미추홀구 미추홀대로 581, 6, 7층 (주안동)",미추홀구,032-875-7582,37.4493652,126.6793081,인천광역시 미추홀구 미추홀대로 581,인천 미추홀구 미추홀대로 581
신기탑365정형외과의원,의원,정형외과 마취통증의학과 재활의학과,PAIN_NEURO,"인천광역시 미추홀구 미추홀대로 551, 2층, 3층일부층 (주안동)",미추홀구,032-721-9887,37.44667584,126.6787021,인천광역시 미추홀구 미추홀대로 551,인천 미추홀구 미추홀대로 551
신한대바울요양병원,요양병원,한방내과 가정의학과 재활의학과 영상의학과 피부과 정형외과 외과 신경과 내과,PAIN_NEURO,"인천광역시 미추홀구 경인로 107 (숭의동, 지2층 ~ 8층)",미추홀구,032-223-7000,37.46653094,126.6544081,인천광역시 미추홀구 경인로 107,인천 미추홀구 경인로 107
연세예스내과의원,의원,내과 신경과 소아청소년과 이비인후과 피부과 비뇨의학과 가정의학과,PAIN_NEURO,"인천광역시 미추홀구 경인로 347, 국제빌딩 2층 (주안동)",미추홀구,032-866-6500,37.45880777,126.6787065,인천광역시 미추홀구 경인로 347,인천 미추홀구 경인로 347
연세통하다마취통증의학과의원,의원,정형외과 신경외과 내과 신경과 재활의학과 마취통증의학과,PAIN_NEURO,"인천광역시 미추홀구 주안로 219, 4층 (주안동)",미추홀구,032-426-7588,37.46387545,126.6943149,인천광역시 미추홀구 주안로 219,인천 미추홀구 주안로 219
연재활의학과의원,의원,재활의학과 정형외과 신경과 마취통증의학과 영상의학과,PAIN_NEURO,인천광역시 미추홀구 낙섬중로 49 (용현동),미추홀구,032-885-1075,37.45263897,126.6380776,인천광역시 미추홀구 낙섬중로 49,인천 미추홀구 낙섬중로 49
오름요양병원,요양병원,가정의학과 신경외과 외과 신경과 내과 한방내과 침구과,PAIN_NEURO,"인천광역시 미추홀구 한나루로 591, B1, 1, 3~6층 (도화동)",미추홀구,032-715-5886,37.45886475,126.6718357,인천광역시 미추홀구 한나루로 591,인천 미추홀구 한나루로 591
요셉마디의원,의원,정형외과 신경외과 마취통증의학과 재활의학과 내과,PAIN_NEURO,"인천광역시 미추홀구 인하로 275, 4층 (주안동)",미추홀구,032-865-2828,37.44831203,126.6787189,인천광역시 미추홀구 인하로 275,인천 미추홀구 인하로 275
유플러스정형외과의원,의원,재활의학과 마취통증의학과 신경외과 정형외과,PAIN_NEURO,"인천광역시 미추홀구 독배로317번길 29, 3,4층 (용현동)",미추홀구,032-861-8275,37.44775921,126.6468659,인천광역시 미추홀구 독배로317번길 29,인천 미추홀구 독배로317번길 29
인일요양병원,요양병원,침구과 가정의학과 재활의학과 신경외과 외과 신경과 내과,PAIN_NEURO,"인천광역시 미추홀구 미추홀대로 699 (주안동, 지하3층~9층)",미추홀구,032-863-0051,37.45997606,126.6798503,인천광역시 미추홀구 미추홀대로 699,인천 미추홀구 미추홀대로 699
인천드림요양병원,요양병원,내과 신경과 외과 정형외과 신경외과 소아청소년과 가정의학과 한방내과 침구과,PAIN_NEURO,"인천광역시 미추홀구 경인로 46, 상아빌딩 지2~9층 (숭의동)",미추홀구,032-887-7600,37.46417222,126.6482774,인천광역시 미추홀구 경인로 46,인천 미추홀구 경인로 46
인천메트로정형외과의원,의원,재활의학과 마취통증의학과 신경외과 정형외과,PAIN_NEURO,"인천광역시 미추홀구 용정공원로83번길 59, 드림빌딩 201~202호 (용현동)",미추홀구,032-887-1075,37.44750318,126.649363,인천광역시 미추홀구 용정공원로83번길 59,인천 미추홀구 용정공원로83번길 59
인천용현본튼튼의원,의원,정형외과 신경외과 재활의학과 마취통증의학과,PAIN_NEURO,"인천광역시 미추홀구 독배로 423, 1층 106~111호 (용현동)",미추홀구,032-889-8588,37.45737413,126.6492521,인천광역시 미추홀구 독배로 423,인천 미추홀구 독배로 423
인천위대한내과의원,의원,내과 신경과 소아청소년과 이비인후과 피부과 가정의학과 예방의학과,PAIN_NEURO,"인천광역시 미추홀구 독배로 399, 영광프라자 301~307호 (용현동)",미추홀구,032-888-7119,37.45538196,126.6491787,인천광역시 미추홀구 독배로 399,인천 미추홀구 독배로 399
정원마취통증의학과의원,의원,마취통증의학과 신경외과 정형외과,PAIN_NEURO,"인천광역시 미추홀구 낙섬서로 36, 2층층 (용현동)",미추홀구,032-887-9901,37.45258275,126.635584,인천광역시 미추홀구 낙섬서로 36,인천 미추홀구 낙섬서로 36
정항재신경과의원,의원,신경과,PAIN_NEURO,인천광역시 미추홀구 한나루로 411 (학익동),미추홀구,032-872-9200,37.44439265,126.6650291,인천광역시 미추홀구 한나루로 411,인천 미추홀구 한나루로 411
제이씨(JC)김내과의원,의원,내과 소아청소년과 피부과 비뇨의학과 신경과,PAIN_NEURO,인천광역시 미추홀구 미추홀대로 573 (주안동),미추홀구,032-872-2500,37.44853096,126.6793108,인천광역시 미추홀구 미추홀대로 573,인천 미추홀구 미추홀대로 573
주안더굿정형외과의원,의원,재활의학과 마취통증의학과 신경외과 정형외과,PAIN_NEURO,"인천광역시 미추홀구 미추홀대로 581, 4~5층 (주안동)",미추홀구,032-423-7652,37.4493652,126.6793081,인천광역시 미추홀구 미추홀대로 581,인천 미추홀구 미추홀대로 581
주안본튼튼의원,의원,재활의학과 마취통증의학과 신경외과 정형외과,PAIN_NEURO,"인천광역시 미추홀구 석정로 391, 5층 (주안동)",미추홀구,032-426-2875,37.4671702,126.6790025,인천광역시 미추홀구 석정로 391,인천 미추홀구 석정로 391
주안수마취통증의학과의원,의원,재활의학과 마취통증의학과 신경외과 정형외과,PAIN_NEURO,"인천광역시 미추홀구 인주대로418번길 3, 4층 (주안동)",미추홀구,032-425-8575,37.4508975,126.6832299,인천광역시 미추홀구 인주대로418번길 3,인천 미추홀구 인주대로418번길 3
주안역성모마디척의원,의원,정형외과 신경외과 마취통증의학과 재활의학과 가정의학과,PAIN_NEURO,"인천광역시 미추홀구 주안로 107, 401호 (주안동)",미추홀구,032-437-8882,37.46428534,126.6817288,인천광역시 미추홀구 주안로 107,인천 미추홀구 주안로 107
주안연세마취통증의학과의원,의원,마취통증의학과 정형외과 재활의학과 신경외과,PAIN_NEURO,인천광역시 미추홀구 제일로 38 (도화동),미추홀구,032-862-8882,37.45858353,126.6744006,인천광역시 미추홀구 제일로 38,인천 미추홀구 제일로 38
주안팔팔정형외과의원,의원,재활의학과 마취통증의학과 신경외과 정형외과,PAIN_NEURO,"인천광역시 미추홀구 인하로221번길 6, 다안빌딩 2층 (주안동)",미추홀구,032-719-8890,37.44869063,126.6729992,인천광역시 미추홀구 인하로221번길 6,인천 미추홀구 인하로221번길 6
주안퍼스트병원,병원,한방재활의학과 한방내과 피부과 소아청소년과 마취통증의학과 신경과 내과,PAIN_NEURO,"인천광역시 미추홀구 경원대로 768, 삼보빌딩 2~5층 (주안동)",미추홀구,032-719-7538,37.45129455,126.6901571,인천광역시 미추홀구 경원대로 768,인천 미추홀구 경원대로 768
차영덕마취통증의학과의원,의원,재활의학과 마취통증의학과 신경외과 정형외과,PAIN_NEURO,"인천광역시 미추홀구 미추홀대로 688, 3층 301.302호 (주안동)",미추홀구,032-437-6007,37.45872795,126.680671,인천광역시 미추홀구 미추홀대로 688,인천 미추홀구 미추홀대로 688
학익바른신경외과의원,의원,재활의학과 소아청소년과 마취통증의학과 신경외과 정형외과 외과 내과,PAIN_NEURO,"인천광역시 미추홀구 매소홀로 466, 2~3층층 (학익동)",미추홀구,032-719-8507,37.43934813,126.6736492,인천광역시 미추홀구 매소홀로 466,인천 미추홀구 매소홀로 466
한국보훈복지의료공단 인천보훈병원,병원,내과 신경과 외과 정형외과 신경외과 마취통증의학과 안과 이비인후과 피부과 비뇨의학과 영상의학과 진단검사의학과 재활의학과 가정의학과 구강악안면외과 치과보철과 치주과 치과보존과 예방치과,PAIN_NEURO,"인천광역시 미추홀구 인주대로 138, 인천보훈병원 지(1,2),1~7층 (용현동)",미추홀구,032-363-9800,37.45573831,126.6524418,인천광역시 미추홀구 인주대로 138,인천 미추홀구 인주대로 138
한마음가정의원,의원,가정의학과 재활의학과 비뇨의학과 피부과 이비인후과 소아청소년과 마취통증의학과 신경외과 정형외과 내과,PAIN_NEURO,"인천광역시 미추홀구 석정로 381, 3층 (주안동, 한마음의원)",미추홀구,032-567-7585,37.46728558,126.6778974,인천광역시 미추홀구 석정로 381,인천 미추홀구 석정로 381
해사랑마취통증의학과의원,의원,마취통증의학과 신경외과 정형외과 내과,PAIN_NEURO,인천광역시 미추홀구 미추홀대로 573 (주안동),미추홀구,032-866-7580,37.44853096,126.6793108,인천광역시 미추홀구 미추홀대로 573,인천 미추홀구 미추홀대로 573
허리편안마취통증의학과의원,의원,정형외과 신경외과 마취통증의학과,PAIN_NEURO,"인천광역시 미추홀구 미추홀대로 725, 광원빌딩 3층 (주안동)",미추홀구,032-867-8275,37.46218345,126.6799545,인천광역시 미추홀구 미추홀대로 725,인천 미추홀구 미추홀대로 725
현대유비스병원,종합병원,응급의학과 직업환경의학과 가정의학과 진단검사의학과 영상의학과 비뇨의학과 이비인후과 안과 소아청소년과 마취통증의학과 심장혈관흉부외과 신경외과 정형외과 외과 신경과 내과,PAIN_NEURO,인천광역시 미추홀구 독배로 503 (숭의동),미추홀구,032-888-7575,37.46161107,126.6430071,인천광역시 미추홀구 독배로 503,인천 미추홀구 독배로 503
88하내과의원,의원,이비인후과 마취통증의학과 신경외과 내과,PAIN_NEURO,"인천광역시 부평구 마장로 320, 한화프라자 4층 406, 407호 (산곡동)",부평구,032-226-8888,37.50659213,126.7036958,인천광역시 부평구 마장로 320,인천 부평구 마장로 320
고려마취통증의학과의원,의원,정형외과 신경외과 마취통증의학과,PAIN_NEURO,"인천광역시 부평구 부평대로 17, 7층 (부평동, 초이스빌딩)",부평구,032-719-4040,37.49288774,126.7227196,인천광역시 부평구 부평대로 17,인천 부평구 부평대로 17
나우리신경외과의원,의원,마취통증의학과 신경외과 정형외과,PAIN_NEURO,"인천광역시 부평구 청중로 61, 3층 (청천동)",부평구,032-361-3331,37.51769943,126.7040328,인천광역시 부평구 청중로 61,인천 부평구 청중로 61
나은내과의원,의원,내과 소아청소년과 이비인후과 마취통증의학과,PAIN_NEURO,"인천광역시 부평구 길주남로10번길 21, 202, 203, 204(일부), 205, 206호 (부평동, 래미안부평)",부평구,032-529-7588,37.50277778,126.7234855,인천광역시 부평구 길주남로10번길 21,인천 부평구 길주남로10번길 21
다나은365의원,의원,응급의학과 이비인후과 소아청소년과 마취통증의학과 정형외과 내과,PAIN_NEURO,"인천광역시 부평구 열우물로 64, 4층 401,402,407호 (십정동)",부평구,032-872-0365,37.47362529,126.6997775,인천광역시 부평구 열우물로 64,인천 부평구 열우물로 64
동신정형외과의원,의원,마취통증의학과 신경외과 정형외과 내과,PAIN_NEURO,"인천광역시 부평구 부평대로 113, 지하1, 지상1~2층 (부평동)",부평구,032-429-3600,37.50155552,126.7215095,인천광역시 부평구 부평대로 113,인천 부평구 부평대로 113
동암메트로마취통증의학과의원,의원,정형외과 신경외과 재활의학과 마취통증의학과,PAIN_NEURO,"인천광역시 부평구 동암광장로 14, 3, 4층 (십정동)",부평구,032-421-7511,37.47157547,126.7023295,인천광역시 부평구 동암광장로 14,인천 부평구 동암광장로 14
동암튼튼의원,의원,영상의학과 마취통증의학과 정형외과 내과,PAIN_NEURO,"인천광역시 부평구 아트센터로 40, 2층 (십정동)",부평구,032-864-5200,37.47156307,126.7034883,인천광역시 부평구 아트센터로 40,인천 부평구 아트센터로 40
두드림신경과의원,의원,재활의학과 영상의학과 이비인후과 마취통증의학과 정형외과 신경과 내과,PAIN_NEURO,"인천광역시 부평구 길주남로 35, 도형빌딩 3층 (부평동)",부평구,032-710-7128,37.50478154,126.7257354,인천광역시 부평구 길주남로 35,인천 부평구 길주남로 35
두림메디컬의원,의원,내과 신경과 소아청소년과 이비인후과 피부과 정형외과 신경외과,PAIN_NEURO,"인천광역시 부평구 부흥로 408, 2층 (부개동)",부평구,032-361-7765,37.49744385,126.7373053,인천광역시 부평구 부흥로 408,인천 부평구 부흥로 408
로로와내과의원,의원,내과 신경과 이비인후과 영상의학과 진단검사의학과 가정의학과,PAIN_NEURO,"인천광역시 부평구 부평문화로 87, 5층 501~508호 (부평동)",부평구,032-521-2022,37.49447457,126.7258778,인천광역시 부평구 부평문화로 87,인천 부평구 부평문화로 87
리더스영상의학과의원,의원,가정의학과 영상의학과 비뇨의학과 피부과 이비인후과 소아청소년과 심장혈관흉부외과 신경외과 정형외과 외과 신경과 내과,PAIN_NEURO,"인천광역시 부평구 체육관로 30, 삼산동 이리옴프라자 5층 501, 503, 504, 505호 (삼산동)",부평구,032-546-4161,37.50830591,126.7348156,인천광역시 부평구 체육관로 30,인천 부평구 체육관로 30
리솜사랑의원,의원,피부과 정형외과 소아청소년과 내과 마취통증의학과,PAIN_NEURO,"인천광역시 부평구 후정로 33, 근린생활시설동 2층 201~205호 (삼산동, 부평삼산 신원아침도시)",부평구,032-522-7582,37.52037475,126.736473,인천광역시 부평구 후정로 33,인천 부평구 후정로 33
모두탑365정형외과의원,의원,내과 신경과 정형외과 신경외과 마취통증의학과 소아청소년과 이비인후과 피부과 재활의학과 가정의학과,PAIN_NEURO,"인천광역시 부평구 경인로 947, 5층 (부평동, 태성메디칼)",부평구,032-362-7800,37.48784755,126.724931,인천광역시 부평구 경인로 947,인천 부평구 경인로 947
모두튼튼의원,의원,가정의학과 재활의학과 마취통증의학과 신경외과 정형외과 외과 내과,PAIN_NEURO,"인천광역시 부평구 길주로494번길 25, 3층 (청천동)",부평구,032-362-8275,37.5064748,126.7171031,인천광역시 부평구 길주로494번길 25,인천 부평구 길주로494번길 25
미앤유의원,의원,내과 신경과 정형외과 신경외과 성형외과 소아청소년과 피부과 비뇨의학과 재활의학과 진단검사의학과,PAIN_NEURO,"인천광역시 부평구 마장로242번길 19, 3층 (산곡동)",부평구,032-528-3600,37.49973157,126.7037844,인천광역시 부평구 마장로242번길 19,인천 부평구 마장로242번길 19
바른길정형외과의원,의원,재활의학과 영상의학과 비뇨의학과 피부과 마취통증의학과 신경외과 정형외과 외과 내과,PAIN_NEURO,"인천광역시 부평구 열우물로 75, 지하1층,지상2~5층 (십정동)",부평구,032-423-8700,37.47405394,126.698447,인천광역시 부평구 열우물로 75,인천 부평구 열우물로 75
바른신경외과의원,의원,가정의학과 재활의학과 진단검사의학과 병리과 영상의학과 비뇨의학과 피부과 이비인후과 안과 마취통증의학과 심장혈관흉부외과 신경외과 정형외과 외과 신경과 내과,PAIN_NEURO,"인천광역시 부평구 평천로 402, 영통빌딩 2, 3층 (삼산동)",부평구,032-523-7585,37.51715015,126.7349386,인천광역시 부평구 평천로 402,인천 부평구 평천로 402
뱅뱅이비인후과의원,의원,이비인후과 소아청소년과 신경과 내과,PAIN_NEURO,"인천광역시 부평구 부평대로 67, 501호 일부호, 701호 일부호 (부평동)",부평구,032-501-8883,37.4974022,126.7220215,인천광역시 부평구 부평대로 67,인천 부평구 부평대로 67
부개역쿰정형외과의원,의원,재활의학과 마취통증의학과 신경외과 정형외과,PAIN_NEURO,"인천광역시 부평구 부일로 87, 송신빌딩 3층 301호 (부개동)",부평구,032-721-7541,37.48899384,126.7397363,인천광역시 부평구 부일로 87,인천 부평구 부일로 87
부개연세재활의학과의원,의원,재활의학과 마취통증의학과 신경외과 정형외과,PAIN_NEURO,"인천광역시 부평구 길주남로 157, 태성프라자 7층 (부개동)",부평구,032-361-2000,37.50401305,126.7392907,인천광역시 부평구 길주남로 157,인천 부평구 길주남로 157
부평국민정형외과의원,의원,정형외과 신경외과 재활의학과 마취통증의학과,PAIN_NEURO,"인천광역시 부평구 부평대로 20, 8층 (부평동)",부평구,032-525-7070,37.49327941,126.7233735,인천광역시 부평구 부평대로 20,인천 부평구 부평대로 20
부평그린마취통증의학과의원,의원,재활의학과 마취통증의학과 신경외과 정형외과,PAIN_NEURO,"인천광역시 부평구 부평문화로 55, 와이디타워 201, 202, 602호 (부평동)",부평구,032-515-8875,37.49427074,126.72228,인천광역시 부평구 부평문화로 55,인천 부평구 부평문화로 55
부평닥터스신경외과의원,의원,내과 정형외과 신경외과 마취통증의학과 재활의학과,PAIN_NEURO,"인천광역시 부평구 부흥로 351, 2층 (부평동)",부평구,032-506-3330,37.49861852,126.7311912,인천광역시 부평구 부흥로 351,인천 부평구 부흥로 351
부평더편한정형외과의원,의원,가정의학과 재활의학과 영상의학과 소아청소년과 마취통증의학과 신경외과 정형외과 외과 신경과 내과,PAIN_NEURO,"인천광역시 부평구 평천로 302, 지하1층, 2~5층 (갈산동)",부평구,032-516-2004,37.51688776,126.7238805,인천광역시 부평구 평천로 302,인천 부평구 평천로 302
부평드림재활의학과의원,의원,정형외과 신경외과 마취통증의학과 재활의학과,PAIN_NEURO,"인천광역시 부평구 부평대로 21, 금남빌딩 4층 401호, 402(일부)호 (부평동)",부평구,032-502-7975,37.49326606,126.7222914,인천광역시 부평구 부평대로 21,인천 부평구 부평대로 21
부평백마정형외과의원,의원,재활의학과 마취통증의학과 신경외과 정형외과,PAIN_NEURO,"인천광역시 부평구 원적로 392, 백마타운 2층 201, 202호 (산곡동)",부평구,032-529-6119,37.50368938,126.7099832,인천광역시 부평구 원적로 392,인천 부평구 원적로 392
부평베스트튼튼의원,의원,재활의학과 마취통증의학과 신경외과 정형외과,PAIN_NEURO,"인천광역시 부평구 부평대로 24, 가나빌딩 6층 (부평동)",부평구,032-330-2220,37.4935564,126.7233083,인천광역시 부평구 부평대로 24,인천 부평구 부평대로 24
부평삼산마취통증의학과의원,의원,재활의학과 마취통증의학과 신경외과 정형외과,PAIN_NEURO,"인천광역시 부평구 길주로 633, 삼산메디캐슬 202호 (삼산동)",부평구,032-676-8275,37.50729929,126.7328853,인천광역시 부평구 길주로 633,인천 부평구 길주로 633
부평스마일마취통증의학과의원,의원,정형외과 신경외과 재활의학과 마취통증의학과,PAIN_NEURO,"인천광역시 부평구 시장로 48, 4층 (부평동)",부평구,032-361-1275,37.49469606,126.7272482,인천광역시 부평구 시장로 48,인천 부평구 시장로 48
부평탑내과의원,의원,가정의학과 비뇨의학과 이비인후과 소아청소년과 신경과 내과,PAIN_NEURO,"인천광역시 부평구 시장로 48, 2층 204,205호 (부평동)",부평구,032-508-7588,37.49469606,126.7272482,인천광역시 부평구 시장로 48,인천 부평구 시장로 48
부평탑재활의학과의원,의원,재활의학과 마취통증의학과 신경외과 정형외과 내과,PAIN_NEURO,"인천광역시 부평구 굴포로 48, 4층 (갈산동)",부평구,032-527-8275,37.51155501,126.7262817,인천광역시 부평구 굴포로 48,인천 부평구 굴포로 48
부평현대통증의학과의원,의원,정형외과 신경외과 마취통증의학과 피부과 재활의학과,PAIN_NEURO,"인천광역시 부평구 마장로 334, 3층 302호, 303호 (산곡동)",부평구,032-507-7119,37.50781061,126.7038629,인천광역시 부평구 마장로 334,인천 부평구 마장로 334
산곡역봉정형외과의원,의원,재활의학과 마취통증의학과 신경외과 정형외과,PAIN_NEURO,"인천광역시 부평구 마장로 338, 3층 (산곡동)",부평구,032-519-0101,37.50808694,126.7038245,인천광역시 부평구 마장로 338,인천 부평구 마장로 338
산곡탑정형외과의원,의원,재활의학과 진단검사의학과 비뇨의학과 마취통증의학과 심장혈관흉부외과 신경외과 정형외과 외과 내과,PAIN_NEURO,"인천광역시 부평구 길주로364번길 9, 2층 216, 222, 223, 229 ~ 232호 (산곡동, 부평 IPARK)",부평구,032-506-1030,37.50814234,126.7028863,인천광역시 부평구 길주로364번길 9,인천 부평구 길주로364번길 9
삼성의원,의원,내과 외과 소아청소년과 정형외과 피부과 마취통증의학과,PAIN_NEURO,"인천광역시 부평구 주부토로 112, 2,3층 (부평동)",부평구,032-523-0093,37.50498041,126.7257829,인천광역시 부평구 주부토로 112,인천 부평구 주부토로 112
삼성정형외과의원,의원,가정의학과 재활의학과 영상의학과 비뇨의학과 피부과 이비인후과 소아청소년과 마취통증의학과 성형외과 신경외과 정형외과 외과 내과,PAIN_NEURO,"인천광역시 부평구 마장로 82, 5층 일부호 (십정동)",부평구,032-512-6489,37.4860564,126.7082733,인천광역시 부평구 마장로 82,인천 부평구 마장로 82
서기홍마취통증의학과의원,의원,마취통증의학과 정형외과 신경외과,PAIN_NEURO,"인천광역시 부평구 부평대로 51, 2층 (부평동)",부평구,032-501-1011,37.49606586,126.7221852,인천광역시 부평구 부평대로 51,인천 부평구 부평대로 51
서울근본통내과의원,의원,마취통증의학과 정형외과 내과,PAIN_NEURO,"인천광역시 부평구 체육관로 24, 청호빌딩 403,404호 (삼산동)",부평구,032-502-8275,37.50832409,126.7342849,인천광역시 부평구 체육관로 24,인천 부평구 체육관로 24
서울든든내과의원,의원,가정의학과 비뇨의학과 이비인후과 소아청소년과 신경과 내과,PAIN_NEURO,"인천광역시 부평구 부평대로 83, 강남타워 6층 (부평동)",부평구,032-710-8778,37.49894675,126.7217341,인천광역시 부평구 부평대로 83,인천 부평구 부평대로 83
서울바른마디365의원,의원,재활의학과 마취통증의학과 신경외과 정형외과 내과,PAIN_NEURO,"인천광역시 부평구 부평대로 9, 문화드림빌 201,202호 (부평동)",부평구,032-299-1234,37.49210444,126.7225793,인천광역시 부평구 부평대로 9,인천 부평구 부평대로 9
서울베스트정형외과의원,의원,재활의학과 마취통증의학과 신경외과 정형외과,PAIN_NEURO,"인천광역시 부평구 길주로 643, 명윤빌딩 3층 (삼산동)",부평구,032-516-7511,37.50722106,126.7341955,인천광역시 부평구 길주로 643,인천 부평구 길주로 643
서울아산가정의학과의원,의원,가정의학과 재활의학과 마취통증의학과 정형외과 내과,PAIN_NEURO,"인천광역시 부평구 부영로189번길 51, 오남프라자 507호, 508(일부)호 (산곡동)",부평구,032-719-4037,37.50211844,126.7129151,인천광역시 부평구 부영로189번길 51,인천 부평구 부영로189번길 51
서울안아픈세상의원,의원,비뇨의학과 피부과 마취통증의학과 정형외과 내과,PAIN_NEURO,"인천광역시 부평구 체육관로 38 (삼산동, 세원빌딩)",부평구,032-521-5433,37.50825505,126.7358015,인천광역시 부평구 체육관로 38,인천 부평구 체육관로 38
서울웰빙정형외과의원,의원,소아청소년과 내과 정형외과 외과 신경과 신경외과 피부과 비뇨의학과 성형외과,PAIN_NEURO,인천광역시 부평구 마장로 156 (산곡동),부평구,032-515-7575,37.49216045,126.7049019,인천광역시 부평구 마장로 156,인천 부평구 마장로 156
서울중앙의원,의원,내과 소아청소년과 이비인후과 정형외과 마취통증의학과 피부과 비뇨의학과 안과 가정의학과,PAIN_NEURO,"인천광역시 부평구 길주남로 113, 2층 (부개동)",부평구,032-513-8575,37.50418769,126.7342913,인천광역시 부평구 길주남로 113,인천 부평구 길주남로 113
성모누리의원,의원,재활의학과 비뇨의학과 피부과 이비인후과 마취통증의학과 신경외과 정형외과 내과,PAIN_NEURO,"인천광역시 부평구 세월천로 35, 명성월드프라자 3층 301~304호 (청천동)",부평구,032-525-7773,37.51261678,126.705468,인천광역시 부평구 세월천로 35,인천 부평구 세월천로 35
성모하와유외과의원,의원,가정의학과 피부과 마취통증의학과 성형외과 심장혈관흉부외과 신경외과 정형외과 외과 내과,PAIN_NEURO,"인천광역시 부평구 부평문화로 55, 와이디타워 11층 (부평동)",부평구,032-262-7475,37.49427074,126.72228,인천광역시 부평구 부평문화로 55,인천 부평구 부평문화로 55
에이스가정의원,의원,내과 신경과 외과 정형외과 소아청소년과 이비인후과 피부과 비뇨의학과 영상의학과 진단검사의학과 재활의학과 가정의학과,PAIN_NEURO,인천광역시 부평구 마장로242번길 5 (산곡동),부평구,032-507-2140,37.49979553,126.7030261,인천광역시 부평구 마장로242번길 5,인천 부평구 마장로242번길 5
연세리더스정형외과의원,의원,재활의학과 마취통증의학과 신경외과 정형외과,PAIN_NEURO,"인천광역시 부평구 부평대로 67, 3, 4층 (부평동)",부평구,032-523-1175,37.4974022,126.7220215,인천광역시 부평구 부평대로 67,인천 부평구 부평대로 67
연세마취통증의학과의원,의원,내과 마취통증의학과 신경외과 정형외과 재활의학과,PAIN_NEURO,"인천광역시 부평구 부평문화로 96, 4, 5층 (부평동)",부평구,032-514-7585,37.49415151,126.7270212,인천광역시 부평구 부평문화로 96,인천 부평구 부평문화로 96
연세백퍼센트병원,병원,이비인후과 가정의학과 영상의학과 외과 정형외과 신경외과 소아청소년과 내과 재활의학과 진단검사의학과 마취통증의학과,PAIN_NEURO,"인천광역시 부평구 부평문화로 87, 7~9층 10층 일부(1001~1005, 1007~1008)호 (부평동)",부평구,1533-1017,37.49447457,126.7258778,인천광역시 부평구 부평문화로 87,인천 부평구 부평문화로 87
연세신동정형외과의원,의원,가정의학과 영상의학과 마취통증의학과 신경외과 정형외과 외과,PAIN_NEURO,"인천광역시 부평구 장제로 137, 5, 6층 (부평동)",부평구,032-517-1113,37.49745288,126.7298829,인천광역시 부평구 장제로 137,인천 부평구 장제로 137
연세정형외과의원,의원,영상의학과 비뇨의학과 피부과 이비인후과 정형외과 외과 신경과 내과,PAIN_NEURO,"인천광역시 부평구 경원대로 1409, 반석빌딩 2층 (부평동)",부평구,032-524-7111,37.4915631,126.7256979,인천광역시 부평구 경원대로 1409,인천 부평구 경원대로 1409
연세코아내과의원,의원,비뇨의학과 피부과 이비인후과 소아청소년과 신경과 내과,PAIN_NEURO,"인천광역시 부평구 광장로 4, 5층 (부평동)",부평구,032-721-6558,37.49105116,126.7225409,인천광역시 부평구 광장로 4,인천 부평구 광장로 4
연세필정형외과의원,의원,정형외과 신경외과 마취통증의학과 내과 재활의학과,PAIN_NEURO,인천광역시 부평구 동수천로 112 (부개동),부평구,032-529-7582,37.49540444,126.7370286,인천광역시 부평구 동수천로 112,인천 부평구 동수천로 112
예스가정의학과의원,의원,가정의학과 내과 소아청소년과 이비인후과 피부과 비뇨의학과 정형외과 마취통증의학과 신경과 병리과,PAIN_NEURO,"인천광역시 부평구 부흥로 247, 3층 (부평동)",부평구,032-330-8275,37.49901359,126.71929,인천광역시 부평구 부흥로 247,인천 부평구 부흥로 247
오늘마취통증의학과의원,의원,마취통증의학과 신경외과 정형외과,PAIN_NEURO,"인천광역시 부평구 마곡로 14, 1층 105~111호 (산곡동, 부평두산위브더파크)",부평구,032-710-0758,37.5131806,126.6991291,인천광역시 부평구 마곡로 14,인천 부평구 마곡로 14
우리가정의학과의원,의원,가정의학과 비뇨의학과 피부과 이비인후과 소아청소년과 마취통증의학과 정형외과 외과 신경과 내과,PAIN_NEURO,"인천광역시 부평구 마장로 387, 청원빌딩 2층 (산곡동)",부평구,032-529-8275,37.51276061,126.7036074,인천광역시 부평구 마장로 387,인천 부평구 마장로 387
우리마취통증의학과의원,의원,재활의학과 마취통증의학과 신경외과 정형외과 내과,PAIN_NEURO,인천광역시 부평구 경원대로 1234 (산곡동),부평구,032-511-7580,37.4868836,126.7082325,인천광역시 부평구 경원대로 1234,인천 부평구 경원대로 1234
원더이비인후과의원,의원,이비인후과 소아청소년과 성형외과 내과 마취통증의학과 피부과,PAIN_NEURO,"인천광역시 부평구 부평대로 19-1, 도시프라자빌딩 2층 일부호 (부평동)",부평구,032-330-2275,37.49315534,126.7224884,인천광역시 부평구 부평대로 19-1,인천 부평구 부평대로 19-1
의)상원의료재단부평힘찬병원,병원,진단검사의학과 영상의학과 마취통증의학과 신경외과 정형외과 내과,PAIN_NEURO,인천광역시 부평구 장제로 78 (부평동),부평구,032-363-9121,37.49244992,126.7302226,인천광역시 부평구 장제로 78,인천 부평구 장제로 78
의료법인예현의료재단동암세종의원,의원,재활의학과 비뇨의학과 피부과 마취통증의학과 신경외과 정형외과 내과,PAIN_NEURO,"인천광역시 부평구 열우물로 51, 동화메디칼 3, 4층 (십정동)",부평구,032-421-2203.4,37.47244425,126.7000615,인천광역시 부평구 열우물로 51,인천 부평구 열우물로 51
의료법인한길의료재단한길안과병원,병원,안과 마취통증의학과 내과,PAIN_NEURO,"인천광역시 부평구 부평대로 35, 1층일부,2층~10층 (부평동, 정명빌딩)",부평구,032-503-3322,37.49455085,126.7223504,인천광역시 부평구 부평대로 35,인천 부평구 부평대로 35
인천동진의원,의원,내과 소아청소년과 이비인후과 외과 피부과 정형외과 비뇨의학과 신경외과 마취통증의학과,PAIN_NEURO,"인천광역시 부평구 경인로1118번길 14-7, 2층 (일신동)",부평구,032-503-0991,37.48472019,126.7432795,인천광역시 부평구 경인로1118번길 14-7,인천 부평구 경인로1118번길 14-7
인천본튼튼마취통증의학과의원,의원,재활의학과 마취통증의학과 신경외과 정형외과,PAIN_NEURO,"인천광역시 부평구 부흥로 281, 3층 301~303호 (부평동)",부평구,032-511-7582,37.49886888,126.7231045,인천광역시 부평구 부흥로 281,인천 부평구 부흥로 281
인천성모내과의원,의원,내과 소아청소년과 신경과 이비인후과 피부과 비뇨의학과 영상의학과,PAIN_NEURO,"인천광역시 부평구 부평문화로 55, 203호, 302호, 303호, 와이디타워 (부평동)",부평구,1855-1875,37.49427074,126.72228,인천광역시 부평구 부평문화로 55,인천 부평구 부평문화로 55
인천어바웃유외과의원,의원,영상의학과 피부과 이비인후과 마취통증의학과 성형외과 외과 내과,PAIN_NEURO,"인천광역시 부평구 경원대로 1415, 304호 (부평동, 파라움)",부평구,032-362-1717,37.49157065,126.7263139,인천광역시 부평구 경원대로 1415,인천 부평구 경원대로 1415
자애내과의원,의원,소아청소년과 내과 이비인후과 신경과 피부과 비뇨의학과,PAIN_NEURO,"인천광역시 부평구 부평대로 90, 여산빌딩 A동 602호 (부평동)",부평구,032-529-1002,37.49955599,126.7224547,인천광역시 부평구 부평대로 90,인천 부평구 부평대로 90
장이편한내과의원,의원,비뇨의학과 피부과 이비인후과 소아청소년과 신경과 내과,PAIN_NEURO,"인천광역시 부평구 산청로 97, 상가4동 2층 410~419호 (청천동, e편한세상부평그랑힐스)",부평구,032-523-7582,37.51900734,126.7009636,인천광역시 부평구 산청로 97,인천 부평구 산청로 97
제일성심의원,의원,내과 소아청소년과 정형외과 마취통증의학과,PAIN_NEURO,인천광역시 부평구 경인로1024번길 42 (부개동),부평구,032-519-9493,37.48504716,126.733113,인천광역시 부평구 경인로1024번길 42,인천 부평구 경인로1024번길 42
코뿔소마취통증의학과의원,의원,마취통증의학과 신경외과 정형외과,PAIN_NEURO,"인천광역시 부평구 경원대로 1246, 동심빌딩 5층 (산곡동)",부평구,032-361-1311,37.48793615,126.7090708,인천광역시 부평구 경원대로 1246,인천 부평구 경원대로 1246
키더한성장부평중앙의원,의원,피부과 소아청소년과 마취통증의학과 성형외과 정형외과 내과,PAIN_NEURO,"인천광역시 부평구 부평대로 93, 1층 (부평동)",부평구,032-513-5500,37.49968005,126.7216101,인천광역시 부평구 부평대로 93,인천 부평구 부평대로 93
타임의원,의원,내과 외과 가정의학과 마취통증의학과 피부과 성형외과,PAIN_NEURO,"인천광역시 부평구 경원대로 1405, 타임피부과빌딩 2층 (부평동)",부평구,032-518-0005,37.4915561,126.7253238,인천광역시 부평구 경원대로 1405,인천 부평구 경원대로 1405
푸른솔신경과의원,의원,신경과 내과 신경외과 소아청소년과 재활의학과,PAIN_NEURO,인천광역시 부평구 경원대로 1436 (부평동),부평구,032-518-3080,37.49087292,126.7285028,인천광역시 부평구 경원대로 1436,인천 부평구 경원대로 1436
한튼튼재활의학과의원,의원,가정의학과 재활의학과 마취통증의학과 신경외과 정형외과,PAIN_NEURO,"인천광역시 부평구 길주로 635, 엘림타워 401, 403호 (삼산동)",부평구,032-519-7500,37.50727931,126.7332137,인천광역시 부평구 길주로 635,인천 부평구 길주로 635
해사랑마취통증의학과의원,의원,정형외과 신경외과 마취통증의학과,PAIN_NEURO,"인천광역시 부평구 부평문화로 55 (부평동, 와이디타워)",부평구,032-512-7580,37.49427074,126.72228,인천광역시 부평구 부평문화로 55,인천 부평구 부평문화로 55
혜성정형외과의원,의원,재활의학과 영상의학과 마취통증의학과 신경외과 정형외과,PAIN_NEURO,"인천광역시 부평구 원적로 434, 5층 (산곡동, 혜성프라자)",부평구,032-715-4166,37.50332115,126.7146091,인천광역시 부평구 원적로 434,인천 부평구 원적로 434
휴먼본정형외과의원,의원,재활의학과 마취통증의학과 신경외과 정형외과 내과,PAIN_NEURO,"인천광역시 부평구 부평대로 83, 강남타워 401, 402, 403, 501호 (부평동)",부평구,032-272-7979,37.49894675,126.7217341,인천광역시 부평구 부평대로 83,인천 부평구 부평대로 83
365검단열린의원,의원,가정의학과 비뇨의학과 피부과 이비인후과 소아청소년과 마취통증의학과 신경외과 정형외과 외과 신경과 내과,PAIN_NEURO,"인천광역시 서구 단봉로 97-7, 3층 305, 306호 (오류동, 오류센터프라자)",서구,032-561-0365,37.59659285,126.6402396,인천광역시 서구 단봉로 97-7,인천 서구 단봉로 97-7
365마디팔팔의원,의원,응급의학과 재활의학과 마취통증의학과 신경외과 정형외과,PAIN_NEURO,"인천광역시 서구 이음1로 383, 세중시그니쳐 607~611호 (원당동)",서구,032-710-6468,37.59467984,126.71677,인천광역시 서구 이음1로 383,인천 서구 이음1로 383
365앨리스의원,의원,내과 외과 정형외과 마취통증의학과 소아청소년과 피부과 가정의학과,PAIN_NEURO,"인천광역시 서구 서곶로 45, 2002호 (가정동, 루원 린스트라우스 더 린시티)",서구,032-572-2007,37.52171875,126.6783127,인천광역시 서구 서곶로 45,인천 서구 서곶로 45
가정신현탑본정형외과의원,의원,응급의학과 가정의학과 재활의학과 이비인후과 소아청소년과 마취통증의학과 신경외과 정형외과 신경과 내과,PAIN_NEURO,"인천광역시 서구 가정로 369, 서경 플러스 존 3층 304호 (신현동)",서구,032-719-7557,37.51795748,126.6725561,인천광역시 서구 가정로 369,인천 서구 가정로 369
가좌신경외과의원,의원,내과 외과 정형외과 소아청소년과 피부과 비뇨의학과 이비인후과 마취통증의학과,PAIN_NEURO,"인천광역시 서구 원적로 103, 2층 (가좌동)",서구,032-577-4215,37.49565681,126.6826955,인천광역시 서구 원적로 103,인천 서구 원적로 103
가좌연세정형외과의원,의원,내과 외과 신경과 정형외과 신경외과 소아청소년과 피부과 비뇨의학과 영상의학과 재활의학과,PAIN_NEURO,인천광역시 서구 장고개로337번길 7 (가좌동),서구,032-297-1001,37.49277897,126.6860202,인천광역시 서구 장고개로337번길 7,인천 서구 장고개로337번길 7
강남의원,의원,내과 마취통증의학과 응급의학과 신경외과 정형외과 소아청소년과,PAIN_NEURO,"인천광역시 서구 가정로 308, 301호,302호 일부호 (석남동, 석남프라자)",서구,032-574-7582,37.51236418,126.6728536,인천광역시 서구 가정로 308,인천 서구 가정로 308
검단더굿정형외과의원,의원,재활의학과 마취통증의학과 신경외과 정형외과 내과,PAIN_NEURO,"인천광역시 서구 이음대로 392, 메트로시티 213~215호,508~510호 (원당동)",서구,032-567-4001,37.59260734,126.7127256,인천광역시 서구 이음대로 392,인천 서구 이음대로 392
검단바로본365의원,의원,응급의학과 소아청소년과 마취통증의학과 신경외과 정형외과 신경과 내과,PAIN_NEURO,"인천광역시 서구 완정로178번길 1, 검단빌딩 (마전동)",서구,032-569-3650,37.60273949,126.6567331,인천광역시 서구 완정로178번길 1,인천 서구 완정로178번길 1
검단바른정형외과의원,의원,정형외과 신경외과 마취통증의학과 재활의학과 응급의학과,PAIN_NEURO,"인천광역시 서구 서로3로 104, 신화디벨로퍼 2,5층 (당하동)",서구,032-719-9998,37.58883157,126.7076978,인천광역시 서구 서로3로 104,인천 서구 서로3로 104
검단본정형외과의원,의원,재활의학과 마취통증의학과 신경외과 정형외과,PAIN_NEURO,"인천광역시 서구 서로3로 112, 4층 401~408호 (당하동)",서구,032-715-8314,37.58967293,126.7077052,인천광역시 서구 서로3로 112,인천 서구 서로3로 112
검단서유승내과의원,의원,가정의학과 피부과 이비인후과 신경과 내과,PAIN_NEURO,"인천광역시 서구 완정로 153, 이레메디칼센타 3층 (왕길동)",서구,032-568-4588,37.60141611,126.6587815,인천광역시 서구 완정로 153,인천 서구 완정로 153
검단연세정형외과의원,의원,정형외과 신경외과 마취통증의학과 소아청소년과 재활의학과 가정의학과,PAIN_NEURO,"인천광역시 서구 고산후로 222, 푸리마더타워 605~613호 (불로동)",서구,032-561-3201,37.60347712,126.6989132,인천광역시 서구 고산후로 222,인천 서구 고산후로 222
검단연합의원,의원,마취통증의학과 정형외과 재활의학과 내과 이비인후과 소아청소년과,PAIN_NEURO,"인천광역시 서구 원당대로 660, 401호,402호 일부호 (당하동, 영프라자)",서구,032-569-8823,37.59328881,126.6742976,인천광역시 서구 원당대로 660,인천 서구 원당대로 660
검단이엠365의원,의원,내과 정형외과 마취통증의학과 소아청소년과 이비인후과 가정의학과 응급의학과,PAIN_NEURO,"인천광역시 서구 이음5로 30, 연세프라자9 2,3층 206~214, 305~314호 (원당동)",서구,032-568-5011,37.59380167,126.7109093,인천광역시 서구 이음5로 30,인천 서구 이음5로 30
검단이화연합의원,의원,가정의학과 피부과 이비인후과 마취통증의학과 정형외과 외과 내과,PAIN_NEURO,"인천광역시 서구 이음5로 80, 검단퍼스트 5층 (원당동)",서구,032-277-0705,37.5952563,126.7163203,인천광역시 서구 이음5로 80,인천 서구 이음5로 80
검단정형외과의원,의원,재활의학과 마취통증의학과 신경외과 정형외과,PAIN_NEURO,"인천광역시 서구 이음대로 378, 로뎀타워 705~709호 (원당동)",서구,032-561-6122,37.59391923,126.7125959,인천광역시 서구 이음대로 378,인천 서구 이음대로 378
고려재활의학과의원,의원,재활의학과  마취통증의학과 신경외과 정형외과,PAIN_NEURO,"인천광역시 서구 염곡로464번길 15, 쓰리엠타워 5층 (가정동)",서구,032-564-8833,37.52636703,126.6710931,인천광역시 서구 염곡로464번길 15,인천 서구 염곡로464번길 15
고은미래의원,의원,피부과 성형외과 내과 외과 정형외과 소아청소년과 마취통증의학과,PAIN_NEURO,"인천광역시 서구 원적로 85, 4층 (가좌동, 우신프라자)",서구,032-579-7677,37.49456898,126.6814058,인천광역시 서구 원적로 85,인천 서구 원적로 85
골드정형외과의원,의원,외과 정형외과 신경외과 마취통증의학과 재활의학과 가정의학과,PAIN_NEURO,"인천광역시 서구 고산후로 221, 엠파이어빌딩 701~705호 (불로동)",서구,1800-7587,37.60344844,126.6981603,인천광역시 서구 고산후로 221,인천 서구 고산후로 221
공감마취통증의학과의원,의원,마취통증의학과 신경외과 정형외과,PAIN_NEURO,"인천광역시 서구 완정로 172, 301, 302호 (마전동)",서구,032-710-7588,37.6026005,126.6574269,인천광역시 서구 완정로 172,인천 서구 완정로 172
김성철신경외과의원,의원,내과 신경과 신경외과 소아청소년과 비뇨의학과 영상의학과 재활의학과,PAIN_NEURO,"인천광역시 서구 가정로 287, 지하1층~1층 (석남동)",서구,032-583-7582,37.51045414,126.6722665,인천광역시 서구 가정로 287,인천 서구 가정로 287
나무요양병원,요양병원,한방내과 가정의학과 비뇨의학과 피부과 신경외과 정형외과 외과 신경과 내과,PAIN_NEURO,"인천광역시 서구 고산후로121번길 19, 새롬프라자 1~5층 (원당동)",서구,032-569-7175,37.59457407,126.6971057,인천광역시 서구 고산후로121번길 19,인천 서구 고산후로121번길 19
노송병원,병원,정형외과 신경외과 내과 영상의학과 마취통증의학과 진단검사의학과,PAIN_NEURO,"인천광역시 서구 가정로 280, 2~5층, 7층 (석남동)",서구,032-516-5000,37.50966733,126.6728633,인천광역시 서구 가정로 280,인천 서구 가정로 280
다봄내과의원,의원,내과 가정의학과 소아청소년과 피부과 이비인후과 정형외과 재활의학과 외과 비뇨의학과 마취통증의학과 성형외과,PAIN_NEURO,"인천광역시 서구 승학로 491, 3층 (검암동, 고산빌딩)",서구,032-564-1575,37.56548703,126.6740339,인천광역시 서구 승학로 491,인천 서구 승학로 491
더본마취통증의학과의원,의원,마취통증의학과 정형외과 신경외과,PAIN_NEURO,"인천광역시 서구 서곶로 451, 448~454호 (가정동)",서구,032-561-8136,37.52524316,126.6731157,인천광역시 서구 가정로 451,
드림재활의학과의원,의원,재활의학과 정형외과 신경외과 내과 마취통증의학과 피부과 성형외과 비뇨의학과 가정의학과,PAIN_NEURO,인천광역시 서구 중봉대로 588 (청라동),서구,032-561-7177,37.53204769,126.6502563,인천광역시 서구 중봉대로 588,인천 서구 중봉대로 588
루원삼성비뇨의학과의원,의원,비뇨의학과 피부과 소아청소년과 마취통증의학과 성형외과 신경과 내과,PAIN_NEURO,"인천광역시 서구 봉오재3로 90, 한일골드타워 501호 (가정동)",서구,032-565-0728,37.52719445,126.6697465,인천광역시 서구 봉오재3로 90,인천 서구 봉오재3로 90
루원튼튼365소아청소년과의원,의원,가정의학과 비뇨의학과 피부과 이비인후과 안과 소아청소년과 정형외과 외과 신경과 내과,PAIN_NEURO,"인천광역시 서구 가정로 406, 225, 226, 227, 228-1호 (가정동, 루원지웰시티푸르지오)",서구,032-710-7524,37.52146299,126.6739523,인천광역시 서구 가정로 406,인천 서구 가정로 406
마디튼튼마취통증의학과의원,의원,재활의학과 마취통증의학과 신경외과 정형외과 내과,PAIN_NEURO,"인천광역시 서구 승학로 507, 장한프라자 2,3층 201,202,301호 (검암동)",서구,032-710-6900,37.56558053,126.6759887,인천광역시 서구 승학로 507,인천 서구 승학로 507
마전참사랑의원,의원,내과 소아청소년과 이비인후과 마취통증의학과,PAIN_NEURO,"인천광역시 서구 마전로5번길 22-1, 2층 (마전동)",서구,032-566-0172,37.61358392,126.6603726,인천광역시 서구 마전로5번길 22-1,인천 서구 마전로5번길 22-1
모두탑365정형외과의원,의원,정형외과 신경외과 마취통증의학과 재활의학과,PAIN_NEURO,"인천광역시 서구 서곶로 293, 우민빌딩 2층 (심곡동)",서구,032-274-7575,37.54359336,126.6764697,인천광역시 서구 서곶로 293,인천 서구 서곶로 293
미래안마취통증의학과의원,의원,마취통증의학과 정형외과 신경외과 내과 재활의학과,PAIN_NEURO,"인천광역시 서구 검단로 469, 3층 (왕길동)",서구,070-8672-0011,37.60192894,126.6565728,인천광역시 서구 검단로 469,인천 서구 검단로 469
바로본365의원,의원,응급의학과 소아청소년과 마취통증의학과 신경외과 정형외과 신경과 내과,PAIN_NEURO,"인천광역시 서구 가정로 309, 3층일부, 4층 (석남동)",서구,032-575-0365,37.51240682,126.6724064,인천광역시 서구 가정로 309,인천 서구 가정로 309
바로서구병원,병원,내과 신경과 정형외과 신경외과 마취통증의학과 영상의학과 가정의학과,PAIN_NEURO,"인천광역시 서구 염곡로464번길 24, 8~10층 (가정동)",서구,1600-8549,37.52580948,126.6718973,인천광역시 서구 염곡로464번길 24,인천 서구 염곡로464번길 24
바로튼튼정형외과의원,의원,재활의학과 마취통증의학과 신경외과 정형외과 외과,PAIN_NEURO,"인천광역시 서구 서곶로 837, 3~4층 (당하동)",서구,032-565-1175,37.59207553,126.6729932,인천광역시 서구 서곶로 837,인천 서구 서곶로 837
서울닥터스요양병원,요양병원,한방내과 가정의학과 피부과 마취통증의학과 신경외과 정형외과 내과,PAIN_NEURO,인천광역시 서구 가정로 270(석남동),서구,032-721-7075,37.50887368,126.6726825,인천광역시 서구 가정로 270,인천 서구 가정로 270
서울대효청라요양병원,요양병원,신경과 재활의학과 가정의학과 한방내과,PAIN_NEURO,"인천광역시 서구 염곡로464번길 11, 루원탑프라자 4~8층 (가정동)",서구,032-724-7114,37.52641768,126.6705158,인천광역시 서구 염곡로464번길 11,인천 서구 염곡로464번길 11
서울메디칼의원,의원,가정의학과 피부과 이비인후과 소아청소년과 마취통증의학과 성형외과 정형외과 내과,PAIN_NEURO,"인천광역시 서구 한들로 74, 한들타워1 501~506호 (백석동)",서구,032-710-8845,37.57668363,126.670973,인천광역시 서구 한들로 74,인천 서구 한들로 74
서울바른정형외과의원,의원,정형외과 신경외과 영상의학과 외과 피부과 비뇨의학과 소아청소년과 내과 재활의학과 마취통증의학과 이비인후과,PAIN_NEURO,"인천광역시 서구 검단로768번길 2, 불로메디컬 2~5층 (불로동)",서구,032-566-8288,37.61354545,126.6856384,인천광역시 서구 검단로768번길 2,인천 서구 검단로768번길 2
서울아산마디척의원,의원,재활의학과 마취통증의학과 신경외과 정형외과 내과,PAIN_NEURO,"인천광역시 서구 서곶로 300, 엄지빌딩 401호 (심곡동)",서구,032-710-3833,37.54427977,126.6772389,인천광역시 서구 서곶로 300,인천 서구 서곶로 300
서울정석정형외과의원,의원,재활의학과 마취통증의학과 신경외과 정형외과,PAIN_NEURO,"인천광역시 서구 이음대로 388, ABM타워 406~409호 (원당동)",서구,032-287-1200,37.59310919,126.7126889,인천광역시 서구 이음대로 388,인천 서구 이음대로 388
서울정형외과의원,의원,직업환경의학과 가정의학과 재활의학과 진단검사의학과 영상의학과 소아청소년과 마취통증의학과 신경외과 정형외과 외과 내과,PAIN_NEURO,"인천광역시 서구 염곡로 468, 드림타워 601호,7층,8층 (가정동)",서구,032-561-1140,37.52645134,126.6697289,인천광역시 서구 염곡로 468,인천 서구 염곡로 468
성모사랑한방병원,한방병원,내과 신경과 마취통증의학과 소아청소년과 이비인후과 피부과 비뇨의학과 재활의학과 가정의학과 한방내과 한방소아과 한방안·이비인후·피부과 한방재활의학과 침구과,PAIN_NEURO,"인천광역시 서구 길주로 91, 1층 일부, 2~4층 (석남동)",서구,032-575-3200,37.5066797,126.6720178,인천광역시 서구 길주로 91,인천 서구 길주로 91
성모퍼스트정형외과의원,의원,내과 정형외과 신경외과 마취통증의학과 재활의학과,PAIN_NEURO,"인천광역시 서구 원적로 120, 인성프라자 202~203호 (가좌동)",서구,032-571-1100,37.49645098,126.6845554,인천광역시 서구 원적로 120,인천 서구 원적로 120
세로척정형외과의원,의원,정형외과 신경외과 마취통증의학과 재활의학과,PAIN_NEURO,"인천광역시 서구 청라한내로 90, MK 뷰 201~204호(청라동)",서구,032-267-7578,37.53333233,126.6279096,인천광역시 서구 청라한내로 90,인천 서구 청라한내로 90
소망연세의원,의원,가정의학과 재활의학과 영상의학과 비뇨의학과 피부과 이비인후과 소아청소년과 마취통증의학과 신경외과 정형외과 외과 신경과 내과,PAIN_NEURO,"인천광역시 서구 새오개로111번안길 32, 2층 (신현동)",서구,032-715-5774,37.52207718,126.6648356,인천광역시 서구 새오개로111번안길 32,인천 서구 새오개로111번안길 32
속편한의원,의원,가정의학과 피부과 마취통증의학과 외과 내과,PAIN_NEURO,인천광역시 서구 탁옥로 45 (심곡동),서구,032-719-8740,37.54409228,126.6746139,인천광역시 서구 탁옥로 45,인천 서구 탁옥로 45
수이비인후과의원,의원,내과 신경과 정형외과 소아청소년과 안과 이비인후과,PAIN_NEURO,인천광역시 서구 완정로 35 (마전동),서구,032-563-7887,37.59557841,126.6700535,인천광역시 서구 완정로 35,인천 서구 완정로 35
아솔내과의원,의원,가정의학과 이비인후과 소아청소년과 신경과 내과,PAIN_NEURO,"인천광역시 서구 발산로 6, 아인시티 주차타워 401 ~ 406호 (원당동)",서구,032-565-1806,37.59358679,126.709221,인천광역시 서구 발산로 6,인천 서구 발산로 6
아이언정형외과의원,의원,재활의학과 마취통증의학과 신경외과 정형외과 내과,PAIN_NEURO,"인천광역시 서구 봉오대로 255, 루원 눈담봄 4층 408~412호 (가정동)",서구,032-721-7573,37.52514143,126.6779014,인천광역시 서구 봉오대로 255,인천 서구 봉오대로 255
안용진내과의원,의원,소아청소년과 마취통증의학과 정형외과 외과 내과,PAIN_NEURO,"인천광역시 서구 완정로 187, 2,5,6층 (왕길동)",서구,032-562-1430,37.60254102,126.655626,인천광역시 서구 완정로 187,인천 서구 완정로 187
에이플러스365청라가정의학과의원,의원,가정의학과 피부과 이비인후과 소아청소년과 정형외과 신경과 내과,PAIN_NEURO,"인천광역시 서구 청라루비로 95, 301호, 302호 (경서동, 경연프라자)",서구,032-566-4834,37.53374027,126.6401376,인천광역시 서구 청라루비로 95,인천 서구 청라루비로 95
연세마디윌의원,의원,외과 정형외과 마취통증의학과 재활의학과,PAIN_NEURO,"인천광역시 서구 이음대로 392, 메트로시티 6층 609~612호 (원당동)",서구,032-567-0555,37.59260734,126.7127256,인천광역시 서구 이음대로 392,인천 서구 이음대로 392
오케이마취통증의학과의원,의원,재활의학과 마취통증의학과 신경외과 정형외과 내과,PAIN_NEURO,"인천광역시 서구 원당대로 651, 완정빌딩 2,3층 (마전동)",서구,032-566-7700,37.59409869,126.6737711,인천광역시 서구 원당대로 651,인천 서구 원당대로 651
원재활의학과의원,의원,재활의학과 마취통증의학과 신경외과 정형외과 내과,PAIN_NEURO,"인천광역시 서구 원당대로 850, 프런치타워 3층 (당하동)",서구,032-569-5130,37.59336156,126.6958254,인천광역시 서구 원당대로 850,인천 서구 원당대로 850
위바른내과의원,의원,가정의학과 소아청소년과 신경과 내과,PAIN_NEURO,"인천광역시 서구 이음대로 378, 로뎀타워 501~506, 511호 (원당동)",서구,032-561-5570,37.59391923,126.7125959,인천광역시 서구 이음대로 378,인천 서구 이음대로 378
위풍당당정형외과의원,의원,재활의학과 마취통증의학과 신경외과 정형외과 내과,PAIN_NEURO,"인천광역시 서구 검단로 480, 검단리치웰프라자 301~303호 (왕길동)",서구,032-567-7575,37.60180033,126.6576121,인천광역시 서구 검단로 480,인천 서구 검단로 480
윤재활의학과의원,의원,재활의학과 마취통증의학과 신경외과 정형외과,PAIN_NEURO,"인천광역시 서구 완정로 172, 404,405호 (마전동)",서구,032-568-7588,37.6026005,126.6574269,인천광역시 서구 완정로 172,인천 서구 완정로 172
율이비인후과의원,의원,내과 신경과 외과 성형외과 소아청소년과 이비인후과 피부과 영상의학과 진단검사의학과 결핵과 가정의학과,PAIN_NEURO,"인천광역시 서구 청라한내로 96, 하엘에스페이스 303호,304호일부, 305호(청라동)",서구,032-719-4607,37.53386408,126.6279032,인천광역시 서구 청라한내로 96,인천 서구 청라한내로 96
의료법인순의료재단가정성모의원,의원,가정의학과 재활의학과 피부과 마취통증의학과 신경외과 정형외과 외과 내과,PAIN_NEURO,"인천광역시 서구 청중로 486, 부일프라자 3층,4층 (가정동)",서구,032-565-7586,37.52971145,126.6653204,인천광역시 서구 청중로 486,인천 서구 청중로 486
인천광역시립노인치매요양병원,요양병원,가정의학과 재활의학과 신경과,PAIN_NEURO,인천광역시 서구 심곡로132번길 21-1 (심곡동),서구,032-562-5101,37.5466893,126.6851784,인천광역시 서구 심곡로132번길 21-1,인천 서구 심곡로132번길 21-1
인하마취통증의학과의원,의원,마취통증의학과 정형외과 신경과 신경외과,PAIN_NEURO,인천광역시 서구 원적로 100 (가좌동),서구,032-583-7275,37.49501424,126.6828063,인천광역시 서구 원적로 100,인천 서구 원적로 100
정인의료소비자협동조합 검단연세요양병원,요양병원,침구과 가정의학과 신경외과 정형외과 외과 신경과 내과,PAIN_NEURO,인천광역시 서구 검단로459번길 3-2 (왕길동),서구,032-505-6114,37.60155293,126.6545873,인천광역시 서구 검단로459번길 3-2,인천 서구 검단로459번길 3-2
정정형외과의원,의원,내과 외과 정형외과 신경외과 심장혈관흉부외과 마취통증의학과 소아청소년과 이비인후과 피부과 비뇨의학과 재활의학과 가정의학과 직업환경의학과,PAIN_NEURO,인천광역시 서구 완정로 179 (왕길동),서구,032-567-7577,37.60227972,126.6565195,인천광역시 서구 완정로 179,인천 서구 완정로 179
진정형외과의원,의원,재활의학과 비뇨의학과 피부과 마취통증의학과 신경외과 정형외과 외과 내과,PAIN_NEURO,"인천광역시 서구 청라커낼로 264, 403, 404호 (경서동, 청라두손중앙프라자)",서구,032-566-0085,37.5320815,126.6449785,인천광역시 서구 청라커낼로 264,인천 서구 청라커낼로 264
청라국제병원,병원,가정의학과 영상의학과 마취통증의학과 성형외과 신경외과 정형외과 내과,PAIN_NEURO,"인천광역시 서구 청라에메랄드로102번길8, 2층, 4층일부(청라동)",서구,032-577-8275,37.53397968,126.656821,인천광역시 서구 청라에메랄드로102번길8,인천 서구 청라에메랄드로102번길 8
청라바른정형외과의원,의원,정형외과 신경외과 재활의학과 마취통증의학과 내과 소아청소년과,PAIN_NEURO,"인천광역시 서구 청라라임로 65, 503호~510호 (청라동, 라임타워)",서구,032-584-7300,37.53352302,126.6530173,인천광역시 서구 청라라임로 65,인천 서구 청라라임로 65
청라이엠365의원,의원,응급의학과 가정의학과 재활의학과 피부과 이비인후과 소아청소년과 마취통증의학과 정형외과 내과,PAIN_NEURO,"인천광역시 서구 청라한내로100번길 24, 쓰리엠파크2 202~205, 301~305호 (청라동)",서구,032-564-0911,37.53382819,126.6302171,인천광역시 서구 청라한내로100번길 24,인천 서구 청라한내로100번길 24
청라코끼리마취통증의학과의원,의원,재활의학과 마취통증의학과 신경외과 정형외과 신경과,PAIN_NEURO,"인천광역시 서구 중봉대로 594, 청라비전프라자 406~408호 (청라동)",서구,032-567-7580,37.53256718,126.6502788,인천광역시 서구 중봉대로 594,인천 서구 중봉대로 594
튼튼마취통증의학과의원,의원,재활의학과 마취통증의학과 신경외과 정형외과 내과,PAIN_NEURO,"인천광역시 서구 가정로 372, 4층, 5층 2호 (가정동)",서구,032-582-8275,37.51814068,126.6732168,인천광역시 서구 가정로 372,인천 서구 가정로 372
튼튼의원,의원,가정의학과 피부과 이비인후과 안과 소아청소년과 마취통증의학과 정형외과 외과 내과,PAIN_NEURO,"인천광역시 서구 도요지로 22, 2층 2호 (경서동, 대영프라자)",서구,032-567-6790,37.55886267,126.6526757,인천광역시 서구 도요지로 22,인천 서구 도요지로 22
팔팔마취통증의학과의원,의원,정형외과 신경외과 마취통증의학과 재활의학과,PAIN_NEURO,"인천광역시 서구 가정로 212, 3,6층 (석남동)",서구,032-582-7588,37.50354779,126.6723342,인천광역시 서구 가정로 212,인천 서구 가정로 212
하늘본튼튼의원,의원,응급의학과 재활의학과 마취통증의학과 신경외과 정형외과,PAIN_NEURO,"인천광역시 서구 원당대로 856, 마크포레스트 어반 301~303호 (당하동)",서구,032-204-7575,37.59331414,126.6965842,인천광역시 서구 원당대로 856,인천 서구 원당대로 856
고려척척신경외과의원,의원,재활의학과 마취통증의학과 신경외과 정형외과,PAIN_NEURO,"인천광역시 연수구 컨벤시아대로130번길 14, 송도 메디컬타워 5층 (송도동)",연수구,032-833-7588,37.39296242,126.6447257,인천광역시 연수구 컨벤시아대로130번길 14,인천 연수구 컨벤시아대로130번길 14
고릴라신경외과의원,의원,재활의학과 마취통증의학과 신경외과 정형외과 내과,PAIN_NEURO,"인천광역시 연수구 청능대로 93, 이리옴프라자 5층 501호 (청학동)",연수구,032-713-5050,37.4143193,126.6756666,인천광역시 연수구 청능대로 93,인천 연수구 청능대로 93
굿닥터신경외과의원,의원,재활의학과 마취통증의학과 신경외과 정형외과,PAIN_NEURO,"인천광역시 연수구 독배로40번길 11, 301호, 302호, 303호 (옥련동, 효명프라자)",연수구,032-833-7501,37.42452673,126.6456361,인천광역시 연수구 독배로40번길 11,인천 연수구 독배로40번길 11
권도승정형외과의원,의원,내과 외과 정형외과 신경외과 마취통증의학과 비뇨의학과 영상의학과 재활의학과,PAIN_NEURO,"인천광역시 연수구 비류대로 208, 비류프라자 2층 201호 (옥련동)",연수구,032-834-5626,37.42740727,126.657651,인천광역시 연수구 비류대로 208,인천 연수구 비류대로 208
김경태정형외과의원,의원,재활의학과 피부과 마취통증의학과 신경외과 정형외과,PAIN_NEURO,"인천광역시 연수구 먼우금로 189, 201,202,203일부,204,206,208,210,212,215호 2층 (청학동)",연수구,032-229-0123,37.41462408,126.6758541,인천광역시 연수구 먼우금로 189,인천 연수구 먼우금로 189
김진욱신경외과의원,의원,소아청소년과 마취통증의학과 신경외과 정형외과 신경과 내과,PAIN_NEURO,"인천광역시 연수구 독배로40번길 43, 4층 (옥련동, 신송빌딩)",연수구,032-831-7800,37.42462242,126.6472633,인천광역시 연수구 독배로40번길 43,인천 연수구 독배로40번길 43
나래병원,병원,정형외과 신경외과 내과 마취통증의학과 영상의학과,PAIN_NEURO,"인천광역시 연수구 청능대로 69 (청학동, 연세다나병원)",연수구,032-821-0033,37.41601013,126.674124,인천광역시 연수구 청능대로 69,인천 연수구 청능대로 69
닥터에스본정형외과의원,의원,재활의학과 마취통증의학과 신경외과 정형외과 내과,PAIN_NEURO,"인천광역시 연수구 용담로 153, 대동월드스포츠센터 401호 (연수동)",연수구,032-710-9488,37.41327809,126.6814028,인천광역시 연수구 용담로 153,인천 연수구 용담로 153
닥터포유미앤모의원,의원,피부과 마취통증의학과 성형외과,PAIN_NEURO,"인천광역시 연수구 청능대로 93, 402호 (청학동, 이리옴프라자)",연수구,032-817-8057,37.4143193,126.6756666,인천광역시 연수구 청능대로 93,인천 연수구 청능대로 93
더튼튼재활의학과의원,의원,정형외과 신경외과 재활의학과 마취통증의학과,PAIN_NEURO,"인천광역시 연수구 청량로 217, 5층 (옥련동)",연수구,032-858-9988,37.42610391,126.6525401,인천광역시 연수구 청량로 217,인천 연수구 청량로 217
라베성형외과의원,의원,피부과 이비인후과 안과 소아청소년과 성형외과 정형외과 외과 신경과 내과,PAIN_NEURO,"인천광역시 연수구 신송로 161, 송도 하이츠 2층 201호, 202호, 211호 (송도동)",연수구,032-214-0156,37.39759474,126.6484388,인천광역시 연수구 신송로 161,인천 연수구 신송로 161
리겐의원,의원,내과 외과 정형외과 신경외과 마취통증의학과 피부과 재활의학과 응급의학과,PAIN_NEURO,"인천광역시 연수구 해돋이로152번길 9, 8층 (송도동)",연수구,032-221-1234,37.39498399,126.6470894,인천광역시 연수구 해돋이로152번길 9,인천 연수구 해돋이로152번길 9
맑음플러스이비인후과의원,의원,가정의학과 이비인후과 소아청소년과 성형외과 신경과 내과,PAIN_NEURO,"인천광역시 연수구 컨벤시아대로230번길 54, 닥터플러스몰 6층 A601,602,603호 (송도동)",연수구,032-851-6622,37.38901119,126.6340328,인천광역시 연수구 컨벤시아대로230번길 54,인천 연수구 컨벤시아대로230번길 54
모두탑365정형외과의원,의원,내과 신경과 외과 정형외과 신경외과 마취통증의학과 소아청소년과 재활의학과 응급의학과,PAIN_NEURO,"인천광역시 연수구 먼우금로 190, 연수프라자 806,807호 (연수동)",연수구,032-818-9988,37.41405348,126.6767147,인천광역시 연수구 먼우금로 190,인천 연수구 먼우금로 190
미라클마취통증의학과의원,의원,재활의학과 마취통증의학과 신경외과 정형외과,PAIN_NEURO,"인천광역시 연수구 송도국제대로 157, 오네스타 5층 A505-1,A506호 (송도동)",연수구,032-821-2227,37.38094106,126.6566642,인천광역시 연수구 송도국제대로 157,인천 연수구 송도국제대로 157
미앤아이의원,의원,정형외과 마취통증의학과 내과 피부과,PAIN_NEURO,"인천광역시 연수구 컨벤시아대로 69, 6층 608호 (송도동, 밀레니엄상가)",연수구,032-859-2345,37.39571538,126.6509559,인천광역시 연수구 컨벤시아대로 69,인천 연수구 컨벤시아대로 69
바른나무신경외과의원,의원,가정의학과 재활의학과 영상의학과 이비인후과 소아청소년과 마취통증의학과 신경외과 정형외과 외과 신경과 내과,PAIN_NEURO,"인천광역시 연수구 신송로 161, 송도 하이츠 4층 401,402,403,404호 (송도동)",연수구,032-859-7300,37.39759474,126.6484388,인천광역시 연수구 신송로 161,인천 연수구 신송로 161
벗정형외과의원,의원,내과 신경과 외과 정형외과 신경외과 마취통증의학과 소아청소년과 이비인후과 피부과 비뇨의학과 영상의학과 병리과 진단검사의학과 재활의학과 가정의학과 응급의학과 예방의학과,PAIN_NEURO,"인천광역시 연수구 하모니로178번길 6, 8층 (송도동)",연수구,032-721-7917,37.38234009,126.6413688,인천광역시 연수구 하모니로178번길 6,인천 연수구 하모니로178번길 6
삼성본프라임정형외과의원,의원,정형외과 신경외과 마취통증의학과 재활의학과,PAIN_NEURO,"인천광역시 연수구 해돋이로 168-2, 에스원타워1 5층 501,502,503호 (송도동)",연수구,032-833-1236,37.39501293,126.6456792,인천광역시 연수구 해돋이로 168-2,인천 연수구 해돋이로 168-2
삼성연합의원,의원,내과 이비인후과 소아청소년과 피부과 비뇨의학과 마취통증의학과 정형외과,PAIN_NEURO,"인천광역시 연수구 독배로40번길 21, 3층 (옥련동)",연수구,032-833-8556,37.42448013,126.64602,인천광역시 연수구 독배로40번길 21,인천 연수구 독배로40번길 21
새봄가정의원,의원,가정의학과 비뇨의학과 피부과 이비인후과 소아청소년과 정형외과 신경과 내과,PAIN_NEURO,"인천광역시 연수구 새말로 32, 2층 (연수동)",연수구,032-812-7585,37.42224941,126.6747523,인천광역시 연수구 새말로 32,인천 연수구 새말로 32
성모신경외과의원,의원,재활의학과 마취통증의학과 신경외과 정형외과 외과 내과,PAIN_NEURO,"인천광역시 연수구 용담로 115, 파크타워 4층 402,403호 (연수동)",연수구,032-819-8274,37.41513996,126.6778139,인천광역시 연수구 용담로 115,인천 연수구 용담로 115
손호균마취통증의학과의원,의원,정형외과 신경외과 마취통증의학과 재활의학과,PAIN_NEURO,"인천광역시 연수구 앵고개로 242, 401호 (동춘동, 연수제일종합상가)",연수구,032-818-4939,37.40865637,126.6708259,인천광역시 연수구 앵고개로 242,인천 연수구 앵고개로 242
송도마디재활의학과의원,의원,내과 정형외과 신경외과 마취통증의학과 재활의학과,PAIN_NEURO,"인천광역시 연수구 해돋이로151번길 4, 인피니티타워 4층 401,402호 (송도동)",연수구,032-721-8255,37.39401757,126.646007,인천광역시 연수구 해돋이로151번길 4,인천 연수구 해돋이로151번길 4
송도마취통증의학과의원,의원,내과 정형외과 마취통증의학과 신경외과 재활의학과,PAIN_NEURO,"인천광역시 연수구 하모니로36번길 1, 3층 (송도동)",연수구,032-465-7588,37.39158824,126.6512504,인천광역시 연수구 하모니로36번길 1,인천 연수구 하모니로36번길 1
송도백발백중재활의학과 의원,의원,재활의학과 마취통증의학과 신경외과 정형외과,PAIN_NEURO,"인천광역시 연수구 송도과학로27번길 27, 204-C동 C202~C204호 (송도동, 송도아메리칸타운더샵)",연수구,032-818-7588,37.38632731,126.6636424,인천광역시 연수구 송도과학로27번길 27,인천 연수구 송도과학로27번길 27
송도본정형외과의원,의원,재활의학과 진단검사의학과 영상의학과 마취통증의학과 신경외과 정형외과 외과,PAIN_NEURO,"인천광역시 연수구 하모니로 158, 송도타임스페이스 A동 2층 202,203,204,205,206,207,209호 (송도동)",연수구,032-214-8275,37.3832947,126.642256,인천광역시 연수구 하모니로 158,인천 연수구 하모니로 158
송도사랑내과의원,의원,피부과 이비인후과 소아청소년과 신경과 내과,PAIN_NEURO,"인천광역시 연수구 아트센터대로 87, 커낼워크D4 WINTER 402동 2층 221호 (송도동)",연수구,032-867-7775,37.40237845,126.640151,인천광역시 연수구 아트센터대로 87,인천 연수구 아트센터대로 87
송도서울정형외과의원,의원,가정의학과 재활의학과 소아청소년과 마취통증의학과 신경외과 정형외과 내과,PAIN_NEURO,"인천광역시 연수구 해돋이로 167, 힐링플라자 2층 (송도동)",연수구,032-833-5510,37.39480411,126.6444909,인천광역시 연수구 해돋이로 167,인천 연수구 해돋이로 167
송도성모마취통증의학과의원,의원,정형외과 신경외과 마취통증의학과 재활의학과,PAIN_NEURO,"인천광역시 연수구 하모니로178번길 22, 송도GTX센트럴 5층 512호 (송도동)",연수구,032-834-7581,37.38307226,126.6408363,인천광역시 연수구 하모니로178번길 22,인천 연수구 하모니로178번길 22
송도스포츠정형외과의원,의원,가정의학과 재활의학과 마취통증의학과 정형외과 외과,PAIN_NEURO,"인천광역시 연수구 하모니로177번길 49, 형지글로벌 패션복합센터 3동 2층 254,255,256,257,258,259호 (송도동)",연수구,032-858-6720,37.37833713,126.6444141,인천광역시 연수구 하모니로177번길 49,인천 연수구 하모니로177번길 49
송도조앤내과의원,의원,내과 신경과 소아청소년과 이비인후과 영상의학과,PAIN_NEURO,"인천광역시 연수구 해돋이로152번길 9, 3층 301,302,303,304호 (송도동)",연수구,032-859-1275,37.39498399,126.6470894,인천광역시 연수구 해돋이로152번길 9,인천 연수구 해돋이로152번길 9
송도효자병원,요양병원,한방내과 재활의학과 병리과 피부과 정형외과 신경과 내과,PAIN_NEURO,"인천광역시 연수구 능허대로 235 (옥련동, 송도효자병원)",연수구,032-832-9900,37.41542796,126.6520154,인천광역시 연수구 능허대로 235,인천 연수구 능허대로 235
연세준통싹의원,의원,마취통증의학과 정형외과 신경과,PAIN_NEURO,"인천광역시 연수구 용담로 11, 시대아파트 2층 202호,202-1호 (청학동)",연수구,032-811-0475,37.4214783,126.6691278,인천광역시 연수구 용담로 11,인천 연수구 용담로 11
연수리더스내과의원,의원,내과 신경과 외과 소아청소년과 이비인후과 피부과 비뇨의학과 영상의학과 가정의학과,PAIN_NEURO,"인천광역시 연수구 용담로 153, 대동월드스포츠센터 2층 203호 (연수동)",연수구,032-719-9988,37.41327809,126.6814028,인천광역시 연수구 용담로 153,인천 연수구 용담로 153
연수스타정형외과의원,의원,가정의학과 재활의학과 마취통증의학과 정형외과 내과,PAIN_NEURO,"인천광역시 연수구 먼우금로 208, 3층 (연수동)",연수구,032-821-2100,37.41585071,126.6774296,인천광역시 연수구 먼우금로 208,인천 연수구 먼우금로 208
연수오케이정형외과의원,의원,재활의학과 마취통증의학과 신경외과 정형외과,PAIN_NEURO,"인천광역시 연수구 앵고개로264번길 30-4, 영남프라자 (동춘동)",연수구,032-813-7505,37.40681935,126.6718231,인천광역시 연수구 앵고개로264번길 30-4,인천 연수구 앵고개로264번길 30-4
연수제일정형외과의원,의원,마취통증의학과 신경외과 정형외과,PAIN_NEURO,"인천광역시 연수구 학나래로6번길 3, 5층 (선학동)",연수구,032-813-6300,37.42397185,126.6968447,인천광역시 연수구 학나래로6번길 3,인천 연수구 학나래로6번길 3
웰컴마취통증의학과의원,의원,재활의학과 마취통증의학과 신경외과 정형외과,PAIN_NEURO,"인천광역시 연수구 앵고개로 262, 동경프라자 6층 601호 (동춘동)",연수구,032-721-7200,37.40749337,126.6725568,인천광역시 연수구 앵고개로 262,인천 연수구 앵고개로 262
인하정형외과의원,의원,내과 신경과 정형외과 성형외과 피부과 이비인후과,PAIN_NEURO,"인천광역시 연수구 독배로 41, 3,4층 (옥련동, 인영프라자)",연수구,032-833-8275,37.42442394,126.6443523,인천광역시 연수구 독배로 41,인천 연수구 독배로 41
제이엠의원,의원,내과 신경과 소아청소년과 이비인후과 피부과 비뇨의학과 가정의학과 예방의학과,PAIN_NEURO,"인천광역시 연수구 신송로 154, 더 제니스 2층 209호 (송도동)",연수구,032-710-7616,37.39777816,126.6497659,인천광역시 연수구 신송로 154,인천 연수구 신송로 154
청담해리슨송도병원,병원,"내과, 신경과, 외과, 정형외과, 신경외과, 마취통증의학과, 피부과, 영상의학과, 재활의학과, 가정의학과",PAIN_NEURO,"인천광역시 연수구 신송로 157-9, 3층~8층(송도동)",연수구,032-832-5488,37.39696004,126.648703,인천광역시 연수구 신송로 157-9,인천 연수구 신송로 157-9
큰바위정형외과의원,의원,재활의학과 마취통증의학과 신경외과 정형외과,PAIN_NEURO,"인천광역시 연수구 먼우금로188번길 12, 이리옴3빌딩 3층 301호 (연수동)",연수구,032-815-8875,37.41344313,126.6764836,인천광역시 연수구 먼우금로188번길 12,인천 연수구 먼우금로188번길 12
튼튼365정형외과의원,의원,가정의학과 재활의학과 방사선종양학과 피부과 소아청소년과 마취통증의학과 신경외과 정형외과 외과 신경과 내과,PAIN_NEURO,"인천광역시 연수구 첨단대로 40, 에스파이브시티 B동 5층 502,503,504호 (송도동)",연수구,032-821-7888,37.37002608,126.6503552,인천광역시 연수구 첨단대로 40,인천 연수구 첨단대로 40
플러스정형외과의원,의원,영상의학과 마취통증의학과 신경외과 정형외과 외과 내과,PAIN_NEURO,"인천광역시 연수구 컨벤시아대로230번길 54, H101일부,H104,H105,H201,H301,H401일부,H501,H601호 1~6층 (송도동)",연수구,032-859-8000,37.38901119,126.6340328,인천광역시 연수구 컨벤시아대로230번길 54,인천 연수구 컨벤시아대로230번길 54
한양마취통증의학과의원,의원,마취통증의학과 정형외과 신경외과 내과 소아청소년과 피부과 비뇨의학과,PAIN_NEURO,"인천광역시 연수구 독배로40번길 47, 201호 (옥련동, 제일빌딩)",연수구,032-257-8275,37.42460493,126.6475321,인천광역시 연수구 독배로40번길 47,인천 연수구 독배로40번길 47
해사랑마취통증의학과의원,의원,내과 외과 정형외과 마취통증의학과,PAIN_NEURO,"인천광역시 연수구 청능대로 103, 3층 (연수동, BYC빌딩)",연수구,032-822-7580,37.41363986,126.6762653,인천광역시 연수구 청능대로 103,인천 연수구 청능대로 103
화인마취통증의학과의원,의원,가정의학과 재활의학과 마취통증의학과 신경외과 정형외과,PAIN_NEURO,"인천광역시 연수구 인천타워대로132번길 34, 라이크홈메디컬센터 1동 3층 303호 (송도동)",연수구,032-832-8875,37.38636398,126.6439449,인천광역시 연수구 인천타워대로132번길 34,인천 연수구 인천타워대로132번길 34
희망찬요양병원,요양병원,침구과 재활의학과 외과 신경과 내과,PAIN_NEURO,"인천광역시 연수구 용담로 118, 지하2층~지상9층 (연수동)",연수구,032-816-2000,37.41465328,126.6774038,인천광역시 연수구 용담로 118,인천 연수구 용담로 118
흑룡의원,의원,"내과, 외과, 정형외과, 안과, 이비인후과, 마취통증의학과",PAIN_NEURO,인천광역시 옹진군 백령면 백령로 831,옹진군,032-837-6873,37.95958544,124.6657985,인천광역시 옹진군 백령면 백령로 831,인천 옹진군 백령면 백령로 831
(의)성세의료재단 영종국제병원,병원,"내과,정형외과,신경외과,영상의학과,신경과, 외과",PAIN_NEURO,"인천광역시 중구 하늘별빛로 65번길 7-9  3,4층(중산동 1886-3)",중구,032-721-3000,37.48846999,126.5646678,인천광역시 중구 하늘별빛로 65번길 7-9,인천 중구 하늘별빛로65번길 7-9
동인천삼성마취통증의학과의원,의원,정형외과 신경외과 마취통증의학과 재활의학과 응급의학과,PAIN_NEURO,"인천광역시 중구 우현로 90, 유타워 3층 (인현동)",중구,032-777-7775,37.47464535,126.6311142,인천광역시 중구 우현로 90,인천 중구 우현로 90
로하스의원,의원,가정의학과 재활의학과 비뇨의학과 피부과 이비인후과 소아청소년과 마취통증의학과 정형외과 외과 신경과 내과,PAIN_NEURO,"인천광역시 중구 하늘달빛로 94, 스타타워 501,503,504호 (중산동)",중구,032-715-6977,37.48729929,126.55748,인천광역시 중구 하늘달빛로 94,인천 중구 하늘달빛로 94
미다스의원,의원,비뇨의학과 피부과 이비인후과 마취통증의학과 성형외과 심장혈관흉부외과 신경외과 정형외과 외과 신경과 내과,PAIN_NEURO,"인천광역시 중구 공항문화로 127, 인스파이어 4층 R-03A-1호 (운서동)",중구,032-252-3210,37.46553008,126.3891177,인천광역시 중구 공항문화로 127,인천 중구 공항문화로 127
비앤씨의원,의원,내과 정형외과 마취통증의학과 피부과 가정의학과,PAIN_NEURO,"인천광역시 중구 하늘중앙로225번길 3, 영종M타워 4,6(전층)층 5층 502호 (중산동)",중구,032-752-8800,37.48820162,126.5584153,인천광역시 중구 하늘중앙로225번길 3,인천 중구 하늘중앙로225번길 3
영종더굿정형외과의원,의원,응급의학과 마취통증의학과 신경외과 정형외과 외과,PAIN_NEURO,"인천광역시 중구 하늘중앙로225번길 11, 302,303호 (중산동)",중구,032-746-9975,37.48783145,126.5592252,인천광역시 중구 하늘중앙로225번길 11,인천 중구 하늘중앙로225번길 11
영종이엠365의원,의원,내과 외과 정형외과 마취통증의학과 소아청소년과 응급의학과,PAIN_NEURO,"인천광역시 중구 하늘달빛로 84, 4층 (중산동)",중구,032-752-1190,37.48676115,126.5581376,인천광역시 중구 하늘달빛로 84,인천 중구 하늘달빛로 84
영종튼튼신경외과의원,의원,재활의학과 마취통증의학과 신경외과 정형외과,PAIN_NEURO,"인천광역시 중구 영종대로 106, 2층 (운서동)",중구,032-746-7512,37.49486671,126.4909074,인천광역시 중구 영종대로 106,인천 중구 영종대로 106
운서더굿정형외과의원,의원,외과 정형외과 응급의학과 신경외과 재활의학과 마취통증의학과,PAIN_NEURO,"인천광역시 중구 영종대로 184, 영종예스타워복합상영관 3층 302~305호 (운서동)",중구,032-721-9957,37.4922653,126.4987785,인천광역시 중구 영종대로 184,인천 중구 영종대로 184
운서성모정형외과의원,의원,내과 외과 정형외과 신경외과 마취통증의학과 피부과 비뇨의학과,PAIN_NEURO,"인천광역시 중구 영종대로 118, 3층 (운서동)",중구,032-746-7725,37.49483253,126.4922397,인천광역시 중구 영종대로 118,인천 중구 영종대로 118
편안내과의원,의원,내과 이비인후과 피부과 소아청소년과 마취통증의학과,PAIN_NEURO,"인천광역시 중구 하늘별빛로 71, 4층 (중산동)",중구,032-747-2236,37.48954109,126.5632011,인천광역시 중구 하늘별빛로 71,인천 중구 하늘별빛로 71
하늘마디재활의학과의원,의원,재활의학과 마취통증의학과 정형외과 신경과 내과,PAIN_NEURO,"인천광역시 중구 하늘별빛로65번길 8-11, 메이채프라자 5층 501,502호 (중산동)",중구,032-751-8272,37.48945796,126.5624287,인천광역시 중구 하늘별빛로65번길 8-11,인천 중구 하늘별빛로65번길 8-11
하늘메디컬의원,의원,가정의학과 피부과 이비인후과 안과 소아청소년과 정형외과 외과 신경과 내과,PAIN_NEURO,"인천광역시 중구 하늘중앙로 193, 조양타워 4층 401호 (중산동)",중구,032-752-6008,37.49040678,126.5605046,인천광역시 중구 하늘중앙로 193,인천 중구 하늘중앙로 193
하늘정형외과의원,의원,외과 정형외과 신경외과 마취통증의학과 영상의학과 재활의학과 응급의학과,PAIN_NEURO,"인천광역시 중구 하늘중앙로 193, 조양타워 6층(일부),7층 605호, 701호 (중산동)",중구,032-747-1321,37.49040678,126.5605046,인천광역시 중구 하늘중앙로 193,인천 중구 하늘중앙로 193
강화군보건소,보건소,보건소,PUBLIC_HEALTH,인천광역시 강화군 강화읍 충렬사로 26-1,강화군,032-930-4022,37.7372942,126.4848586,인천광역시 강화군 강화읍 충렬사로 26-1,인천 강화군 강화읍 충렬사로 26-1
건평보건진료소,보건진료소,보건진료소,PUBLIC_HEALTH,인천광역시 강화군 양도면 건평로155번길 41,강화군,032-937-1510,37.68057956,126.4061258,인천광역시 강화군 양도면 건평로155번길 41,인천 강화군 양도면 건평로155번길 41
교동보건지소,보건지소,보건지소,PUBLIC_HEALTH,인천광역시 강화군 교동면 교동동로 485-13,강화군,032-930-3547,37.78446054,126.2832345,인천광역시 강화군 교동면 교동동로 485-13,인천 강화군 교동면 교동동로 485-13
길상보건지소,보건지소,보건지소,PUBLIC_HEALTH,인천광역시 강화군 길상면 강화동로 15-1,강화군,032-937-0212,37.64048199,126.4912409,인천광역시 강화군 길상면 강화동로 15-1,인천 강화군 길상면 강화동로 15-1
난정보건진료소,보건진료소,보건진료소,PUBLIC_HEALTH,인천광역시 강화군 교동면 교동서로378번길 56-28,강화군,032-934-7807,37.7710916,126.2380761,인천광역시 강화군 교동면 교동서로378번길 56-28,인천 강화군 교동면 교동서로378번길 56-28
내가보건지소,보건지소,보건지소,PUBLIC_HEALTH,인천광역시 강화군 내가면 강화서로 249,강화군,032-932-6015,37.71934284,126.3898168,인천광역시 강화군 내가면 강화서로 249,인천 강화군 내가면 강화서로 249
매음보건진료소,보건진료소,보건진료소,PUBLIC_HEALTH,인천광역시 강화군 삼산면 어류정길 36,강화군,032-932-3564,37.66415988,126.3488347,인천광역시 강화군 삼산면 어류정길 36,인천 강화군 삼산면 어류정길 36
불은보건지소,보건지소,보건지소,PUBLIC_HEALTH,인천광역시 강화군 불은면 강화동로 562-3,강화군,032-937-4339,37.68646904,126.4798801,인천광역시 강화군 불은면 강화동로 562-3,인천 강화군 불은면 강화동로 562-3
삼산보건지소,보건지소,보건지소,PUBLIC_HEALTH,인천광역시 강화군 삼산면 삼산북로 439,강화군,032-932-3020,37.70273289,126.3236724,인천광역시 강화군 삼산면 삼산북로 439,인천 강화군 삼산면 삼산북로 439
삼선보건진료소,보건진료소,보건진료소,PUBLIC_HEALTH,인천광역시 강화군 교동면 교동북로 222-1,강화군,032-932-4808,37.79610791,126.2615798,인천광역시 강화군 교동면 교동북로 222-1,인천 강화군 교동면 교동북로 222-1
상용보건진료소,보건진료소,보건진료소,PUBLIC_HEALTH,인천광역시 강화군 교동면 교동동로 208-3,강화군,032-932-4381,37.7958517,126.3078508,인천광역시 강화군 교동면 교동동로 208-3,인천 강화군 교동면 교동동로 208-3
서검보건진료소,보건진료소,보건진료소,PUBLIC_HEALTH,인천광역시 강화군 삼산면 서검길 166-3,강화군,032-932-3928,37.71937659,126.23336,인천광역시 강화군 삼산면 서검길 166-3,인천 강화군 삼산면 서검길 166-3
선원보건지소,보건지소,보건지소,PUBLIC_HEALTH,인천광역시 강화군 선원면 대문고개로 22,강화군,032-933-4966,37.71355037,126.4848279,인천광역시 강화군 선원면 대문고개로 22,인천 강화군 선원면 대문고개로 22
송해보건지소,보건지소,보건지소,PUBLIC_HEALTH,인천광역시 강화군 송해면 전망대로 29,강화군,032-930-3546,37.76465305,126.4630361,인천광역시 강화군 송해면 전망대로 29,인천 강화군 송해면 전망대로 29
신삼보건진료소,보건진료소,보건진료소,PUBLIC_HEALTH,인천광역시 강화군 하점면 고려산로 506-2,강화군,032-933-1193,37.75223003,126.3942185,인천광역시 강화군 하점면 고려산로 506-2,인천 강화군 하점면 고려산로 506-2
양도보건지소,보건지소,보건지소,PUBLIC_HEALTH,인천광역시 강화군 양도면 강화남로 708-2,강화군,032-937-2104,37.66288936,126.4221118,인천광역시 강화군 양도면 강화남로 708-2,인천 강화군 양도면 강화남로 708-2
양사보건지소,보건지소,보건지소,PUBLIC_HEALTH,인천광역시 강화군 양사면 전망대로 1391,강화군,032-932-5506,37.79823885,126.4086948,인천광역시 강화군 양사면 전망대로 1391,인천 강화군 양사면 전망대로 1391
연리보건진료소,보건진료소,보건진료소,PUBLIC_HEALTH,인천광역시 강화군 선원면 연동로210번길 3,강화군,032-932-1412,37.70656635,126.4946298,인천광역시 강화군 선원면 연동로210번길 3,인천 강화군 선원면 연동로210번길 3
오두보건진료소,보건진료소,보건진료소,PUBLIC_HEALTH,인천광역시 강화군 불은면 불은남로 293,강화군,032-937-6813,37.67572706,126.5112701,인천광역시 강화군 불은면 불은남로 293,인천 강화군 불은면 불은남로 293
인화보건진료소,보건진료소,보건진료소,PUBLIC_HEALTH,인천광역시 강화군 양사면 서사길105번길 47,강화군,032-934-5583,37.79618009,126.3808448,인천광역시 강화군 양사면 서사길105번길 47,인천 강화군 양사면 서사길105번길 47
하리보건진료소,보건진료소,보건진료소,PUBLIC_HEALTH,인천광역시 강화군 삼산면 삼산북로 790,강화군,032-932-3653,37.72463087,126.2962788,인천광역시 강화군 삼산면 삼산북로 790,인천 강화군 삼산면 삼산북로 790
하점보건지소,보건지소,보건지소,PUBLIC_HEALTH,인천광역시 강화군 하점면 강화대로 1220,강화군,032-930-3544,37.77424677,126.4115666,인천광역시 강화군 하점면 강화대로 1220,인천 강화군 하점면 강화대로 1220
화도보건지소,보건지소,보건지소,PUBLIC_HEALTH,인천광역시 강화군 화도면 마니산로 703-14,강화군,032-937-0256,37.63169982,126.4198415,인천광역시 강화군 화도면 마니산로 703-14,인천 강화군 화도면 마니산로 703-14
황청보건진료소,보건진료소,보건진료소,PUBLIC_HEALTH,인천광역시 강화군 내가면 황청포구로 355,강화군,032-932-2819,37.72118728,126.3614744,인천광역시 강화군 내가면 황청포구로 355,인천 강화군 내가면 황청포구로 355
흥왕보건진료소,보건진료소,보건진료소,PUBLIC_HEALTH,인천광역시 강화군 화도면 해안남로 1916,강화군,032-937-4554,37.60853108,126.4171062,인천광역시 강화군 화도면 해안남로 1916,인천 강화군 화도면 해안남로 1916
계양구 보건소,보건소,nan,PUBLIC_HEALTH,"인천광역시 계양구 계양문화로 63, 계양구보건소 (계산동)",계양구,032-430-7801,37.53642762,126.7362452,인천광역시 계양구 계양문화로 63,인천 계양구 계양문화로 63
장기보건지소,보건지소,nan,PUBLIC_HEALTH,"인천광역시 계양구 장기서로 8 (장기동, 장기보건지소)",계양구,032-450-6890,37.57691299,126.7341852,인천광역시 계양구 장기서로 8,인천 계양구 장기서로 8
남동구보건소,보건소,보건소,PUBLIC_HEALTH,인천광역시 남동구 소래로 633 (만수동),남동구,032-464-4001,37.44738839,126.7306774,인천광역시 남동구 소래로 633,인천 남동구 소래로 633
인천광역시동구보건소,보건소,내과 보건소,PUBLIC_HEALTH,인천광역시 동구 석수로 90 (만석동),동구,032-770-5700,37.48307973,126.6259528,인천광역시 동구 석수로 90,인천 동구 석수로 90
미추홀구보건소,보건소,보건소,PUBLIC_HEALTH,인천광역시 미추홀구 주안서로 25 (도화동),미추홀구,032-880-5311,37.46108319,126.6774234,인천광역시 미추홀구 주안서로 25,인천 미추홀구 주안서로 25
숭의보건지소,보건지소,내과,PUBLIC_HEALTH,"인천광역시 미추홀구 경인로 54 (숭의동, 1~2층 숭의보건지소)",미추홀구,032-880-5383,37.46444796,126.6490169,인천광역시 미추홀구 경인로 54,인천 미추홀구 경인로 54
옹진군보건소,보건소,nan,PUBLIC_HEALTH,"인천광역시 미추홀구 매소홀로 120, 옹진군보건소",미추홀구,032-899-3120,37.44657047,126.6367454,인천광역시 미추홀구 매소홀로 120,인천 미추홀구 매소홀로 120
부평구 청천보건지소,보건지소,,PUBLIC_HEALTH,"인천광역시 부평구 마장로410번길 5 (청천동, 청천2동주민센터)",부평구,032-509-8950,37.51487345,126.7045398,인천광역시 부평구 마장로410번길 5,인천 부평구 마장로410번길 5
부평구보건소,보건소,보건소,PUBLIC_HEALTH,인천광역시 부평구 부흥로 291 (부평동),부평구,032-509-8210,37.49883389,126.724248,인천광역시 부평구 부흥로 291,인천 부평구 부흥로 291
인천광역시서구보건소,보건소,보건소,PUBLIC_HEALTH,인천광역시 서구 탁옥로 39 (심곡동),서구,032-560-5000,37.54443991,126.6738061,인천광역시 서구 탁옥로 39,인천 서구 탁옥로 39
연수구보건소,보건소,보건소,PUBLIC_HEALTH,"인천광역시 연수구 함박뫼로 13 (청학동, 연수보건소)",연수구,032-749-8000,37.41905399,126.6711149,인천광역시 연수구 함박뫼로 13,인천 연수구 함박뫼로 13
대청보건지소,보건지소,nan,PUBLIC_HEALTH,인천광역시 옹진군 대청면 대청로 3,옹진군,032-899-3184,37.82443417,124.715415,인천광역시 옹진군 대청면 대청로 3,인천 옹진군 대청면 대청로 3
덕적보건지소,보건지소,nan,PUBLIC_HEALTH,인천광역시 옹진군 덕적면 덕적남로 7-1,옹진군,032-899-3185,37.22619644,126.1471163,인천광역시 옹진군 덕적면 덕적남로 7-1,인천 옹진군 덕적면 덕적남로 7-1
문갑보건진료소,보건진료소,nan,PUBLIC_HEALTH,인천광역시 옹진군 덕적면 문갑2길 16,옹진군,032-833-8373,37.17323802,126.1067074,인천광역시 옹진군 덕적면 문갑2길 16,인천 옹진군 덕적면 문갑2길 16
백령보건지소,보건지소,nan,PUBLIC_HEALTH,인천광역시 옹진군 백령면 백령로833번길 26-29,옹진군,032-899-3183,37.95793838,124.6647445,인천광역시 옹진군 백령면 백령로833번길 26-29,인천 옹진군 백령면 백령로833번길 26-29
백아보건진료소,보건진료소,nan,PUBLIC_HEALTH,인천광역시 옹진군 덕적면 백아로 88,옹진군,032-834-9836,37.08543543,125.9575454,인천광역시 옹진군 덕적면 백아로 88,인천 옹진군 덕적면 백아로 88
북도보건지소,보건지소,nan,PUBLIC_HEALTH,인천광역시 옹진군 북도면 시도로86번길 78,옹진군,032-899-3181,37.53559125,126.4311789,인천광역시 옹진군 북도면 시도로86번길 78,인천 옹진군 북도면 시도로86번길 78
서포보건진료소,보건진료소,nan,PUBLIC_HEALTH,인천광역시 옹진군 덕적면 덕적남로625번길 9,옹진군,032-831-6665,37.22449338,126.115311,인천광역시 옹진군 덕적면 덕적남로625번길 9,인천 옹진군 덕적면 덕적남로625번길 9
선재보건진료소,보건진료소,nan,PUBLIC_HEALTH,인천광역시 옹진군 영흥면 선재로 150-9,옹진군,032-889-4769,37.24234915,126.5294748,인천광역시 옹진군 영흥면 선재로 150-9,인천 옹진군 영흥면 선재로 150-9
소야보건진료소,보건진료소,nan,PUBLIC_HEALTH,인천광역시 옹진군 덕적면 소야로 257-1,옹진군,032-831-7874,37.21312189,126.1806213,인천광역시 옹진군 덕적면 소야로 257-1,인천 옹진군 덕적면 소야로 257-1
소연평보건진료소,보건진료소,nan,PUBLIC_HEALTH,인천광역시 옹진군 연평면 소연평로19번길 28,옹진군,032-831-8985,37.61037294,125.7088159,인천광역시 옹진군 연평면 소연평로19번길 28,인천 옹진군 연평면 소연평로19번길 28
소이작보건진료소,보건진료소,nan,PUBLIC_HEALTH,인천광역시 옹진군 자월면 소이작로42번길 5-2,옹진군,032-832-3695,37.18156633,126.2391022,인천광역시 옹진군 자월면 소이작로42번길 5-2,인천 옹진군 자월면 소이작로42번길 5-2
소청보건진료소,보건진료소,nan,PUBLIC_HEALTH,인천광역시 옹진군 대청면 소청동로71번길 3,옹진군,032-836-3168,37.7728016,124.7517545,인천광역시 옹진군 대청면 소청동로71번길 3,인천 옹진군 대청면 소청동로71번길 3
승봉보건진료소,보건진료소,nan,PUBLIC_HEALTH,인천광역시 옹진군 자월면 승봉로 90-2,옹진군,032-832-7601,37.16794705,126.2986913,인천광역시 옹진군 자월면 승봉로 90-2,인천 옹진군 자월면 승봉로 90-2
연평보건지소,보건지소,nan,PUBLIC_HEALTH,인천광역시 옹진군 연평면 연평중앙로 34-22,옹진군,032-899-3182,37.66612454,125.7021215,인천광역시 옹진군 연평면 연평중앙로 34-22,인천 옹진군 연평면 연평중앙로 34-22
영흥보건지소,보건지소,nan,PUBLIC_HEALTH,인천광역시 옹진군 영흥면 영흥남로 449,옹진군,032-899-3187,37.25309533,126.461167,인천광역시 옹진군 영흥면 영흥남로 449,인천 옹진군 영흥면 영흥남로 449
울도보건진료소,보건진료소,nan,PUBLIC_HEALTH,인천광역시 옹진군 덕적면 울도로 201,옹진군,032-858-9936,37.02458424,125.9986387,인천광역시 옹진군 덕적면 울도로 201,인천 옹진군 덕적면 울도로 201
이작보건진료소,보건진료소,nan,PUBLIC_HEALTH,인천광역시 옹진군 자월면 대이작로70번길 3-8,옹진군,032-858-3553,37.17647863,126.2535908,인천광역시 옹진군 자월면 대이작로70번길 3-8,인천 옹진군 자월면 대이작로70번길 3-8
자월보건지소,보건지소,nan,PUBLIC_HEALTH,인천광역시 옹진군 자월면 자월서로164번길 23,옹진군,032-899-3186,37.25450615,126.3082377,인천광역시 옹진군 자월면 자월서로164번길 23,인천 옹진군 자월면 자월서로164번길 23
장봉보건지소,보건지소,nan,PUBLIC_HEALTH,인천광역시 옹진군 북도면 장봉로 554,옹진군,032-899-3391,37.53412319,126.3379767,인천광역시 옹진군 북도면 장봉로 554,인천 옹진군 북도면 장봉로 554
인천광역시중구무의보건진료소,보건진료소,,PUBLIC_HEALTH,"인천광역시 중구 대무의로 310-11 (무의동, 무의보건진료소)",중구,032-760-7694,37.38972026,126.4248335,인천광역시 중구 대무의로 310-11,인천 중구 대무의로 310-11
인천광역시중구보건소,보건소,보건소,PUBLIC_HEALTH,인천광역시 중구 참외전로72번길 21 (전동),중구,032-760-6001,37.47721729,126.6291077,인천광역시 중구 참외전로72번길 21,인천 중구 참외전로72번길 21
인천광역시중구영종보건지소,보건지소,보건지소,PUBLIC_HEALTH,인천광역시 중구 운남서로 100-1 (운남동),중구,032-760-6800,37.49363305,126.5309955,인천광역시 중구 운남서로 100-1,인천 중구 운남서로 100-1
인천광역시중구용유보건지소,보건지소,보건지소,PUBLIC_HEALTH,인천광역시 중구 마시란로 308-13 (남북동),중구,032-760-8991,37.44390218,126.4024337,인천광역시 중구 마시란로 308-13,인천 중구 마시란로 308-13
감초한의원,한의원,침구과 한방재활의학과 한방신경정신과 한방안·이비인후·피부과 한방소아과 한방부인과 한방내과,WOMEN_HEALTH,인천광역시 강화군 강화읍 청하동길9번길 7,강화군,032-934-2163,37.74700048,126.4827529,인천광역시 강화군 강화읍 청하동길9번길 7,인천 강화군 강화읍 청하동길9번길 7
강화부부한의원,한의원,침구과 한방안·이비인후·피부과 사상체질과 한방내과 한방부인과 한방신경정신과 한방소아과 한방재활의학과,WOMEN_HEALTH,인천광역시 강화군 강화읍 향나무길 22,강화군,032-934-5533,37.74607834,126.4795581,인천광역시 강화군 강화읍 향나무길 22,인천 강화군 강화읍 향나무길 22
강화요양병원,요양병원,침구과 사상체질과 한방재활의학과 한방신경정신과 한방안·이비인후·피부과 한방소아과 한방부인과 한방내과 응급의학과 가정의학과 재활의학과 피부과 이비인후과 안과 소아청소년과 성형외과 심장혈관흉부외과 신경외과 정형외과 외과 신경과 내과,WOMEN_HEALTH,인천광역시 강화군 길상면 강화동로 181,강화군,032-937-0639,37.65542824,126.4919706,인천광역시 강화군 길상면 강화동로 181,인천 강화군 길상면 강화동로 181
강화한의원,한의원,한방내과 한방부인과 한방안·이비인후·피부과 사상체질과 한방신경정신과 침구과 한방소아과 한방재활의학과,WOMEN_HEALTH,"인천광역시 강화군 강화읍 강화대로393번길 5, 103호,104호",강화군,032-934-6336,37.74505153,126.487125,인천광역시 강화군 강화읍 강화대로393번길 5,인천 강화군 강화읍 강화대로393번길 5
경희백향한의원,한의원,한방내과 한방안·이비인후·피부과 사상체질과 한방부인과 한방신경정신과 침구과 한방소아과 한방재활의학과,WOMEN_HEALTH,"인천광역시 강화군 강화읍 강화대로404번길 4, 지상 1층",강화군,032-932-1029,37.74626709,126.4868119,인천광역시 강화군 강화읍 강화대로404번길 4,인천 강화군 강화읍 강화대로404번길 4
경희새벽한의원,한의원,한방내과 한방안·이비인후·피부과 사상체질과 한방부인과 한방신경정신과 침구과 한방소아과 한방재활의학과,WOMEN_HEALTH,인천광역시 강화군 강화읍 중앙로 23,강화군,032-932-7582,37.74101064,126.491055,인천광역시 강화군 강화읍 중앙로 23,인천 강화군 강화읍 중앙로 23
길상한의원,한의원,한방내과 침구과 한방안·이비인후·피부과 사상체질과 한방부인과 한방신경정신과 한방소아과 한방재활의학과,WOMEN_HEALTH,인천광역시 강화군 길상면 마니산로 53,강화군,032-937-8565,37.64048174,126.4866089,인천광역시 강화군 길상면 마니산로 53,인천 강화군 길상면 마니산로 53
늘곁한의원,한의원,침구과 사상체질과 한방재활의학과 한방신경정신과 한방안·이비인후·피부과 한방소아과 한방부인과 한방내과,WOMEN_HEALTH,"인천광역시 강화군 강화읍 강화대로 334, 늘곁한의원 1층",강화군,032-716-5975,37.74284589,126.4928934,인천광역시 강화군 강화읍 강화대로 334,인천 강화군 강화읍 강화대로 334
더조은경희한의원,한의원,침구과 사상체질과 한방재활의학과 한방신경정신과 한방안·이비인후·피부과 한방소아과 한방부인과 한방내과,WOMEN_HEALTH,"인천광역시 강화군 강화읍 충렬사로 25, 남산빌딩 3층 303호",강화군,032-225-8275,37.73670608,126.4859795,인천광역시 강화군 강화읍 충렬사로 25,인천 강화군 강화읍 충렬사로 25
명인한의원,한의원,한방내과 한방부인과 한방소아과 침구과 한방안·이비인후·피부과 한방신경정신과,WOMEN_HEALTH,인천광역시 강화군 강화읍 강화대로 375,강화군,032-934-5806,37.74415089,126.4884631,인천광역시 강화군 강화읍 강화대로 375,인천 강화군 강화읍 강화대로 375
볼음보건지소,보건지소,예방치과 구강병리과 영상치의학과 구강내과 치과보존과 치주과 소아치과 치과교정과 치과보철과 구강악안면외과 침구과 사상체질과 한방재활의학과 한방신경정신과 한방안·이비인후·피부과 한방소아과 한방부인과 한방내과 예방의학과 응급의학과 직업환경의학과 핵의학과 가정의학과 결핵과 재활의학과 진단검사의학과 병리과 방사선종양학과 영상의학과 비뇨의학과 피부과 이비인후과 안과 소아청소년과 산부인과 마취통증의학과 성형외과 심장혈관흉부외과 신경외과 정형외과 외과 정신건강의학과 신경과 내과,WOMEN_HEALTH,"인천광역시 강화군 서도면 볼음도길 174, 볼음보건지소",강화군,032-932-7104,37.67011218,126.198084,인천광역시 강화군 서도면 볼음도길 174,인천 강화군 서도면 볼음도길 174
비에스종합병원,종합병원,내과 신경과 외과 정형외과 신경외과 심장혈관흉부외과 마취통증의학과 산부인과 안과 비뇨의학과 영상의학과 진단검사의학과 가정의학과 응급의학과 치과교정과,WOMEN_HEALTH,인천광역시 강화군 강화읍 충렬사로 31,강화군,032-290-0001,37.73604762,126.485992,인천광역시 강화군 강화읍 충렬사로 31,인천 강화군 강화읍 충렬사로 31
성심한의원,한의원,한방내과 한방부인과 한방소아과 한방안·이비인후·피부과 한방재활의학과 사상체질과 침구과,WOMEN_HEALTH,"인천광역시 강화군 길상면 강화동로 9, 삼천전력",강화군,032-937-8122,37.64012812,126.4913735,인천광역시 강화군 길상면 강화동로 9,인천 강화군 길상면 강화동로 9
에바다의원,의원,내과 소아청소년과 가정의학과 산부인과,WOMEN_HEALTH,"인천광역시 강화군 강화읍 중앙로 25, 우진빌딩",강화군,032-933-0059,37.7407164,126.4911634,인천광역시 강화군 강화읍 중앙로 25,인천 강화군 강화읍 중앙로 25
용정한의원,한의원,한방내과 한방부인과 한방소아과 한방안·이비인후·피부과 한방신경정신과 한방재활의학과 사상체질과 침구과,WOMEN_HEALTH,인천광역시 강화군 강화읍 갑룡길 118,강화군,032-933-4048,37.74492349,126.5055295,인천광역시 강화군 강화읍 갑룡길 118,인천 강화군 강화읍 갑룡길 118
우리한의원,한의원,한방내과 침구과 한방재활의학과 한방부인과 한방소아과 한방안·이비인후·피부과,WOMEN_HEALTH,인천광역시 강화군 강화읍 강화대로 416,강화군,032-932-9330,37.74684524,126.4856126,인천광역시 강화군 강화읍 강화대로 416,인천 강화군 강화읍 강화대로 416
유여성 의원,의원,산부인과,WOMEN_HEALTH,"인천광역시 강화군 강화읍 강화대로 410, 302호",강화군,032-933-6080,37.74665647,126.4862094,인천광역시 강화군 강화읍 강화대로 410,인천 강화군 강화읍 강화대로 410
자성한의원,한의원,침구과 한방재활의학과 한방신경정신과 한방안·이비인후·피부과 한방소아과 한방부인과 한방내과,WOMEN_HEALTH,"인천광역시 강화군 강화읍 중앙로 68, 강화농협 하나로마트 2층 203호",강화군,032-719-8880,37.73823941,126.4871142,인천광역시 강화군 강화읍 중앙로 68,인천 강화군 강화읍 중앙로 68
제일한의원,한의원,한방내과 한방안·이비인후·피부과 사상체질과 한방부인과 한방신경정신과 침구과 한방소아과 한방재활의학과,WOMEN_HEALTH,인천광역시 강화군 강화읍 신문길 4,강화군,032-933-0087,37.7445092,126.4870949,인천광역시 강화군 강화읍 신문길 4,인천 강화군 강화읍 신문길 4
주문보건지소,보건지소,예방치과 구강병리과 영상치의학과 구강내과 치과보존과 치주과 소아치과 치과교정과 치과보철과 구강악안면외과 침구과 사상체질과 한방재활의학과 한방신경정신과 한방안·이비인후·피부과 한방소아과 한방부인과 한방내과 예방의학과 응급의학과 직업환경의학과 핵의학과 가정의학과 결핵과 재활의학과 진단검사의학과 병리과 방사선종양학과 영상의학과 비뇨의학과 피부과 이비인후과 안과 소아청소년과 산부인과 마취통증의학과 성형외과 심장혈관흉부외과 신경외과 정형외과 외과 정신건강의학과 신경과 내과,WOMEN_HEALTH,인천광역시 강화군 서도면 주문도1길6번길 7-1,강화군,032-930-3549,37.65079367,126.2384123,인천광역시 강화군 서도면 주문도1길6번길 7-1,인천 강화군 서도면 주문도1길6번길 7-1
채준환한의원,한의원,한방내과 한방부인과 한방소아과 한방안·이비인후·피부과 한방신경정신과 한방재활의학과 사상체질과 침구과,WOMEN_HEALTH,인천광역시 강화군 화도면 마니산로 716,강화군,032-937-7574,37.63330045,126.4188451,인천광역시 강화군 화도면 마니산로 716,인천 강화군 화도면 마니산로 716
현대한의원,한의원,침구과 사상체질과 한방재활의학과 한방신경정신과 한방안·이비인후·피부과 한방소아과 한방부인과 한방내과,WOMEN_HEALTH,"인천광역시 강화군 강화읍 강화대로 413, 2층",강화군,032-932-7570,37.74654308,126.4853506,인천광역시 강화군 강화읍 강화대로 413,인천 강화군 강화읍 강화대로 413
365한의원,한의원,한방내과 한방부인과 한방소아과 한방안·이비인후·피부과 한방신경정신과 한방재활의학과 사상체질과 침구과 한방응급과,WOMEN_HEALTH,"인천광역시 계양구 주부토로 537, 365한의원 2,4층 (계산동)",계양구,032-552-1033,37.54224157,126.7280997,인천광역시 계양구 주부토로 537,인천 계양구 주부토로 537
감초당장기한의원,한의원,한방내과 한방부인과 한방소아과 한방안·이비인후·피부과 한방신경정신과 한방재활의학과 사상체질과 침구과 한방응급과,WOMEN_HEALTH,"인천광역시 계양구 장기로 23, 2층 (장기동)",계양구,032-548-1916,37.57835612,126.7347898,인천광역시 계양구 장기로 23,인천 계양구 장기로 23
강추한의원,한의원,한방내과 한방부인과 한방소아과 한방안·이비인후·피부과 한방신경정신과 한방재활의학과 사상체질과 침구과,WOMEN_HEALTH,"인천광역시 계양구 계양대로 176, 2층 (계산동)",계양구,032-719-7377,37.53955791,126.7230014,인천광역시 계양구 계양대로 176,인천 계양구 계양대로 176
강한의원,한의원,침구과 사상체질과 한방재활의학과 한방신경정신과 한방안·이비인후·피부과 한방소아과 한방부인과 한방내과,WOMEN_HEALTH,"인천광역시 계양구 당미3길 30-1, 1층 (동양동)",계양구,070-4680-1337,37.56070177,126.7590759,인천광역시 계양구 당미3길 30-1,인천 계양구 당미3길 30-1
건강플러스내과의원,의원,내과 외과 소아청소년과 산부인과 이비인후과 비뇨의학과 피부과,WOMEN_HEALTH,"인천광역시 계양구 장제로 912, 4층 (병방동, 하정빌딩)",계양구,032-546-8666,37.5477551,126.7412365,인천광역시 계양구 장제로 912,인천 계양구 장제로 912
경희대남한의원,한의원,한방내과 한방부인과 한방소아과 한방안·이비인후·피부과 한방신경정신과 한방재활의학과 사상체질과 침구과 한방응급과,WOMEN_HEALTH,"인천광역시 계양구 용종로 14, 은행마을 태평아파트 2층 201호 (계산동)",계양구,032-544-1075,37.53514478,126.7415031,인천광역시 계양구 용종로 14,인천 계양구 용종로 14
경희부부한의원,한의원,한방내과 한방부인과 한방소아과 한방안·이비인후·피부과 한방신경정신과 한방재활의학과 사상체질과 침구과 한방응급과,WOMEN_HEALTH,"인천광역시 계양구 안남로 562, 2, 3층 (효성동)",계양구,032-547-1075,37.53320937,126.7105232,인천광역시 계양구 안남로 562,인천 계양구 안남로 562
경희소중한의원,한의원,한방내과 한방부인과 한방소아과 한방재활의학과 침구과,WOMEN_HEALTH,"인천광역시 계양구 경명대로 1143, 2층 (임학동)",계양구,032-547-2013,37.54325943,126.7342352,인천광역시 계양구 경명대로 1143,인천 계양구 경명대로 1143
경희수한의원,한의원,한방내과 한방부인과 한방소아과 한방안·이비인후·피부과 한방신경정신과 한방재활의학과 사상체질과 침구과 한방응급과,WOMEN_HEALTH,"인천광역시 계양구 용종로 8, 2층 202호 (계산동)",계양구,032-555-3332,37.53454855,126.741442,인천광역시 계양구 용종로 8,인천 계양구 용종로 8
경희참한의원,한의원,한방내과 한방부인과 한방소아과 한방안·이비인후·피부과 한방신경정신과 한방재활의학과 사상체질과 침구과,WOMEN_HEALTH,"인천광역시 계양구 계산새로65번길 17, 4층 (계산동)",계양구,032-541-7557,37.53983206,126.7353272,인천광역시 계양구 계산새로65번길 17,인천 계양구 계산새로65번길 17
경희한방병원,한방병원,내과 한방내과 한방부인과 한방소아과 한방안·이비인후·피부과 한방신경정신과 한방재활의학과 사상체질과 침구과,WOMEN_HEALTH,"인천광역시 계양구 새벌로 112, 마스터즈빌딩 5층 (효성동)",계양구,032-548-1188,37.52706338,126.7175129,인천광역시 계양구 새벌로 112,인천 계양구 새벌로 112
경희힘한의원,한의원,침구과 사상체질과 한방재활의학과 한방신경정신과 한방안·이비인후·피부과 한방소아과 한방부인과 한방내과,WOMEN_HEALTH,"인천광역시 계양구 계양문화로 96, 강북프라자 306, 307호 (용종동)",계양구,032-548-8575,37.53923993,126.7372286,인천광역시 계양구 계양문화로 96,인천 계양구 계양문화로 96
계양다나음한방병원,한방병원,내과 신경과 소아청소년과 피부과 재활의학과 한방내과 한방부인과 한방소아과 한방안·이비인후·피부과 한방신경정신과 한방재활의학과 사상체질과 침구과,WOMEN_HEALTH,"인천광역시 계양구 경명대로 1134, 2~5층 (계산동)",계양구,032-544-7975,37.54280908,126.7328623,인천광역시 계양구 경명대로 1134,인천 계양구 경명대로 1134
계양성모산부인과의원,의원,산부인과,WOMEN_HEALTH,"인천광역시 계양구 계양대로 40, 4층 (작전동)",계양구,032-546-8100,37.52745758,126.7228074,인천광역시 계양구 계양대로 40,인천 계양구 계양대로 40
계양제일한의원,한의원,한방내과 한방부인과 한방소아과 한방안·이비인후·피부과 한방신경정신과 한방재활의학과 사상체질과 침구과,WOMEN_HEALTH,"인천광역시 계양구 경명대로 1096, 계산메디칼센타 2층 201호 (계산동)",계양구,032-545-3800,37.54293648,126.7287136,인천광역시 계양구 경명대로 1096,인천 계양구 경명대로 1096
계양하루여성외과의원,의원,내과 외과 피부과,WOMEN_HEALTH,인천광역시 계양구 계양대로 214 (계산동),계양구,032-542-6875,37.54304854,126.7230358,인천광역시 계양구 계양대로 214,인천 계양구 계양대로 214
고구려한방병원,한방병원,내과 한방내과 한방부인과 한방소아과 한방안·이비인후·피부과 한방신경정신과 한방재활의학과 사상체질과 침구과,WOMEN_HEALTH,"인천광역시 계양구 경명대로 1130, 2~5층 (계산동)",계양구,032-547-7727,37.54283831,126.7324813,인천광역시 계양구 경명대로 1130,인천 계양구 경명대로 1130
교대한의원,한의원,침구과 사상체질과 한방재활의학과 한방신경정신과 한방안·이비인후·피부과 한방소아과 한방부인과 한방내과,WOMEN_HEALTH,"인천광역시 계양구 계양대로 159-1, 2층 (계산동)",계양구,032-551-5379,37.53818224,126.7222613,인천광역시 계양구 계양대로 159-1,인천 계양구 계양대로 159-1
금맥한의원,한의원,한방내과 한방부인과 한방소아과 한방안·이비인후·피부과 한방신경정신과 한방재활의학과 침구과,WOMEN_HEALTH,인천광역시 계양구 병방시장로 60(병방동),계양구,032-543-6431,37.54785622,126.7383871,인천광역시 계양구 병방시장로 60,인천 계양구 병방시장로 60
김수철한의원,한의원,한방내과 한방부인과 한방소아과 한방안·이비인후·피부과 한방신경정신과 한방재활의학과 사상체질과 침구과 한방응급과,WOMEN_HEALTH,"인천광역시 계양구 주부토로 469, 원광빌딩 2층 (작전동)",계양구,032-552-1075,37.5360939,126.7277521,인천광역시 계양구 주부토로 469,인천 계양구 주부토로 469
나을한의원,한의원,한방내과 한방부인과 한방소아과 한방안·이비인후·피부과 한방신경정신과 한방재활의학과 사상체질과 침구과 한방응급과,WOMEN_HEALTH,"인천광역시 계양구 경명대로 1049, 3층 일부호 (계산동)",계양구,032-363-2112,37.54389278,126.7234216,인천광역시 계양구 경명대로 1049,인천 계양구 경명대로 1049
남항우한의원,한의원,침구과 사상체질과 한방재활의학과 한방신경정신과 한방안·이비인후·피부과 한방소아과 한방부인과 한방내과,WOMEN_HEALTH,"인천광역시 계양구 오조산로 53, 미소지움메디컬빌딩 2층 202호 (계산동)",계양구,032-555-5575,37.53558948,126.7382544,인천광역시 계양구 오조산로 53,인천 계양구 오조산로 53
뉴라이프의원,의원,피부과 산부인과 마취통증의학과 성형외과 외과,WOMEN_HEALTH,"인천광역시 계양구 계산새로 89, 대림프라자 402호 (용종동)",계양구,032-555-7556,37.53817275,126.7380638,인천광역시 계양구 계산새로 89,인천 계양구 계산새로 89
다나한의원,한의원,한방내과 한방부인과 한방소아과 한방안·이비인후·피부과 한방신경정신과 한방재활의학과 사상체질과 침구과,WOMEN_HEALTH,인천광역시 계양구 주부토로472번길 11 (계산동),계양구,032-555-1075,37.53632549,126.7293766,인천광역시 계양구 주부토로472번길 11,인천 계양구 주부토로472번길 11
대경당한의원,한의원,한방내과 한방부인과 한방소아과 한방안·이비인후·피부과 한방신경정신과 한방재활의학과 사상체질과 침구과 한방응급과,WOMEN_HEALTH,"인천광역시 계양구 계양대로 44, 덕용프라자 502호 (작전동)",계양구,032-545-1075,37.52772593,126.7228202,인천광역시 계양구 계양대로 44,인천 계양구 계양대로 44
대명한의원,한의원,한방내과 한방부인과 침구과 한방소아과 한방신경정신과,WOMEN_HEALTH,"인천광역시 계양구 오조산공원로 22, 303호 (용종동, 계양프라자)",계양구,032-543-0665,37.53962602,126.7372745,인천광역시 계양구 오조산공원로 22,인천 계양구 오조산공원로 22
대연당한의원,한의원,침구과 사상체질과 한방재활의학과 한방신경정신과 한방안·이비인후·피부과 한방소아과 한방부인과 한방내과,WOMEN_HEALTH,"인천광역시 계양구 경명대로 1074, 삼환1빌딩 302,307호 (계산동)",계양구,032-858-7772,37.54309686,126.726218,인천광역시 계양구 경명대로 1074,인천 계양구 경명대로 1074
대연한의원,한의원,침구과 사상체질과 한방재활의학과 한방신경정신과 한방안·이비인후·피부과 한방소아과 한방부인과 한방내과,WOMEN_HEALTH,"인천광역시 계양구 계양산로 216, 2층 (임학동)",계양구,032-716-9975,37.54737346,126.7399755,인천광역시 계양구 계양산로 216,인천 계양구 계양산로 216
더베스트한의원,한의원,한방내과 한방부인과 한방소아과 한방안·이비인후·피부과 한방신경정신과 한방재활의학과 사상체질과 침구과,WOMEN_HEALTH,"인천광역시 계양구 오조산공원로 26, (주)골드프라자 3층 (용종동)",계양구,032-546-4975,37.53971311,126.7377019,인천광역시 계양구 오조산공원로 26,인천 계양구 오조산공원로 26
도앤다한의원 동양점,한의원,한방내과 한방부인과 한방소아과 한방안·이비인후·피부과 한방신경정신과 한방재활의학과 사상체질과 침구과,WOMEN_HEALTH,"인천광역시 계양구 양지로 42-1, 의진빌딩 1층 및 3층 (동양동)",계양구,032-710-8251,37.56247092,126.7556345,인천광역시 계양구 양지로 42-1,인천 계양구 양지로 42-1
동보경희한의원,한의원,한방내과 한방부인과 한방소아과 한방안·이비인후·피부과 한방신경정신과 한방재활의학과 사상체질과 침구과 한방응급과,WOMEN_HEALTH,"인천광역시 계양구 아나지로 311, 동보아파트 214호 (작전동)",계양구,032-556-1075,37.52585317,126.7267108,인천광역시 계양구 아나지로 311,인천 계양구 아나지로 311
동서한의원,한의원,한방내과 한방안·이비인후·피부과 한방부인과 한방신경정신과 침구과 한방소아과,WOMEN_HEALTH,"인천광역시 계양구 효서로 380, 210, 211호 (작전동, 신현대타운)",계양구,032-554-1858,37.5275373,126.7381957,인천광역시 계양구 효서로 380,인천 계양구 효서로 380
동양한의원,한의원,한방내과 한방부인과 한방소아과 한방안·이비인후·피부과 한방신경정신과 한방재활의학과 사상체질과 침구과,WOMEN_HEALTH,인천광역시 계양구 동양로 101 (동양동),계양구,032-555-7510,37.55902068,126.7561285,인천광역시 계양구 동양로 101,인천 계양구 동양로 101
동의보감한의원,한의원,한방내과 한방부인과 한방소아과 한방안·이비인후·피부과 한방신경정신과 한방재활의학과 사상체질과 침구과 한방응급과,WOMEN_HEALTH,"인천광역시 계양구 경명대로 1090, 3층 305호 (계산동, 계산메가타운)",계양구,032-554-3375,37.5429736,126.7280478,인천광역시 계양구 경명대로 1090,인천 계양구 경명대로 1090
동의본한의원,한의원,한방내과 한방부인과 한방소아과 한방안·이비인후·피부과 한방신경정신과 한방재활의학과 침구과,WOMEN_HEALTH,"인천광역시 계양구 병방시장로 78, 1층 일부호 (병방동)",계양구,032-361-1075,37.54782712,126.7404705,인천광역시 계양구 병방시장로 78,인천 계양구 병방시장로 78
두리산부인과두리내과의원,의원,산부인과 내과 소아청소년과 이비인후과 비뇨의학과 피부과 방사선종양학과,WOMEN_HEALTH,"인천광역시 계양구 계양대로 83, 2층 (작전동)",계양구,032-545-7030,37.53123182,126.7222097,인천광역시 계양구 계양대로 83,인천 계양구 계양대로 83
맑은샘한의원,한의원,한방내과 한방안·이비인후·피부과 한방부인과 한방신경정신과 침구과 한방소아과 한방재활의학과,WOMEN_HEALTH,"인천광역시 계양구 효서로 196, 2층 (효성동)",계양구,032-551-8808,37.52778379,126.7176924,인천광역시 계양구 효서로 196,인천 계양구 효서로 196
미소삼대한의원,한의원,한방내과 한방부인과 한방소아과 한방안·이비인후·피부과 한방신경정신과 침구과,WOMEN_HEALTH,"인천광역시 계양구 경명대로 1048, 2층 (계산동)",계양구,032-547-4485,37.54315487,126.7232739,인천광역시 계양구 경명대로 1048,인천 계양구 경명대로 1048
바른한의원,한의원,침구과 사상체질과 한방재활의학과 한방신경정신과 한방안·이비인후·피부과 한방소아과 한방부인과 한방내과,WOMEN_HEALTH,"인천광역시 계양구 계산새로 93, 밀레니엄프라자 3층 301호 (용종동)",계양구,032-552-6808,37.5381622,126.738505,인천광역시 계양구 계산새로 93,인천 계양구 계산새로 93
바름온한의원 인천,한의원,한방내과 한방부인과 한방소아과 한방안·이비인후·피부과 한방신경정신과 한방재활의학과 사상체질과 침구과,WOMEN_HEALTH,"인천광역시 계양구 계양대로 65, 3층 (작전동)",계양구,032-721-8075,37.52965223,126.7219981,인천광역시 계양구 계양대로 65,인천 계양구 계양대로 65
박종운한의원,한의원,한방내과 한방부인과 한방소아과 한방안·이비인후·피부과 한방신경정신과 한방재활의학과 침구과,WOMEN_HEALTH,인천광역시 계양구 효서로 233(작전동),계양구,032-545-2517,37.5280865,126.7220467,인천광역시 계양구 효서로 233,인천 계양구 효서로 233
박촌한의원,한의원,한방내과 한방부인과 한방소아과 한방안·이비인후·피부과 한방신경정신과 한방재활의학과 사상체질과 침구과 한방응급과,WOMEN_HEALTH,인천광역시 계양구 장제로1009번길 2(박촌동),계양구,032-545-6695,37.555832,126.7453472,인천광역시 계양구 장제로1009번길 2,인천 계양구 장제로1009번길 2
백제한의원,한의원,한방내과 한방부인과 한방소아과 한방안·이비인후·피부과 한방신경정신과 한방재활의학과 사상체질과 침구과 한방응급과,WOMEN_HEALTH,"인천광역시 계양구 경명대로 1067, 201호 (계산동, 삼환2빌딩)",계양구,032-552-0110,37.54367818,126.7256694,인천광역시 계양구 경명대로 1067,인천 계양구 경명대로 1067
병방한의원,한의원,한방내과 한방부인과 한방소아과 한방안·이비인후·피부과 한방신경정신과 한방재활의학과 사상체질과 침구과,WOMEN_HEALTH,"인천광역시 계양구 계양산로215번길 4, 2층 (병방동)",계양구,032-555-7975,37.547823,126.7402765,인천광역시 계양구 계양산로215번길 4,인천 계양구 계양산로215번길 4
북경동인당한의원,한의원,한방내과 한방안·이비인후·피부과 사상체질과 한방부인과 한방신경정신과 침구과 한방소아과 한방재활의학과,WOMEN_HEALTH,인천광역시 계양구 장제로 895 (임학동),계양구,032-551-1050,37.54672225,126.7397467,인천광역시 계양구 장제로 895,인천 계양구 장제로 895
삼기당한의원,한의원,한방내과 한방부인과 한방소아과 한방안·이비인후·피부과 한방신경정신과 한방재활의학과 사상체질과 침구과 한방응급과,WOMEN_HEALTH,인천광역시 계양구 계양대로 214 (계산동),계양구,032-541-2271,37.54304854,126.7230358,인천광역시 계양구 계양대로 214,인천 계양구 계양대로 214
상쾌한한의원,한의원,한방내과 한방부인과 한방소아과 한방안·이비인후·피부과 한방신경정신과 한방재활의학과 사상체질과 침구과 한방응급과,WOMEN_HEALTH,"인천광역시 계양구 오조산로 1, 거승프라자 202호, 203-2호 (작전동)",계양구,032-546-0075,37.530938,126.737815,인천광역시 계양구 오조산로 1,인천 계양구 오조산로 1
서송병원,병원,내과 신경과 마취통증의학과 소아청소년과 피부과 재활의학과 가정의학과 한방내과 한방부인과 한방소아과 한방안·이비인후·피부과 한방신경정신과 한방재활의학과 침구과,WOMEN_HEALTH,"인천광역시 계양구 경명대로972번길 9, 계산종합의료단지 A,B동 전체호 (계산동)",계양구,032-551-0114,37.5431523,126.7136518,인천광역시 계양구 경명대로972번길 9,인천 계양구 경명대로972번길 9
서울한의원,한의원,한방내과 한방부인과 한방소아과 한방안·이비인후·피부과 한방신경정신과 한방재활의학과 사상체질과 침구과 한방응급과,WOMEN_HEALTH,"인천광역시 계양구 경명대로 1051, 계림빌딩 1층 (계산동)",계양구,032-543-7585,37.54386344,126.7237071,인천광역시 계양구 경명대로 1051,인천 계양구 경명대로 1051
선한의원,한의원,한방내과 한방안·이비인후·피부과 사상체질과 침구과 한방신경정신과 한방부인과 한방소아과 한방재활의학과 한방응급과,WOMEN_HEALTH,"인천광역시 계양구 계양대로 38, 5층 (작전동)",계양구,032-546-1175,37.52723029,126.7227812,인천광역시 계양구 계양대로 38,인천 계양구 계양대로 38
설명한의원,한의원,한방내과 한방부인과 한방소아과 한방안·이비인후·피부과 한방신경정신과 한방재활의학과 사상체질과 침구과,WOMEN_HEALTH,"인천광역시 계양구 장제로 903, 2층 (임학동)",계양구,032-551-3330,37.54736024,126.7402349,인천광역시 계양구 장제로 903,인천 계양구 장제로 903
성로요양병원,요양병원,한방신경정신과 한방안·이비인후·피부과 한방부인과 한방내과 가정의학과 피부과 소아청소년과 심장혈관흉부외과 신경외과 정형외과 외과 정신건강의학과 신경과 내과,WOMEN_HEALTH,인천광역시 계양구 아나지로 378(작전동),계양구,032-555-4433,37.52517733,126.7340494,인천광역시 계양구 아나지로 378,인천 계양구 아나지로 378
성베드로한방병원,한방병원,침구과 사상체질과 한방재활의학과 한방신경정신과 한방소아과 한방부인과 한방내과 마취통증의학과,WOMEN_HEALTH,"인천광역시 계양구 장제로 785, 성베드로한방병원 1,2,3,4층 (계산동)",계양구,032-544-2200,37.53789364,126.7339982,인천광역시 계양구 장제로 785,인천 계양구 장제로 785
성보한의원,한의원,한방내과 한방부인과 한방소아과 한방안·이비인후·피부과 한방신경정신과 한방재활의학과 사상체질과 침구과 한방응급과,WOMEN_HEALTH,"인천광역시 계양구 용종로 2, 계산프라자 (계산동)",계양구,032-545-1769,37.53400799,126.7414635,인천광역시 계양구 용종로 2,인천 계양구 용종로 2
세란성심의원,의원,내과 정형외과 소아청소년과 안과 이비인후과 피부과 비뇨의학과 가정의학과 산부인과 심장혈관흉부외과 성형외과 외과,WOMEN_HEALTH,"인천광역시 계양구 계양대로 187, 2~5층 (계산동)",계양구,032-554-6702,37.5406383,126.7223135,인천광역시 계양구 계양대로 187,인천 계양구 계양대로 187
세종한의원,한의원,한방내과 한방부인과 한방소아과 한방안·이비인후·피부과 한방신경정신과 한방재활의학과 사상체질과 침구과 한방응급과,WOMEN_HEALTH,"인천광역시 계양구 장제로 999, 3층 (박촌동)",계양구,032-501-8128,37.55489259,126.7451669,인천광역시 계양구 장제로 999,인천 계양구 장제로 999
안심한의원,한의원,한방내과 한방부인과 한방소아과 한방안·이비인후·피부과 한방신경정신과 한방재활의학과 사상체질과 침구과,WOMEN_HEALTH,"인천광역시 계양구 경명대로 1063, 2층 (계산동)",계양구,032-815-1075,37.54369199,126.7251396,인천광역시 계양구 경명대로 1063,인천 계양구 경명대로 1063
약손한의원,한의원,한방내과 한방부인과 한방소아과 한방안·이비인후·피부과 한방신경정신과 한방재활의학과 사상체질과 침구과,WOMEN_HEALTH,"인천광역시 계양구 병방시장로 81, 2층, 3층 일부호 (병방동)",계양구,032-544-7555,37.54800265,126.7407248,인천광역시 계양구 병방시장로 81,인천 계양구 병방시장로 81
에스산부인과의원,의원,산부인과,WOMEN_HEALTH,"인천광역시 계양구 계양대로119번길 1, 안톤스테이 101호~105호 (작전동)",계양구,032-715-4328,37.5343345,126.7220596,인천광역시 계양구 계양대로119번길 1,인천 계양구 계양대로119번길 1
엠앤비여성병원,병원,산부인과 내과 소아청소년과 마취통증의학과 가정의학과 외과 영상의학과,WOMEN_HEALTH,인천광역시 계양구 장제로772번길 2(계산동),계양구,032-552-3500,37.53653317,126.7348152,인천광역시 계양구 장제로772번길 2,인천 계양구 장제로772번길 2
연세산부인과의원,의원,산부인과,WOMEN_HEALTH,인천광역시 계양구 계산새로65번길 17(계산동),계양구,032-543-3377,37.53983206,126.7353272,인천광역시 계양구 계산새로65번길 17,인천 계양구 계산새로65번길 17
연세중앙의원,의원,소아청소년과 내과 정형외과 비뇨의학과 산부인과 피부과 이비인후과 안과,WOMEN_HEALTH,"인천광역시 계양구 봉오대로477번길 19, 태산아파트 (효성동)",계양구,032-554-1211,37.5297442,126.7010046,인천광역시 계양구 봉오대로477번길 19,인천 계양구 봉오대로477번길 19
예인한의원,한의원,한방내과 한방부인과 한방소아과 한방안·이비인후·피부과 한방신경정신과 한방재활의학과 사상체질과 침구과 한방응급과,WOMEN_HEALTH,인천광역시 계양구 장제로 913(병방동),계양구,032-541-1075,37.54808207,126.7408254,인천광역시 계양구 장제로 913,인천 계양구 장제로 913
예진요양병원,요양병원,침구과 사상체질과 한방재활의학과 한방신경정신과 한방안·이비인후·피부과 한방소아과 한방부인과 한방내과 가정의학과 결핵과 재활의학과 병리과 영상의학과 산부인과 심장혈관흉부외과 신경외과 정형외과 신경과 내과,WOMEN_HEALTH,"인천광역시 계양구 계양대로 188, 4,5층 (계산동, 노바체빌딩)",계양구,032-556-8810,37.54051728,126.7231148,인천광역시 계양구 계양대로 188,인천 계양구 계양대로 188
예화한의원,한의원,한방내과 한방부인과 한방소아과 한방안·이비인후·피부과 한방신경정신과 한방재활의학과 사상체질과 침구과 한방응급과,WOMEN_HEALTH,"인천광역시 계양구 효서로 137, 201호 (효성동)",계양구,032-547-8297,37.52806785,126.7113057,인천광역시 계양구 효서로 137,인천 계양구 효서로 137
올래한의원,한의원,침구과 사상체질과 한방재활의학과 한방신경정신과 한방안·이비인후·피부과 한방소아과 한방부인과 한방내과,WOMEN_HEALTH,"인천광역시 계양구 오조산로 51, 윤빌딩 3층 (계산동)",계양구,032-545-7588,37.5354074,126.7383029,인천광역시 계양구 오조산로 51,인천 계양구 오조산로 51
유송한의원,한의원,한방내과 한방부인과 한방소아과 한방안·이비인후·피부과 한방신경정신과 한방재활의학과 사상체질과 침구과,WOMEN_HEALTH,"인천광역시 계양구 안남로 543, 2층 (효성동)",계양구,032-543-1075,37.53147984,126.7104974,인천광역시 계양구 안남로 543,인천 계양구 안남로 543
은행나무한의원,한의원,한방내과 한방부인과 한방소아과 한방안·이비인후·피부과 한방신경정신과 한방재활의학과 사상체질과 침구과 한방응급과,WOMEN_HEALTH,"인천광역시 계양구 계산새로 93, 4층 405호 (용종동)",계양구,032-553-5700,37.5381622,126.738505,인천광역시 계양구 계산새로 93,인천 계양구 계산새로 93
의료법인 샬롬의료재단 브니엘요양병원,요양병원,내과 신경과 외과 신경외과 마취통증의학과 피부과 가정의학과 한방내과 한방부인과 한방신경정신과 한방재활의학과 침구과,WOMEN_HEALTH,"인천광역시 계양구 주부토로 494, 비101호, 비102호, 101호, 102호, 201호, 301호, 401호, 501호, 601호 (계산동)",계양구,032-555-1088,37.53823901,126.728387,인천광역시 계양구 주부토로 494,인천 계양구 주부토로 494
의료법인인성의료재단한림병원,종합병원,"내과, 신경과, 정신건강의학과, 외과, 정형외과, 신경외과, 심장혈관흉부외과, 성형외과, 마취통증의학과, 산부인과, 소아청소년과, 안과, 이비인후과, 피부과, 비뇨의학과, 영상의학과, 병리과, 진단검사의학과, 재활의학과, 핵의학과, 가정의학과, 응급의학과, 직업환경의학과, 예방치과, 방사선종양학과",WOMEN_HEALTH,인천광역시 계양구 장제로 722 (작전동),계양구,032-540-9114,37.53224703,126.7343347,인천광역시 계양구 장제로 722,인천 계양구 장제로 722
이벤트365의원,의원,성형외과 산부인과 피부과,WOMEN_HEALTH,"인천광역시 계양구 계양대로 58-1, 2층 202호 (작전동)",계양구,032-551-1100,37.52908196,126.7236007,인천광역시 계양구 계양대로 58-1,인천 계양구 계양대로 58-1
인천감초당한의원,한의원,침구과 사상체질과 한방재활의학과 한방신경정신과 한방안·이비인후·피부과 한방소아과 한방부인과 한방내과,WOMEN_HEALTH,"인천광역시 계양구 계산새로 71, 하이베라스 C동 2층 204,205,206호 (계산동)",계양구,032-551-7575,37.53878034,126.7358176,인천광역시 계양구 계산새로 71,인천 계양구 계산새로 71
인천제2시립노인치매요양병원,요양병원,침구과 사상체질과 한방재활의학과 한방신경정신과 한방안·이비인후·피부과 한방소아과 한방부인과 한방내과 가정의학과 재활의학과 신경외과 외과 신경과 내과,WOMEN_HEALTH,"인천광역시 계양구 드림로 852, 노인치매요양병원 (갈현동)",계양구,032-554-8300,37.57485203,126.729059,인천광역시 계양구 드림로 852,인천 계양구 드림로 852
인천편안내과의원,의원,가정의학과 재활의학과 진단검사의학과 병리과 영상의학과 비뇨의학과 피부과 이비인후과 안과 소아청소년과 산부인과 마취통증의학과 신경외과 정형외과 외과 신경과 내과,WOMEN_HEALTH,"인천광역시 계양구 계양대로 44, 덕용프라자 302호, 303호 (작전동)",계양구,032-545-2191,37.52772593,126.7228202,인천광역시 계양구 계양대로 44,인천 계양구 계양대로 44
인천하이병원,병원,가정의학과 영상의학과 산부인과 마취통증의학과 신경외과 정형외과 외과 내과,WOMEN_HEALTH,인천광역시 계양구 경명대로 1107 (계산동),계양구,032-555-1675,37.5435465,126.7300696,인천광역시 계양구 경명대로 1107,인천 계양구 경명대로 1107
인천한의원,한의원,한방내과 한방부인과 한방소아과 한방안·이비인후·피부과 한방신경정신과 침구과,WOMEN_HEALTH,"인천광역시 계양구 봉오대로 668, 1층 (작전동)",계양구,032-547-9494,37.52962713,126.7232062,인천광역시 계양구 봉오대로 668,인천 계양구 봉오대로 668
임학한의원,한의원,한방내과 한방부인과 한방소아과 한방안·이비인후·피부과 한방신경정신과 한방재활의학과 사상체질과 침구과,WOMEN_HEALTH,"인천광역시 계양구 장제로 877, 2층 (임학동)",계양구,032-547-2075,37.54537403,126.7386164,인천광역시 계양구 장제로 877,인천 계양구 장제로 877
작전경희한의원,한의원,한방내과 한방부인과 한방소아과 한방안·이비인후·피부과 한방신경정신과 한방재활의학과 사상체질과 침구과,WOMEN_HEALTH,인천광역시 계양구 작전시장로 16 (작전동),계양구,032-551-1052,37.53248284,126.7244717,인천광역시 계양구 작전시장로 16,인천 계양구 작전시장로 16
작전한의원,한의원,침구과 사상체질과 한방재활의학과 한방신경정신과 한방안·이비인후·피부과 한방소아과 한방부인과 한방내과,WOMEN_HEALTH,"인천광역시 계양구 장제로 717, 4층 (작전동)",계양구,032-551-1052,37.53183681,126.7335396,인천광역시 계양구 장제로 717,인천 계양구 장제로 717
장생한의원,한의원,한방내과 한방부인과 한방소아과 한방안·이비인후·피부과 한방신경정신과 침구과,WOMEN_HEALTH,"인천광역시 계양구 아나지로417번길 20, 3층 (작전동)",계양구,032-551-6644,37.52740491,126.7388727,인천광역시 계양구 아나지로417번길 20,인천 계양구 아나지로417번길 20
정성한방병원,한방병원,마취통증의학과 한방내과 한방부인과 한방소아과 한방안·이비인후·피부과 한방신경정신과 한방재활의학과 사상체질과 침구과,WOMEN_HEALTH,"인천광역시 계양구 계양대로 94, 영화빌딩 1, 3, 4, 5층 (작전동)",계양구,032-556-5575,37.53209478,126.7230087,인천광역시 계양구 계양대로 94,인천 계양구 계양대로 94
정한의원,한의원,한방내과 한방부인과 한방소아과 한방안·이비인후·피부과 한방재활의학과 침구과,WOMEN_HEALTH,인천광역시 계양구 형제봉길 57 (귤현동),계양구,032-543-1071,37.567303,126.7494288,인천광역시 계양구 형제봉길 57,인천 계양구 형제봉길 57
제일산부인과의원,의원,산부인과,WOMEN_HEALTH,"인천광역시 계양구 계산새로 71, 하이베라스빌딩 C동 309호 (계산동)",계양구,032-554-7114,37.53878034,126.7358176,인천광역시 계양구 계산새로 71,인천 계양구 계산새로 71
제일한의원,한의원,한방내과 한방부인과 한방소아과 한방안·이비인후·피부과 한방신경정신과 침구과,WOMEN_HEALTH,"인천광역시 계양구 안남로 548, 311호 (효성동, 효성프라자)",계양구,032-549-7975,37.53192328,126.711071,인천광역시 계양구 안남로 548,인천 계양구 안남로 548
조각목한의원,한의원,한방내과 한방부인과 한방소아과 한방안·이비인후·피부과 한방신경정신과 한방재활의학과 사상체질과 침구과,WOMEN_HEALTH,"인천광역시 계양구 계양대로 85, 2층 (작전동)",계양구,032-507-1075,37.53139206,126.7221926,인천광역시 계양구 계양대로 85,인천 계양구 계양대로 85
조중엽한의원,한의원,한방내과 한방부인과 한방소아과 한방안·이비인후·피부과 한방신경정신과 한방재활의학과 사상체질과 침구과,WOMEN_HEALTH,"인천광역시 계양구 효서로145번길 1, 3층 (효성동)",계양구,032-553-5975,37.52808063,126.7118538,인천광역시 계양구 효서로145번길 1,인천 계양구 효서로145번길 1
진생한의원,한의원,한방내과 한방부인과 한방소아과 한방안·이비인후·피부과 한방신경정신과 한방재활의학과 사상체질과 침구과 한방응급과,WOMEN_HEALTH,"인천광역시 계양구 동양로 103, 2층 (동양동)",계양구,032-554-0030,37.55903728,126.756447,인천광역시 계양구 동양로 103,인천 계양구 동양로 103
참경희한의원,한의원,한방내과 한방부인과 한방소아과 한방안·이비인후·피부과 한방신경정신과 한방재활의학과 사상체질과 침구과,WOMEN_HEALTH,"인천광역시 계양구 안남로 568, 2층 (효성동)",계양구,032-556-7975,37.53365668,126.7103267,인천광역시 계양구 안남로 568,인천 계양구 안남로 568
참다정한의원,한의원,침구과 사상체질과 한방재활의학과 한방신경정신과 한방안·이비인후·피부과 한방소아과 한방부인과 한방내과,WOMEN_HEALTH,"인천광역시 계양구 경명대로 1088, 2층 (계산동)",계양구,032-719-7510,37.54304051,126.7277185,인천광역시 계양구 경명대로 1088,인천 계양구 경명대로 1088
천수당한의원,한의원,한방내과 한방부인과 한방소아과 한방안·이비인후·피부과 한방신경정신과 한방재활의학과 사상체질과 침구과 한방응급과,WOMEN_HEALTH,"인천광역시 계양구 효서로 339, 2층 (작전동)",계양구,032-546-7380,37.52830699,126.7338675,인천광역시 계양구 효서로 339,인천 계양구 효서로 339
청해한의원,한의원,한방내과 한방부인과 한방소아과 한방안·이비인후·피부과 한방신경정신과 침구과,WOMEN_HEALTH,"인천광역시 계양구 계산천동로19번길 15, 1층 (계산동)",계양구,032-544-6713,37.53945238,126.7257719,인천광역시 계양구 계산천동로19번길 15,인천 계양구 계산천동로19번길 15
태산한의원,한의원,한방내과 한방부인과 한방소아과 한방안·이비인후·피부과 한방신경정신과 한방재활의학과 사상체질과 침구과 한방응급과,WOMEN_HEALTH,인천광역시 계양구 효서로 57(효성동),계양구,032-548-1075,37.52781569,126.7019958,인천광역시 계양구 효서로 57,인천 계양구 효서로 57
태을당한의원,한의원,침구과 사상체질과 한방재활의학과 한방신경정신과 한방안·이비인후·피부과 한방소아과 한방부인과 한방내과,WOMEN_HEALTH,"인천광역시 계양구 장제로 873, 2층 202호 (임학동)",계양구,032-543-8186,37.54508739,126.7382781,인천광역시 계양구 장제로 873,인천 계양구 장제로 873
평강한의원,한의원,한방내과 한방부인과 한방소아과 한방안·이비인후·피부과 한방신경정신과 침구과,WOMEN_HEALTH,"인천광역시 계양구 주부토로 479, 축협계산빌딩 (계산동)",계양구,032-546-9911,37.53698577,126.727742,인천광역시 계양구 주부토로 479,인천 계양구 주부토로 479
하나미엘여성의원,의원,산부인과 성형외과 피부과,WOMEN_HEALTH,"인천광역시 계양구 경명대로 1157, 1,2층 (임학동)",계양구,032-544-8422,37.54328676,126.7357348,인천광역시 계양구 경명대로 1157,인천 계양구 경명대로 1157
하랑산부인과의원,의원,산부인과,WOMEN_HEALTH,"인천광역시 계양구 장제로 912, 5층 (병방동)",계양구,032-554-5300,37.5477551,126.7412365,인천광역시 계양구 장제로 912,인천 계양구 장제로 912
한가람메디즈의원,의원,가정의학과 재활의학과 비뇨의학과 피부과 이비인후과 안과 소아청소년과 산부인과 성형외과 심장혈관흉부외과 신경외과 정형외과 외과 정신건강의학과 신경과 내과,WOMEN_HEALTH,"인천광역시 계양구 새벌로 112, 마스터즈 2층 206~209호 (효성동)",계양구,032-721-7512,37.52706338,126.7175129,인천광역시 계양구 새벌로 112,인천 계양구 새벌로 112
한마음병원,병원,산부인과 성형외과 정형외과 내과,WOMEN_HEALTH,"인천광역시 계양구 계양대로 51, 한마음병원 지하1~5층 (작전동)",계양구,032-553-0070,37.52836052,126.7220578,인천광역시 계양구 계양대로 51,인천 계양구 계양대로 51
한초당한의원,한의원,한방내과 한방부인과 한방소아과 한방안·이비인후·피부과 한방신경정신과 사상체질과 침구과 한방응급과,WOMEN_HEALTH,"인천광역시 계양구 계양대로 53 (작전동, 휘림빌딩)",계양구,032-554-5754,37.52857933,126.7221169,인천광역시 계양구 계양대로 53,인천 계양구 계양대로 53
함소아한의원,한의원,한방내과 한방부인과 한방소아과 한방안·이비인후·피부과 한방신경정신과 한방재활의학과 사상체질과 침구과,WOMEN_HEALTH,"인천광역시 계양구 계양대로 56, 다동 302호 (작전동)",계양구,032-553-1075,37.52871251,126.7236577,인천광역시 계양구 계양대로 56,인천 계양구 계양대로 56
홍제한의원,한의원,한방내과 한방부인과 한방소아과 한방안·이비인후·피부과 한방신경정신과 침구과,WOMEN_HEALTH,인천광역시 계양구 경명대로 1057(계산동),계양구,032-541-0790,37.54370185,126.7244968,인천광역시 계양구 경명대로 1057,인천 계양구 경명대로 1057
효성병원,병원,침구과 사상체질과 한방재활의학과 한방신경정신과 한방안·이비인후·피부과 한방소아과 한방부인과 한방내과 가정의학과 재활의학과 산부인과 내과,WOMEN_HEALTH,인천광역시 계양구 안남로 538 (효성동),계양구,032-555-2695,37.53094996,126.7112673,인천광역시 계양구 안남로 538,인천 계양구 안남로 538
365잘봄한의원,한의원,한방내과 한방부인과 한방소아과 한방안·이비인후·피부과 한방신경정신과 한방재활의학과 사상체질과 침구과,WOMEN_HEALTH,"인천광역시 남동구 서창남순환로215번길 36, 리치프라자 306,307,308호 (서창동)",남동구,032-719-7910,37.42575276,126.7477259,인천광역시 남동구 서창남순환로215번길 36,인천 남동구 서창남순환로215번길 36
가로세로한의원,한의원,침구과 사상체질과 한방재활의학과 한방신경정신과 한방안·이비인후·피부과 한방소아과 한방부인과 한방내과,WOMEN_HEALTH,"인천광역시 남동구 인주대로 582, 신현프라자 5층 502호 (구월동)",남동구,032-545-5556,37.44978009,126.7015901,인천광역시 남동구 인주대로 582,인천 남동구 인주대로 582
간석경희한의원,한의원,침구과 사상체질과 한방재활의학과 한방신경정신과 한방안·이비인후·피부과 한방소아과 한방부인과 한방내과,WOMEN_HEALTH,인천광역시 남동구 호구포로 886 (간석동),남동구,032-465-1075,37.46142453,126.7204804,인천광역시 남동구 호구포로 886,인천 남동구 호구포로 886
간석한방병원,한방병원,침구과 사상체질과 한방재활의학과 한방신경정신과 한방안·이비인후·피부과 한방소아과 한방부인과 한방내과 가정의학과,WOMEN_HEALTH,인천광역시 남동구 백범로 403 (간석동),남동구,032-554-7582,37.46704258,126.7064669,인천광역시 남동구 백범로 403,인천 남동구 백범로 403
감초당한의원,한의원,한방내과 한방안·이비인후·피부과 사상체질과 한방부인과 한방신경정신과 침구과 한방소아과 한방재활의학과,WOMEN_HEALTH,"인천광역시 남동구 구월로276번길 20, 금영상가 1층 일부, 2층 일부호 (구월동)",남동구,032-462-7585,37.45478467,126.7209526,인천광역시 남동구 구월로276번길 20,인천 남동구 구월로276번길 20
경일한의원,한의원,한방내과 한방소아과 한방안·이비인후·피부과 사상체질과 한방부인과 한방신경정신과 침구과 한방재활의학과,WOMEN_HEALTH,인천광역시 남동구 백범로 395 (간석동),남동구,032-423-0493,37.46700375,126.7073051,인천광역시 남동구 백범로 395,인천 남동구 백범로 395
경희5편안한의원,한의원,한방내과 한방부인과 한방소아과 한방안·이비인후·피부과 한방신경정신과 한방재활의학과 사상체질과 침구과,WOMEN_HEALTH,"인천광역시 남동구 남동대로 886, 203,204호 (간석동)",남동구,032-426-5875,37.46160619,126.7086987,인천광역시 남동구 남동대로 886,인천 남동구 남동대로 886
경희논현봄한의원,한의원,한방내과 한방안·이비인후·피부과 사상체질과 한방부인과 한방신경정신과 침구과 한방소아과 한방재활의학과,WOMEN_HEALTH,"인천광역시 남동구 논고개로 93, 3층 306호, 307일부호 (논현동, 보미리즌텔)",남동구,032-231-0078,37.39951217,126.7248198,인천광역시 남동구 논고개로 93,인천 남동구 논고개로 93
경희다예누한의원,한의원,한방내과 사상체질과 한방안·이비인후·피부과 한방부인과 한방신경정신과 침구과 한방소아과 한방재활의학과,WOMEN_HEALTH,"인천광역시 남동구 호구포로 818, 218~221호 (구월동, 퍼스트하임프라자)",남동구,032-472-8181,37.45536467,126.7196678,인천광역시 남동구 호구포로 818,인천 남동구 호구포로 818
경희든든부부한의원,한의원,한방내과 한방부인과 한방소아과 한방안·이비인후·피부과 한방신경정신과 한방재활의학과 사상체질과 침구과,WOMEN_HEALTH,"인천광역시 남동구 앵고개로 928, 202, 203호 (논현동)",남동구,032-710-6290,37.40178041,126.7339216,인천광역시 남동구 앵고개로 928,인천 남동구 앵고개로 928
경희선한의원,한의원,침구과 사상체질과 한방재활의학과 한방신경정신과 한방안·이비인후·피부과 한방소아과 한방부인과 한방내과,WOMEN_HEALTH,"인천광역시 남동구 호구포로 903, 로얄빌딩 3층 (간석동)",남동구,032-434-7575,37.46305085,126.7202141,인천광역시 남동구 호구포로 903,인천 남동구 호구포로 903
경희슬기한의원,한의원,한방내과 한방부인과 한방소아과 한방안·이비인후·피부과 한방신경정신과 한방재활의학과 사상체질과 침구과,WOMEN_HEALTH,"인천광역시 남동구 인하로 568, 아시아드타워(상업5-2) 303호 (구월동)",남동구,032-467-2255,37.44251086,126.7097101,인천광역시 남동구 인하로 568,인천 남동구 인하로 568
경희온유한의원,한의원,한방내과 한방부인과 한방소아과 한방안·이비인후·피부과 한방신경정신과 한방재활의학과 사상체질과 침구과,WOMEN_HEALTH,"인천광역시 남동구 구월로 62, 2층 (간석동)",남동구,032-422-1075,37.45704333,126.6970985,인천광역시 남동구 구월로 62,인천 남동구 구월로 62
경희일이삼한의원,한의원,한방내과 한방부인과 한방소아과 한방안·이비인후·피부과 한방신경정신과 한방재활의학과 사상체질과 침구과,WOMEN_HEALTH,"인천광역시 남동구 구월로 280, 2층 (구월동)",남동구,032-463-1123,37.45551079,126.721639,인천광역시 남동구 구월로 280,인천 남동구 구월로 280
경희자란한의원,한의원,한방내과 한방부인과 한방소아과 한방안·이비인후·피부과 한방신경정신과 한방재활의학과 사상체질과 침구과,WOMEN_HEALTH,"인천광역시 남동구 구월남로 280, 2층 (구월동, 알파프라자)",남동구,032-464-1688,37.4519553,126.7207957,인천광역시 남동구 구월남로 280,인천 남동구 구월남로 280
경희진한의원,한의원,한방내과 한방부인과 한방소아과 한방안·이비인후·피부과 침구과,WOMEN_HEALTH,인천광역시 남동구 구월남로 172 (구월동),남동구,032-461-7582,37.45275153,126.7084115,인천광역시 남동구 구월남로 172,인천 남동구 구월남로 172
경희청담한의원,한의원,한방내과 한방안·이비인후·피부과 사상체질과 침구과 한방신경정신과 한방부인과 한방소아과 한방재활의학과,WOMEN_HEALTH,"인천광역시 남동구 구월남로 163, 303호 (구월동, 토성프라자)",남동구,032-715-7575,37.45321579,126.7076666,인천광역시 남동구 구월남로 163,인천 남동구 구월남로 163
경희침앤추한의원 인천논현동본점,한의원,한방내과 한방부인과 한방소아과 한방안·이비인후·피부과 한방신경정신과 한방재활의학과 사상체질과 침구과,WOMEN_HEALTH,"인천광역시 남동구 논고개로 85, 골든프라자 2 5층 (논현동)",남동구,032-428-1072,37.39888851,126.7256446,인천광역시 남동구 논고개로 85,인천 남동구 논고개로 85
경희푸른솔한의원,한의원,한방내과 한방부인과 한방소아과 한방안·이비인후·피부과 한방신경정신과 한방재활의학과 사상체질과 침구과,WOMEN_HEALTH,"인천광역시 남동구 호구포로535번길 48-2, 4층 (남촌동, 부경빌딩)",남동구,032-469-1075,37.43003549,126.7156252,인천광역시 남동구 호구포로535번길 48-2,인천 남동구 호구포로535번길 48-2
경희한의원,한의원,한방내과 한방부인과 한방소아과 한방안·이비인후·피부과 한방신경정신과 한방재활의학과 사상체질과 침구과 한방응급과,WOMEN_HEALTH,"인천광역시 남동구 호구포로800번길 23, 2층 (구월동)",남동구,032-468-7582,37.45379361,126.7205939,인천광역시 남동구 호구포로800번길 23,인천 남동구 호구포로800번길 23
고운사랑한의원,한의원,한방내과 한방소아과 한방안·이비인후·피부과 사상체질과 한방부인과 한방신경정신과 침구과 한방재활의학과,WOMEN_HEALTH,"인천광역시 남동구 인주대로 664, 3층 (구월동)",남동구,032-464-1275,37.44916997,126.7108126,인천광역시 남동구 인주대로 664,인천 남동구 인주대로 664
관수당한의원,한의원,한방내과 한방부인과 한방소아과 침구과 한방신경정신과 한방안·이비인후·피부과 한방재활의학과,WOMEN_HEALTH,"인천광역시 남동구 호구포로 221, 503,504호 (논현동, 남동메디칼센터)",남동구,032-425-1122,37.40277868,126.7096955,인천광역시 남동구 호구포로 221,인천 남동구 호구포로 221
광생한의원,한의원,한방내과 한방부인과 한방소아과 한방안·이비인후·피부과 한방신경정신과 한방재활의학과 사상체질과 침구과,WOMEN_HEALTH,"인천광역시 남동구 장승남로 44, 4층 (만수동)",남동구,032-471-1075,37.44316571,126.7370005,인천광역시 남동구 장승남로 44,인천 남동구 장승남로 44
구월경희한의원,한의원,한방내과 한방부인과 한방소아과 한방안·이비인후·피부과 한방신경정신과 한방재활의학과 사상체질과 침구과,WOMEN_HEALTH,"인천광역시 남동구 인하로 613, 202호, 203호 (구월동, 더존프라자)",남동구,032-428-9888,37.44313351,126.715059,인천광역시 남동구 인하로 613,인천 남동구 인하로 613
구월제일한의원,한의원,한방내과 한방부인과 한방소아과 한방안·이비인후·피부과 한방신경정신과 한방재활의학과 사상체질과 침구과,WOMEN_HEALTH,"인천광역시 남동구 구월남로 194, 3층 전체호 (구월동)",남동구,032-461-1617,37.45259106,126.7110893,인천광역시 남동구 구월남로 194,인천 남동구 구월남로 194
구월한방병원,한방병원,침구과 사상체질과 한방재활의학과 한방신경정신과 한방안·이비인후·피부과 한방소아과 한방부인과 한방내과 정형외과 내과,WOMEN_HEALTH,"인천광역시 남동구 호구포로 832, 1~3층 (구월동)",남동구,032-462-7575,37.45653968,126.7197814,인천광역시 남동구 호구포로 832,인천 남동구 호구포로 832
국승민한의원,한의원,침구과 사상체질과 한방재활의학과 한방신경정신과 한방안·이비인후·피부과 한방소아과 한방부인과 한방내과,WOMEN_HEALTH,"인천광역시 남동구 만수로 71, 2층 (만수동)",남동구,032-463-1088,37.46189714,126.7354031,인천광역시 남동구 만수로 71,인천 남동구 만수로 71
국제한의원,한의원,한방내과 한방부인과 한방소아과 한방안·이비인후·피부과 한방신경정신과 한방재활의학과 사상체질과 침구과,WOMEN_HEALTH,"인천광역시 남동구 은청로 18, 301호 (고잔동)",남동구,032-811-1096,37.40658083,126.6947196,인천광역시 남동구 은청로 18,인천 남동구 은청로 18
기린한의원,한의원,한방내과 한방부인과 한방소아과 한방안·이비인후·피부과 한방신경정신과 한방재활의학과 사상체질과 침구과,WOMEN_HEALTH,"인천광역시 남동구 인하로507번길 18, 302호 (구월동, 대광프라자)",남동구,032-433-1075,37.44400458,126.7032585,인천광역시 남동구 인하로507번길 18,인천 남동구 인하로507번길 18
기상한의원,한의원,침구과 사상체질과 한방재활의학과 한방신경정신과 한방안·이비인후·피부과 한방소아과 한방부인과 한방내과,WOMEN_HEALTH,"인천광역시 남동구 구월로 308, 2층 (만수동)",남동구,032-719-7130,37.4553375,126.7248207,인천광역시 남동구 구월로 308,인천 남동구 구월로 308
기운찬한방병원,한방병원,침구과 사상체질과 한방재활의학과 한방신경정신과 한방안·이비인후·피부과 한방소아과 한방부인과 한방내과 가정의학과 재활의학과 신경외과 정형외과 내과,WOMEN_HEALTH,"인천광역시 남동구 인주대로 593, 9,10,11층 (구월동)",남동구,1833-3966,37.45035646,126.7028739,인천광역시 남동구 인주대로 593,인천 남동구 인주대로 593
김경태한의원,한의원,한방내과 한방부인과 한방소아과 한방안·이비인후·피부과 한방신경정신과 한방재활의학과 사상체질과 침구과,WOMEN_HEALTH,"인천광역시 남동구 인하로 559, 센트럴프라자(근생3-1,3-2) 201,202호 (구월동)",남동구,032-462-1775,37.44306519,126.7088784,인천광역시 남동구 인하로 559,인천 남동구 인하로 559
김성남한의원,한의원,침구과 사상체질과 한방재활의학과 한방신경정신과 한방안·이비인후·피부과 한방소아과 한방부인과 한방내과,WOMEN_HEALTH,"인천광역시 남동구 용천로87번길 23, 상가동 102호 (구월동, 구월힐스테이트3단지아파트)",남동구,032-473-8286,37.45688557,126.7119494,인천광역시 남동구 용천로87번길 23,인천 남동구 용천로87번길 23
김영진한의원,한의원,침구과 사상체질과 한방재활의학과 한방신경정신과 한방안·이비인후·피부과 한방소아과 한방부인과 한방내과,WOMEN_HEALTH,"인천광역시 남동구 논고개로 61, 4층 405호 (논현동, 라피에스타)",남동구,032-715-8275,37.39753735,126.7275204,인천광역시 남동구 논고개로 61,인천 남동구 논고개로 61
김재민한의원,한의원,침구과 사상체질과 한방재활의학과 한방신경정신과 한방안·이비인후·피부과 한방소아과 한방부인과 한방내과,WOMEN_HEALTH,"인천광역시 남동구 백범로 213, 1층 일부호 (만수동)",남동구,032-464-6880,37.45987968,126.7253294,인천광역시 남동구 백범로 213,인천 남동구 백범로 213
김주영한의원,한의원,한방내과 한방소아과 한방부인과 침구과 한방신경정신과 한방재활의학과 한방안·이비인후·피부과 사상체질과,WOMEN_HEALTH,"인천광역시 남동구 구월로 279, 2층 (만수동)",남동구,032-469-9988,37.45595113,126.7218023,인천광역시 남동구 구월로 279,인천 남동구 구월로 279
김현중한의원,한의원,한방내과 한방부인과 한방소아과 한방안·이비인후·피부과 침구과 한방재활의학과,WOMEN_HEALTH,인천광역시 남동구 백범로 400 (간석동),남동구,032-215-3910,37.46752123,126.7068804,인천광역시 남동구 백범로 400,인천 남동구 백범로 400
꽃보다이비인후과의원,의원,예방의학과 응급의학과 직업환경의학과 핵의학과 가정의학과 결핵과 재활의학과 진단검사의학과 병리과 방사선종양학과 영상의학과 비뇨의학과 피부과 이비인후과 안과 소아청소년과 산부인과 마취통증의학과 성형외과 심장혈관흉부외과 신경외과 정형외과 외과 정신건강의학과 신경과 내과,WOMEN_HEALTH,"인천광역시 남동구 구월남로 172, 3층 일부호 (구월동)",남동구,032-465-1904,37.45275153,126.7084115,인천광역시 남동구 구월남로 172,인천 남동구 구월남로 172
남동부부한의원,한의원,한방내과 한방안·이비인후·피부과 사상체질과 한방부인과 한방신경정신과 침구과 한방소아과 한방재활의학과,WOMEN_HEALTH,"인천광역시 남동구 서창남순환로 222, 303호 (서창동, 센터프라자)",남동구,032-464-4246,37.42415123,126.7494752,인천광역시 남동구 서창남순환로 222,인천 남동구 서창남순환로 222
남촌가정의원,의원,영상의학과 비뇨의학과 피부과 이비인후과 산부인과,WOMEN_HEALTH,"인천광역시 남동구 호구포로535번길 48-2, 3층 (남촌동, 부경빌딩)",남동구,032-467-3235,37.43003549,126.7156252,인천광역시 남동구 호구포로535번길 48-2,인천 남동구 호구포로535번길 48-2
논현새로운내과의원,의원,내과 산부인과 소아청소년과 피부과 이비인후과,WOMEN_HEALTH,"인천광역시 남동구 논고개로 87, 논현메디스타워 401,402,405,406.407호 (논현동)",남동구,032-424-3334,37.39907526,126.7253233,인천광역시 남동구 논고개로 87,인천 남동구 논고개로 87
논현한의원,한의원,한방내과 한방부인과 한방소아과 한방안·이비인후·피부과 한방신경정신과 한방재활의학과 사상체질과 침구과,WOMEN_HEALTH,"인천광역시 남동구 논고개로 77, 3층 303호 (논현동)",남동구,032-433-1079,37.39843761,126.7262539,인천광역시 남동구 논고개로 77,인천 남동구 논고개로 77
누베베한의원,한의원,침구과 사상체질과 한방재활의학과 한방신경정신과 한방안·이비인후·피부과 한방소아과 한방부인과 한방내과,WOMEN_HEALTH,"인천광역시 남동구 예술로 126, 8층 802호 (구월동)",남동구,032-425-3601,37.44512955,126.7008867,인천광역시 남동구 예술로 126,인천 남동구 예술로 126
늘푸른한의원,한의원,한방내과 한방부인과 한방소아과 한방안·이비인후·피부과 한방신경정신과 한방재활의학과 사상체질과 침구과,WOMEN_HEALTH,"인천광역시 남동구 에코중앙로156번길 5-33, 2층 (논현동)",남동구,032-438-4575,37.39243139,126.7272167,인천광역시 남동구 에코중앙로156번길 5-33,인천 남동구 에코중앙로156번길 5-33
다정산부인과의원,의원,산부인과 소아청소년과,WOMEN_HEALTH,인천광역시 남동구 호구포로 826 (구월동),남동구,032-463-5500,37.45618347,126.7197665,인천광역시 남동구 호구포로 826,인천 남동구 호구포로 826
달임채한의원,한의원,한방내과 한방부인과 한방소아과 한방안·이비인후·피부과 한방신경정신과 한방재활의학과 사상체질과 침구과,WOMEN_HEALTH,"인천광역시 남동구 예술로 138, 이토타워 4층 407,408호 (구월동)",남동구,032-428-8875,37.44624179,126.7010064,인천광역시 남동구 예술로 138,인천 남동구 예술로 138
더바른한의원,한의원,침구과 사상체질과 한방재활의학과 한방신경정신과 한방안·이비인후·피부과 한방소아과 한방부인과 한방내과,WOMEN_HEALTH,"인천광역시 남동구 예술로 126, 5층 508호 (구월동)",남동구,032-433-1025,37.44512955,126.7008867,인천광역시 남동구 예술로 126,인천 남동구 예술로 126
더웰내과의원,의원,가정의학과 재활의학과 비뇨의학과 피부과 이비인후과 소아청소년과 산부인과 외과 내과,WOMEN_HEALTH,"인천광역시 남동구 서창남로 77, 메인프라자 5층 501~504호 (서창동)",남동구,032-469-1237,37.42589317,126.7482477,인천광역시 남동구 서창남로 77,인천 남동구 서창남로 77
더편한장사랑내과의원,의원,내과 신경과 정신건강의학과 외과 정형외과 신경외과 심장혈관흉부외과 마취통증의학과 산부인과 안과 이비인후과 피부과 비뇨의학과 재활의학과 가정의학과,WOMEN_HEALTH,"인천광역시 남동구 남동대로 880, 올리브백화점 C동 1층 일부(101~108호 포함)호 (간석동)",남동구,032-721-7585,37.46099995,126.7088646,인천광역시 남동구 남동대로 880,인천 남동구 남동대로 880
더한스메디의원,의원,가정의학과 피부과 이비인후과 산부인과 성형외과 내과,WOMEN_HEALTH,"인천광역시 남동구 호구포로 870, 2,3,4층 (구월동)",남동구,032-465-2004,37.45987813,126.7202916,인천광역시 남동구 호구포로 870,인천 남동구 호구포로 870
더행복요양병원,요양병원,한방재활의학과 한방신경정신과 한방안·이비인후·피부과 한방소아과 한방부인과 한방내과 가정의학과 비뇨의학과 피부과 이비인후과 마취통증의학과 심장혈관흉부외과 신경외과 정형외과 외과 정신건강의학과 신경과 내과,WOMEN_HEALTH,"인천광역시 남동구 미래로 45, 벤처빌딩 2,3,4,5,7층 (구월동)",남동구,032-431-8585,37.45424762,126.7041525,인천광역시 남동구 미래로 45,인천 남동구 미래로 45
도림한의원,한의원,한방내과 한방소아과 한방안·이비인후·피부과 한방부인과 한방신경정신과 침구과 사상체질과 한방재활의학과,WOMEN_HEALTH,"인천광역시 남동구 논고개로 313, 2층 (도림동, 현영빌딩)",남동구,032-441-1917,37.41832367,126.7282765,인천광역시 남동구 논고개로 313,인천 남동구 논고개로 313
도원한의원,한의원,한방내과 한방부인과 한방소아과 한방안·이비인후·피부과 한방신경정신과 한방재활의학과 사상체질과 침구과,WOMEN_HEALTH,"인천광역시 남동구 구월로 212, 310호 (구월동, 힐캐슬프라자)",남동구,032-467-5110,37.45599268,126.7140285,인천광역시 남동구 구월로 212,인천 남동구 구월로 212
도원한의원,한의원,한방내과 한방안·이비인후·피부과 사상체질과 침구과 한방신경정신과 한방부인과 한방소아과 한방재활의학과,WOMEN_HEALTH,"인천광역시 남동구 논고개로 101, 602호 일부호 (논현동, 아름다운타워)",남동구,032-818-7505,37.39999485,126.724395,인천광역시 남동구 논고개로 101,인천 남동구 논고개로 101
동서한의원,한의원,한방내과 한방소아과 한방안·이비인후·피부과 한방부인과 한방신경정신과 침구과 한방재활의학과 사상체질과,WOMEN_HEALTH,인천광역시 남동구 장승로 31 (만수동),남동구,032-471-7077,37.44545556,126.7362795,인천광역시 남동구 장승로 31,인천 남동구 장승로 31
동원한의원,한의원,한방내과 한방소아과 한방안·이비인후·피부과 사상체질과 침구과 한방신경정신과 한방부인과 한방재활의학과,WOMEN_HEALTH,"인천광역시 남동구 인주대로 661, 5층 (구월동, 조양씨티프라자)",남동구,032-467-7257,37.4498363,126.7104937,인천광역시 남동구 인주대로 661,인천 남동구 인주대로 661
동의보감한의원,한의원,한방응급과 침구과 사상체질과 한방재활의학과 한방신경정신과 한방안·이비인후·피부과 한방소아과 한방부인과 한방내과,WOMEN_HEALTH,"인천광역시 남동구 담방로 45, 2층 (만수동, 희망프라자)",남동구,032-462-5551,37.44369991,126.7384945,인천광역시 남동구 담방로 45,인천 남동구 담방로 45
드림한의원,한의원,한방내과 한방안·이비인후·피부과 사상체질과 한방부인과 한방신경정신과 침구과 한방소아과 한방재활의학과,WOMEN_HEALTH,"인천광역시 남동구 만수서로 52, 301호 (만수동, 쓰리제이프라자)",남동구,032-464-1079,37.46145284,126.7317615,인천광역시 남동구 만수서로 52,인천 남동구 만수서로 52
라이온요양병원,요양병원,한방재활의학과 한방신경정신과 한방안·이비인후·피부과 한방소아과 한방부인과 한방내과 가정의학과 재활의학과 마취통증의학과 정신건강의학과 신경과 내과,WOMEN_HEALTH,"인천광역시 남동구 경인로 520, 탑프라자2 5,6층일부7~10층 (간석동)",남동구,032-426-7575,37.46075398,126.697036,인천광역시 남동구 경인로 520,인천 남동구 경인로 520
라임요양병원,요양병원,침구과 사상체질과 한방재활의학과 한방신경정신과 한방안·이비인후·피부과 한방소아과 한방부인과 한방내과 가정의학과 재활의학과 비뇨의학과 피부과 심장혈관흉부외과 신경외과 정형외과 외과 정신건강의학과 신경과 내과,WOMEN_HEALTH,인천광역시 남동구 구월로 135 (간석동),남동구,032-434-9993,37.45711361,126.7054775,인천광역시 남동구 구월로 135,인천 남동구 구월로 135
로앤산부인과의원,의원,산부인과,WOMEN_HEALTH,"인천광역시 남동구 인하로 497-5, 9층일부호 (구월동, 푸른세상안과빌딩)",남동구,032-568-5000,37.4436079,126.7015894,인천광역시 남동구 인하로 497-5,인천 남동구 인하로 497-5
리버스의원,의원,성형외과 피부과 산부인과 내과,WOMEN_HEALTH,"인천광역시 남동구 인하로 497-22, 4층일부호 (구월동)",남동구,1544-0890,37.44419981,126.7021765,인천광역시 남동구 인하로 497-22,인천 남동구 인하로 497-22
리샘한의원,한의원,한방내과 한방부인과 한방소아과 한방안·이비인후·피부과 한방신경정신과 한방재활의학과 사상체질과 침구과,WOMEN_HEALTH,"인천광역시 남동구 인하로507번길 4, 벽성빌딩 7층 701호 (구월동)",남동구,032-421-3760,37.44344534,126.7031962,인천광역시 남동구 인하로507번길 4,인천 남동구 인하로507번길 4
리앤아이산부인과의원,의원,내과 소아청소년과 피부과 산부인과 비뇨의학과,WOMEN_HEALTH,"인천광역시 남동구 논고개로 71, 301~303호,401~403호,503호일부호 (논현동, 가산타워 )",남동구,032-270-7777,37.39801477,126.7268433,인천광역시 남동구 논고개로 71,인천 남동구 논고개로 71
마이비산부인과의원,의원,산부인과,WOMEN_HEALTH,"인천광역시 남동구 논고개로123번길 17, 701~705,712일부호 (논현동, 아이플렉스)",남동구,032-424-7007,37.40168489,126.7230837,인천광역시 남동구 논고개로123번길 17,인천 남동구 논고개로123번길 17
만수무강한의원,한의원,침구과 사상체질과 한방재활의학과 한방신경정신과 한방안·이비인후·피부과 한방소아과 한방부인과 한방내과,WOMEN_HEALTH,"인천광역시 남동구 호구포로 920, 305호 (만수동)",남동구,032-710-1524,37.46432915,126.7211804,인천광역시 남동구 호구포로 920,인천 남동구 호구포로 920
만수제일한의원,한의원,한방내과 한방부인과 한방소아과 한방안·이비인후·피부과 한방신경정신과 한방재활의학과 사상체질과 침구과,WOMEN_HEALTH,"인천광역시 남동구 백범로 206, 2층 (만수동)",남동구,032-269-1075,37.45988345,126.7264129,인천광역시 남동구 백범로 206,인천 남동구 백범로 206
만수포레한의원,한의원,한방내과 한방부인과 한방소아과 한방안·이비인후·피부과 한방신경정신과 한방재활의학과 사상체질과 침구과,WOMEN_HEALTH,"인천광역시 남동구 만수서로 60, 향촌 필러스프라자 1층 108호 (만수동)",남동구,032-464-7582,37.46144728,126.7326864,인천광역시 남동구 만수서로 60,인천 남동구 만수서로 60
만수한의원,한의원,한방내과 한방소아과 한방안·이비인후·피부과 사상체질과 한방부인과 한방신경정신과 침구과 한방재활의학과,WOMEN_HEALTH,"인천광역시 남동구 만수로 63 (만수동, 만수프라자201호)",남동구,032-463-7511,37.46143294,126.7348016,인천광역시 남동구 만수로 63,인천 남동구 만수로 63
맑은경희한의원,한의원,한방내과 한방부인과 한방소아과 한방안·이비인후·피부과 한방신경정신과 한방재활의학과 사상체질과 침구과 한방응급과,WOMEN_HEALTH,"인천광역시 남동구 논고개로 120, 402호, 403호 (논현동, 논현프라자)",남동구,032-433-4377,37.40200112,126.7244221,인천광역시 남동구 논고개로 120,인천 남동구 논고개로 120
맑은숲한의원,한의원,한방내과 한방부인과 한방소아과 한방안·이비인후·피부과 한방신경정신과 한방재활의학과 사상체질과 침구과,WOMEN_HEALTH,"인천광역시 남동구 논고개로 80, 301호 (논현동, 나로프라자)",남동구,032-435-7711,37.39918115,126.726536,인천광역시 남동구 논고개로 80,인천 남동구 논고개로 80
명성준한의원,한의원,한방내과 한방소아과 한방부인과 한방안·이비인후·피부과 사상체질과 한방신경정신과 침구과 한방재활의학과,WOMEN_HEALTH,"인천광역시 남동구 만수로 33, 2층 (만수동)",남동구,032-467-8141,37.45969447,126.7322981,인천광역시 남동구 만수로 33,인천 남동구 만수로 33
모두한의원 인천구월,한의원,한방내과 한방부인과 한방소아과 한방안·이비인후·피부과 한방신경정신과 한방재활의학과 사상체질과 침구과,WOMEN_HEALTH,"인천광역시 남동구 인주대로751번길 62, 2층 (구월동)",남동구,032-713-9156,37.45198147,126.7211184,인천광역시 남동구 인주대로751번길 62,인천 남동구 인주대로751번길 62
모래내한의원,한의원,한방내과 한방부인과 한방소아과 한방안·이비인후·피부과 한방신경정신과 한방재활의학과 사상체질과 침구과,WOMEN_HEALTH,"인천광역시 남동구 호구포로 802, 2층, 지하1층호 (구월동)",남동구,032-464-9963,37.45386248,126.7195426,인천광역시 남동구 호구포로 802,인천 남동구 호구포로 802
민들레한의원,한의원,한방내과 한방안·이비인후·피부과 사상체질과 한방부인과 한방신경정신과 침구과 한방소아과 한방재활의학과,WOMEN_HEALTH,"인천광역시 남동구 구월로 212, 힐캐슬프라자 230호 (구월동)",남동구,010-2820-0477,37.45599268,126.7140285,인천광역시 남동구 구월로 212,인천 남동구 구월로 212
바른척척 한의원,한의원,한방내과 한방안·이비인후·피부과 사상체질과 한방부인과 한방신경정신과 침구과 한방소아과 한방재활의학과,WOMEN_HEALTH,"인천광역시 남동구 용천로 68, 301호 (구월동)",남동구,032-466-5606,37.45561353,126.7149237,인천광역시 남동구 용천로 68,인천 남동구 용천로 68
바른한의원,한의원,침구과 사상체질과 한방재활의학과 한방신경정신과 한방안·이비인후·피부과 한방소아과 한방부인과 한방내과,WOMEN_HEALTH,"인천광역시 남동구 구월로 376, 2층 203호 (만수동, 정은프라자)",남동구,032-719-7107,37.45471308,126.7323051,인천광역시 남동구 구월로 376,인천 남동구 구월로 376
박경숙한의원,한의원,침구과 사상체질과 한방재활의학과 한방신경정신과 한방안·이비인후·피부과 한방소아과 한방부인과 한방내과,WOMEN_HEALTH,"인천광역시 남동구 소래역남로16번길 75, 에코메트로3차 더타워상가 203호 (논현동)",남동구,032-423-1423,37.40010792,126.7333133,인천광역시 남동구 소래역남로16번길 75,인천 남동구 소래역남로16번길 75
박지원산부인과의원,의원,산부인과,WOMEN_HEALTH,"인천광역시 남동구 인하로 497-8, 5층 알뷰호 (구월동, 오아시스빌딩)",남동구,032-427-0562,37.44356892,126.7020683,인천광역시 남동구 인하로 497-8,인천 남동구 인하로 497-8
발머스한의원,한의원,한방내과 한방부인과 한방소아과 한방안·이비인후·피부과 한방신경정신과 한방재활의학과 사상체질과 침구과,WOMEN_HEALTH,"인천광역시 남동구 인하로507번길 74, 301호 (구월동, 유진빌딩)",남동구,032-437-3020,37.44653081,126.7035003,인천광역시 남동구 인하로507번길 74,인천 남동구 인하로507번길 74
방금화산부인과의원,의원,가정의학과 비뇨의학과 피부과 산부인과,WOMEN_HEALTH,"인천광역시 남동구 남동대로 890, 202호 (간석동, 탑메디칼)",남동구,032-432-8275,37.46183503,126.7086551,인천광역시 남동구 남동대로 890,인천 남동구 남동대로 890
방한의원,한의원,침구과 한방신경정신과 한방안·이비인후·피부과 한방소아과 한방부인과 한방내과,WOMEN_HEALTH,"인천광역시 남동구 구월로 119, 진영프라자 5층 502호 (간석동)",남동구,032-423-1010,37.45692475,126.7034556,인천광역시 남동구 구월로 119,인천 남동구 구월로 119
백초향한의원,한의원,한방내과 한방안·이비인후·피부과 사상체질과 한방부인과 한방신경정신과 침구과 한방소아과 한방재활의학과,WOMEN_HEALTH,"인천광역시 남동구 논고개로 81, 3층 301,302호 (논현동, 우리들메디타워)",남동구,032-439-1075,37.39868727,126.7258978,인천광역시 남동구 논고개로 81,인천 남동구 논고개로 81
봄날요양병원,요양병원,내과 가정의학과 신경과 비뇨의학과 정신건강의학과 소아청소년과 피부과 한방내과 한방소아과 한방부인과 한방안·이비인후·피부과 한방재활의학과 한방신경정신과 사상체질과 침구과,WOMEN_HEALTH,인천광역시 남동구 인주대로 806 (구월동),남동구,032-464-9101,37.4483617,126.7267669,인천광역시 남동구 인주대로 806,인천 남동구 인주대로 806
봄봄한의원,한의원,한방소아과 한방부인과 한방재활의학과 침구과 한방신경정신과 사상체질과 한방내과 한방안·이비인후·피부과,WOMEN_HEALTH,"인천광역시 남동구 호구포로 818, 퍼스트하임프라자 301호 (구월동)",남동구,032-473-1075,37.45536467,126.7196678,인천광역시 남동구 호구포로 818,인천 남동구 호구포로 818
부개경희한의원,한의원,침구과 사상체질과 한방재활의학과 한방신경정신과 한방안·이비인후·피부과 한방소아과 한방부인과 한방내과,WOMEN_HEALTH,"인천광역시 남동구 장아산로 137, 서창중앙프라자 4층 (서창동)",남동구,032-505-1391,37.43858963,126.7496023,인천광역시 남동구 장아산로 137,인천 남동구 장아산로 137
뷰티크의원,의원,내과 외과 성형외과 산부인과 안과 피부과 가정의학과,WOMEN_HEALTH,"인천광역시 남동구 예술로 126, 5층 504~506호 (구월동, 링크126)",남동구,032-432-4842,37.44512955,126.7008867,인천광역시 남동구 예술로 126,인천 남동구 예술로 126
뿌리요양병원,요양병원,통합치의학과 예방치과 구강병리과 영상치의학과 구강내과 치과보존과 치주과 소아치과 치과교정과 치과보철과 구강악안면외과 침구과 사상체질과 한방재활의학과 한방신경정신과 한방안·이비인후·피부과 한방소아과 한방부인과 한방내과 예방의학과 응급의학과 가정의학과 결핵과 재활의학과 비뇨의학과 피부과 이비인후과 소아청소년과 산부인과 마취통증의학과 성형외과 심장혈관흉부외과 신경외과 정형외과 외과 정신건강의학과 신경과 내과,WOMEN_HEALTH,"인천광역시 남동구 앵고개로934번길 43, 뿌리요양병원 (논현동)",남동구,032-431-7979,37.40054801,126.7359753,인천광역시 남동구 앵고개로934번길 43,인천 남동구 앵고개로934번길 43
삼대창생한의원,한의원,침구과 사상체질과 한방재활의학과 한방신경정신과 한방안·이비인후·피부과 한방소아과 한방부인과 한방내과,WOMEN_HEALTH,"인천광역시 남동구 포구로 73, A동 2층 201호 (논현동)",남동구,032-423-1077,37.40496602,126.7358358,인천광역시 남동구 포구로 73,인천 남동구 포구로 73
상쾌한속내과의원,의원,내과 신경과 정신건강의학과 외과 피부과 비뇨의학과 정형외과 영상의학과 산부인과 병리과 소아청소년과 진단검사의학과 안과 이비인후과,WOMEN_HEALTH,"인천광역시 남동구 주안로 231, 2층 (간석동)",남동구,032-446-7582,37.46350703,126.6955737,인천광역시 남동구 주안로 231,인천 남동구 주안로 231
새날의료소비자생활협동조합 새날의원,의원,예방의학과 가정의학과 결핵과 재활의학과 진단검사의학과 방사선종양학과 영상의학과 비뇨의학과 피부과 이비인후과 안과 소아청소년과 산부인과 마취통증의학과 성형외과 심장혈관흉부외과 정형외과 외과 정신건강의학과 신경과 내과,WOMEN_HEALTH,"인천광역시 남동구 백범로227번길 95, 3층 (만수동)",남동구,032-472-1275,37.45587689,126.7236074,인천광역시 남동구 백범로227번길 95,인천 남동구 백범로227번길 95
새론한방병원,한방병원,침구과 사상체질과 한방재활의학과 한방신경정신과 한방안·이비인후·피부과 한방소아과 한방부인과 한방내과 가정의학과 재활의학과 영상의학과 피부과 이비인후과 안과 소아청소년과 마취통증의학과 정형외과 정신건강의학과 신경과 내과,WOMEN_HEALTH,"인천광역시 남동구 논고개로 101, 아름다운타워 4층 401,402호 (논현동)",남동구,032-423-3650,37.39999485,126.724395,인천광역시 남동구 논고개로 101,인천 남동구 논고개로 101
새봄한의원,한의원,한방내과 한방안·이비인후·피부과 사상체질과 침구과 한방신경정신과 한방부인과 한방소아과 한방재활의학과,WOMEN_HEALTH,"인천광역시 남동구 문화서로4번길 18, 1층 (구월동)",남동구,032-435-2500,37.44516322,126.6959327,인천광역시 남동구 문화서로4번길 18,인천 남동구 문화서로4번길 18
새인천요양병원,요양병원,침구과 가정의학과 재활의학과 산부인과 외과,WOMEN_HEALTH,"인천광역시 남동구 논고개로123번길 17, 11층, 12층 (논현동)",남동구,032-719-7874,37.40168489,126.7230837,인천광역시 남동구 논고개로123번길 17,인천 남동구 논고개로123번길 17
생명마루한의원,한의원,한방내과 한방부인과 한방소아과 한방안·이비인후·피부과 한방신경정신과 한방재활의학과 사상체질과 침구과,WOMEN_HEALTH,"인천광역시 남동구 인하로 497-5, 203호 (구월동, 푸른세상안과)",남동구,032-432-0307,37.4436079,126.7015894,인천광역시 남동구 인하로 497-5,인천 남동구 인하로 497-5
샬롬한의원,한의원,한방내과 한방부인과 한방소아과 한방안·이비인후·피부과 한방신경정신과 한방재활의학과 사상체질과 침구과,WOMEN_HEALTH,"인천광역시 남동구 성말로13번길 15, 304호 (구월동, 메인프라자)",남동구,032-432-3530,37.44626295,126.7017867,인천광역시 남동구 성말로13번길 15,인천 남동구 성말로13번길 15
서연아이여성의원,의원,산부인과,WOMEN_HEALTH,"인천광역시 남동구 선수촌공원로 36, 더블루시티 2층 201~207호 (구월동)",남동구,032-464-5800,37.44216531,126.7105493,인천광역시 남동구 선수촌공원로 36,인천 남동구 선수촌공원로 36
서울내과의원,의원,산부인과 소아청소년과 내과 피부과,WOMEN_HEALTH,인천광역시 남동구 백범로 325 (간석동),남동구,032-433-7533,37.46382837,126.7139072,인천광역시 남동구 백범로 325,인천 남동구 백범로 325
서울아이비에프여성의원,의원,산부인과,WOMEN_HEALTH,"인천광역시 남동구 인하로507번길 63, 2층 201호, 6층 602호 (구월동)",남동구,032-716-6663,37.44618567,126.7028336,인천광역시 남동구 인하로507번길 63,인천 남동구 인하로507번길 63
서창제이산부인과의원,의원,산부인과,WOMEN_HEALTH,"인천광역시 남동구 서창남순환로 223, 2층 A-204, A-206호 (서창동)",남동구,032-464-8899,37.42482087,126.7489212,인천광역시 남동구 서창남순환로 223,인천 남동구 서창남순환로 223
서창한의원,한의원,한방부인과 한방소아과 한방안·이비인후·피부과 한방신경정신과 사상체질과 침구과,WOMEN_HEALTH,"인천광역시 남동구 서창남순환로 223, A동 311호 (서창동)",남동구,032-465-7536,37.42482087,126.7489212,인천광역시 남동구 서창남순환로 223,인천 남동구 서창남순환로 223
성모가정의학과의원,의원,가정의학과 내과 외과 정신건강의학과 이비인후과 소아청소년과 신경과 비뇨의학과 산부인과 정형외과 피부과 안과,WOMEN_HEALTH,"인천광역시 남동구 남동대로 893, 2층 (간석동, 루카이스타워)",남동구,032-429-1489,37.46207741,126.7080006,인천광역시 남동구 남동대로 893,인천 남동구 남동대로 893
성재한의원,한의원,한방내과 한방부인과 한방소아과 한방안·이비인후·피부과 한방신경정신과 침구과,WOMEN_HEALTH,인천광역시 남동구 만수로 1 (만수동),남동구,032-461-7117,37.4578174,126.7295659,인천광역시 남동구 만수로 1,인천 남동구 만수로 1
성혁제한의원,한의원,한방내과 한방소아과 한방부인과 한방신경정신과 침구과 한방재활의학과 한방안·이비인후·피부과 사상체질과,WOMEN_HEALTH,"인천광역시 남동구 매소홀로 1137, 3층 (서창동, 진명빌딩)",남동구,032-468-1075,37.43859911,126.7491035,인천광역시 남동구 매소홀로 1137,인천 남동구 매소홀로 1137
세인트여성의원,의원,산부인과 소아청소년과 가정의학과 피부과,WOMEN_HEALTH,"인천광역시 남동구 은봉로 309, 2층 (논현동, 논현프라자)",남동구,032-438-7740,37.40593951,126.7239767,인천광역시 남동구 은봉로 309,인천 남동구 은봉로 309
세찬한방병원,한방병원,침구과 사상체질과 한방재활의학과 한방신경정신과 한방안·이비인후·피부과 한방소아과 한방부인과 한방내과 정형외과,WOMEN_HEALTH,"인천광역시 남동구 석정로 516, M타워 1층 ~ 4층 (간석동)",남동구,032-716-6660,37.46547852,126.6929245,인천광역시 남동구 석정로 516,인천 남동구 석정로 516
소나무한의원,한의원,한방내과 한방소아과 한방안·이비인후·피부과 한방부인과 침구과,WOMEN_HEALTH,"인천광역시 남동구 남촌동로25번길 43, 지상2층 (남촌동)",남동구,032-466-1075,37.43010448,126.7159507,인천광역시 남동구 남촌동로25번길 43,인천 남동구 남촌동로25번길 43
소래한의원,한의원,한방내과 한방안·이비인후·피부과 사상체질과 침구과 한방신경정신과 한방부인과 한방소아과 한방재활의학과,WOMEN_HEALTH,"인천광역시 남동구 포구로 63, 1층 (논현동)",남동구,032-424-1020,37.40429261,126.7366094,인천광역시 남동구 포구로 63,인천 남동구 포구로 63
소아랑한의원,한의원,한방내과 한방안·이비인후·피부과 사상체질과 한방부인과 한방신경정신과 침구과 한방소아과 한방재활의학과,WOMEN_HEALTH,"인천광역시 남동구 호구포로 818, 퍼스트하임프라자 222호, 223호 (구월동)",남동구,032-472-5200,37.45536467,126.7196678,인천광역시 남동구 호구포로 818,인천 남동구 호구포로 818
스마일요양병원,요양병원,침구과 사상체질과 한방재활의학과 한방신경정신과 한방안·이비인후·피부과 한방소아과 한방부인과 한방내과 가정의학과 비뇨의학과 피부과 이비인후과 신경외과 정형외과 외과 정신건강의학과 신경과 내과,WOMEN_HEALTH,"인천광역시 남동구 논현로26번길 6, 에이스프라자 2, 4~9층 (논현동)",남동구,032-431-8899,37.40295677,126.7092366,인천광역시 남동구 논현로26번길 6,인천 남동구 논현로26번길 6
슬한의원,한의원,한방내과 한방부인과 한방소아과 한방안·이비인후·피부과 한방신경정신과 한방재활의학과 사상체질과 침구과,WOMEN_HEALTH,"인천광역시 남동구 성말로13번길 15, 메인프라자 209호 (구월동)",남동구,032-433-3337,37.44626295,126.7017867,인천광역시 남동구 성말로13번길 15,인천 남동구 성말로13번길 15
신망애한의원,한의원,한방내과 한방부인과 한방소아과 한방안·이비인후·피부과 한방신경정신과 한방재활의학과 침구과,WOMEN_HEALTH,"인천광역시 남동구 석산로141번길 1 (간석동, 대성프라자3층)",남동구,032-434-2075,37.46059346,126.707424,인천광역시 남동구 석산로141번길 1,인천 남동구 석산로141번길 1
신의한의원,한의원,한방내과 한방부인과 한방소아과 한방안·이비인후·피부과 한방신경정신과 한방재활의학과 사상체질과 침구과,WOMEN_HEALTH,"인천광역시 남동구 청능대로718번길 31, 3층 301호 (논현동)",남동구,032-425-1075,37.40554215,126.7362082,인천광역시 남동구 청능대로718번길 31,인천 남동구 청능대로718번길 31
심준보한의원,한의원,한방내과 한방부인과 한방소아과 한방안·이비인후·피부과 한방신경정신과 침구과 한방재활의학과 사상체질과,WOMEN_HEALTH,"인천광역시 남동구 남동대로 894, 2층 (간석동, 강남빌딩)",남동구,032-442-1075,37.4622991,126.7086387,인천광역시 남동구 남동대로 894,인천 남동구 남동대로 894
아이미즈산부인과의원,의원,산부인과,WOMEN_HEALTH,"인천광역시 남동구 백범로 179, 1~2층 (만수동)",남동구,032-463-7600,37.45796842,126.7283127,인천광역시 남동구 백범로 179,인천 남동구 백범로 179
안태건한의원,한의원,한방내과 한방소아과 침구과 한방안·이비인후·피부과 한방부인과 한방신경정신과,WOMEN_HEALTH,"인천광역시 남동구 백범로 315, 지하1층, 1층 (간석동)",남동구,032-439-7582,37.46335254,126.7149837,인천광역시 남동구 백범로 315,인천 남동구 백범로 315
애플산부인과의원,의원,피부과 산부인과,WOMEN_HEALTH,"인천광역시 남동구 인하로 501, 3층 (구월동)",남동구,032-721-5006,37.44352419,126.7023737,인천광역시 남동구 인하로 501,인천 남동구 인하로 501
에코한의원,한의원,한방내과 한방부인과 한방소아과 사상체질과 침구과,WOMEN_HEALTH,"인천광역시 남동구 에코중앙로156번길 5-15, 301호 (논현동)",남동구,032-426-1325,37.39180585,126.7264963,인천광역시 남동구 에코중앙로156번길 5-15,인천 남동구 에코중앙로156번길 5-15
여우한의원,한의원,한방내과 한방부인과 한방소아과 한방안·이비인후·피부과 한방신경정신과 한방재활의학과 사상체질과 침구과 한방응급과,WOMEN_HEALTH,인천광역시 남동구 남동대로 890 (간석동),남동구,032-423-8210,37.46183503,126.7086551,인천광역시 남동구 남동대로 890,인천 남동구 남동대로 890
연성한의원,한의원,한방내과 한방안·이비인후·피부과 사상체질과 한방부인과 한방신경정신과 침구과 한방소아과 한방재활의학과,WOMEN_HEALTH,"인천광역시 남동구 논고개로 87, 503호, 504호 (논현동, 논현메디스타워)",남동구,032-427-7510,37.39907526,126.7253233,인천광역시 남동구 논고개로 87,인천 남동구 논고개로 87
연세한의원,한의원,한방내과 한방안·이비인후·피부과 사상체질과 한방부인과 한방신경정신과 침구과 한방소아과 한방재활의학과,WOMEN_HEALTH,"인천광역시 남동구 호구포로800번길 28, 203호 (구월동, 금한빌딩)",남동구,032-833-6789,37.4533901,126.7208463,인천광역시 남동구 호구포로800번길 28,인천 남동구 호구포로800번길 28
연지한의원,한의원,한방내과 한방부인과 한방소아과 한방안·이비인후·피부과 한방신경정신과 한방재활의학과 사상체질과 침구과,WOMEN_HEALTH,"인천광역시 남동구 석산로 159, 303호 (간석동)",남동구,032-421-1023,37.46072059,126.7097602,인천광역시 남동구 석산로 159,인천 남동구 석산로 159
예당한의원,한의원,한방내과 한방소아과 한방안·이비인후·피부과 사상체질과 한방부인과 한방신경정신과 침구과 한방재활의학과,WOMEN_HEALTH,"인천광역시 남동구 석산로 135, 201호일부호 (간석동)",남동구,032-429-1075,37.46055607,126.7069887,인천광역시 남동구 석산로 135,인천 남동구 석산로 135
예인한의원,한의원,한방내과 한방안·이비인후·피부과 사상체질과 한방부인과 한방신경정신과 침구과 한방재활의학과 한방소아과,WOMEN_HEALTH,"인천광역시 남동구 인주대로 545-1, 2층 (구월동)",남동구,032-431-1516,37.4505245,126.6975104,인천광역시 남동구 인주대로 545-1,인천 남동구 인주대로 545-1
오르S의원,의원,가정의학과 피부과 이비인후과 산부인과 마취통증의학과 성형외과 내과,WOMEN_HEALTH,"인천광역시 남동구 인하로 515, 1층일부,2층 (구월동)",남동구,032-858-9388,37.44332515,126.7040235,인천광역시 남동구 인하로 515,인천 남동구 인하로 515
온성한의원,한의원,침구과 사상체질과 한방재활의학과 한방신경정신과 한방안·이비인후·피부과 한방소아과 한방부인과 한방내과,WOMEN_HEALTH,"인천광역시 남동구 문화서로4번길 34, 1층, 3층 (구월동)",남동구,032-434-1000,37.44482528,126.6967856,인천광역시 남동구 문화서로4번길 34,인천 남동구 문화서로4번길 34
올림피아병원,병원,내과 마취통증의학과 소아청소년과 피부과 재활의학과 가정의학과 직업환경의학과 한방내과 한방부인과 한방소아과 한방안·이비인후·피부과 한방재활의학과 침구과,WOMEN_HEALTH,"인천광역시 남동구 호구포로 836, 구월프라자 1~3,5,6일부층 (구월동)",남동구,032-461-2300,37.45692516,126.7201013,인천광역시 남동구 호구포로 836,인천 남동구 호구포로 836
우리내과의원,의원,진단검사의학과 병리과 영상의학과 비뇨의학과 피부과 소아청소년과 산부인과 내과,WOMEN_HEALTH,"인천광역시 남동구 하촌로 5, 만수빌딩 2층(만수동)",남동구,032-466-4339,37.44915906,126.7298888,인천광역시 남동구 하촌로 5,인천 남동구 하촌로 5
위강한의원,한의원,한방내과 한방부인과 한방소아과 한방안·이비인후·피부과 한방신경정신과 한방재활의학과 사상체질과 침구과,WOMEN_HEALTH,"인천광역시 남동구 성말로13번길 15, 메인프라자 4층 403호 (구월동)",남동구,032-427-1073,37.44626295,126.7017867,인천광역시 남동구 성말로13번길 15,인천 남동구 성말로13번길 15
으뜸한의원,한의원,한방내과 한방부인과 한방소아과 한방안·이비인후·피부과 한방신경정신과 한방재활의학과 사상체질과 침구과,WOMEN_HEALTH,"인천광역시 남동구 구월로276번길 70, 2층 (구월동)",남동구,032-464-3888,37.45259125,126.7206865,인천광역시 남동구 구월로276번길 70,인천 남동구 구월로276번길 70
의료법인 길의료재단 길병원,종합병원,치과보존과 치주과 치과교정과 치과보철과 구강악안면외과 응급의학과 직업환경의학과 핵의학과 가정의학과 재활의학과 진단검사의학과 병리과 방사선종양학과 영상의학과 비뇨의학과 피부과 이비인후과 안과 소아청소년과 산부인과 마취통증의학과 성형외과 심장혈관흉부외과 신경외과 정형외과 외과 정신건강의학과 신경과 내과,WOMEN_HEALTH,"인천광역시 남동구 남동대로774번길 21 (구월동, 가천대학교길병원)",남동구,032-460-3548,37.45209939,126.7096948,인천광역시 남동구 남동대로774번길 21,인천 남동구 남동대로774번길 21
의료법인예현의료재단 세종한방병원,한방병원,한방내과 한방안·이비인후·피부과 사상체질과 침구과 한방신경정신과 한방부인과 한방소아과 한방재활의학과 가정의학과 정형외과 신경외과 재활의학과 마취통증의학과 내과 안과 이비인후과 소아청소년과 피부과 비뇨의학과,WOMEN_HEALTH,"인천광역시 남동구 호구포로 872, 2~5층 (구월동)",남동구,032-466-4977,37.46003003,126.7202868,인천광역시 남동구 호구포로 872,인천 남동구 호구포로 872
이샘별소아청소년과의원,의원,피부과 이비인후과 소아청소년과 산부인과 내과,WOMEN_HEALTH,"인천광역시 남동구 논고개로 77, 에코타워 203호 (논현동)",남동구,032-432-2800,37.39843761,126.7262539,인천광역시 남동구 논고개로 77,인천 남동구 논고개로 77
이종구한의원,한의원,한방내과 한방안·이비인후·피부과 사상체질과 한방부인과 한방신경정신과 침구과 한방소아과 한방재활의학과,WOMEN_HEALTH,"인천광역시 남동구 은봉로419번길 21, 2층 (논현동, 번성빌딩)",남동구,032-433-7172,37.41123061,126.7352716,인천광역시 남동구 은봉로419번길 21,인천 남동구 은봉로419번길 21
이편안인천요양병원,요양병원,한방내과 재활의학과 소아청소년과 산부인과 신경외과 외과 내과,WOMEN_HEALTH,"인천광역시 남동구 앵고개로948번길 4, 서울프라자 2~6층 (논현동)",남동구,032-868-9988,37.40252834,126.7356865,인천광역시 남동구 앵고개로948번길 4,인천 남동구 앵고개로948번길 4
인구보건복지협회인천지회가족보건의원,의원,산부인과 가정의학과 내과 소아청소년과 비뇨의학과 정형외과,WOMEN_HEALTH,인천광역시 남동구 용천로 142 (간석동),남동구,032-451-4000,37.4622211,126.7148922,인천광역시 남동구 용천로 142,인천 남동구 용천로 142
인산한의원,한의원,한방내과 한방부인과 한방소아과 한방안·이비인후·피부과 한방신경정신과 한방재활의학과 사상체질과 침구과,WOMEN_HEALTH,"인천광역시 남동구 구월로 268, 201호 (구월동)",남동구,032-471-7975,37.45561105,126.7202967,인천광역시 남동구 구월로 268,인천 남동구 구월로 268
인천국제한방병원,한방병원,침구과 사상체질과 한방재활의학과 한방신경정신과 한방안·이비인후·피부과 한방소아과 한방부인과 한방내과 가정의학과 정형외과,WOMEN_HEALTH,"인천광역시 남동구 석촌로 21, 인천국제한방병원 (간석동)",남동구,032-428-7582,37.46221625,126.708913,인천광역시 남동구 석촌로 21,인천 남동구 석촌로 21
인천더하다한방병원,한방병원,가정의학과 한방내과 한방부인과 한방소아과 한방안·이비인후·피부과 한방신경정신과 한방재활의학과 사상체질과 침구과,WOMEN_HEALTH,"인천광역시 남동구 서창방산로 55, 서창비젼프라자 4층 (서창동)",남동구,032-465-7510,37.4224647,126.7507054,인천광역시 남동구 서창방산로 55,인천 남동구 서창방산로 55
인천서창 오케이한의원,한의원,한방내과 한방부인과 한방소아과 한방안·이비인후·피부과 한방신경정신과 한방재활의학과 사상체질과 침구과,WOMEN_HEALTH,"인천광역시 남동구 서창남순환로 223, A동 410호 (서창동, 서창아페리온)",남동구,032-469-7575,37.42482087,126.7489212,인천광역시 남동구 서창남순환로 223,인천 남동구 서창남순환로 223
인천속내과의원,의원,내과 산부인과 소아청소년과 이비인후과 피부과 영상의학과,WOMEN_HEALTH,"인천광역시 남동구 호구포로 893, 3층, 4층 (간석동, 중앙빌딩)",남동구,032-431-0119,37.46216577,126.7200123,인천광역시 남동구 호구포로 893,인천 남동구 호구포로 893
인천수한방병원,한방병원,침구과 한방재활의학과 한방안·이비인후·피부과 한방소아과 한방부인과 한방내과 가정의학과 재활의학과 비뇨의학과 피부과 이비인후과 소아청소년과 신경과 내과,WOMEN_HEALTH,"인천광역시 남동구 소래역로 50, 토성프라자 5층 501,502호 (논현동)",남동구,032-422-7582,37.40159583,126.7342195,인천광역시 남동구 소래역로 50,인천 남동구 소래역로 50
인천좋은한의원,한의원,한방내과 한방부인과 한방소아과 한방안·이비인후·피부과 한방신경정신과 한방재활의학과 침구과,WOMEN_HEALTH,"인천광역시 남동구 문화서로4번길 40, 2층 (구월동)",남동구,032-323-2215,37.44473548,126.6970778,인천광역시 남동구 문화서로4번길 40,인천 남동구 문화서로4번길 40
인천힘찬종합병원,종합병원,예방치과 응급의학과 직업환경의학과 가정의학과 재활의학과 진단검사의학과 영상의학과 비뇨의학과 소아청소년과 산부인과 마취통증의학과 신경외과 정형외과 외과 신경과 내과,WOMEN_HEALTH,"인천광역시 남동구 논현로 72, 인천힘찬종합병원 (논현동)",남동구,032-1899-2220,37.40106232,126.7146868,인천광역시 남동구 논현로 72,인천 남동구 논현로 72
일맥한의원,한의원,한방내과 한방부인과 한방소아과 한방안·이비인후·피부과 한방신경정신과 침구과 사상체질과 한방재활의학과,WOMEN_HEALTH,"인천광역시 남동구 성말로 10, 410호 (구월동, 효명프라자)",남동구,032-519-7979,37.44519396,126.7015253,인천광역시 남동구 성말로 10,인천 남동구 성말로 10
임치유한의원,한의원,한방내과 한방소아과 한방안·이비인후·피부과 사상체질과 한방부인과 한방신경정신과 침구과 한방재활의학과,WOMEN_HEALTH,인천광역시 남동구 만수로37번길 8-8 (만수동),남동구,032-462-9456,37.46031645,126.7323816,인천광역시 남동구 만수로37번길 8-8,인천 남동구 만수로37번길 8-8
자연과한의원 인천점,한의원,침구과 사상체질과 한방재활의학과 한방신경정신과 한방안·이비인후·피부과 한방소아과 한방부인과 한방내과,WOMEN_HEALTH,"인천광역시 남동구 인하로507번길 63, 2층 204호 (구월동)",남동구,032-719-7513,37.44618567,126.7028336,인천광역시 남동구 인하로507번길 63,인천 남동구 인하로507번길 63
장튼튼내과의원,의원,내과 산부인과 소아청소년과 이비인후과 영상의학과 병리과 가정의학과,WOMEN_HEALTH,"인천광역시 남동구 용천로 70, 동호프라자 4,5,7층 (구월동)",남동구,032-473-8275,37.45587112,126.7149559,인천광역시 남동구 용천로 70,인천 남동구 용천로 70
장한의원,한의원,한방내과 한방부인과 한방소아과 한방안·이비인후·피부과 한방신경정신과 한방재활의학과 침구과,WOMEN_HEALTH,인천광역시 남동구 호구포로 782 (구월동),남동구,032-466-2500,37.45204862,126.7192636,인천광역시 남동구 호구포로 782,인천 남동구 호구포로 782
장혜승한의원,한의원,한방소아과 한방부인과 한방재활의학과 침구과 한방신경정신과 사상체질과 한방내과 한방안·이비인후·피부과,WOMEN_HEALTH,"인천광역시 남동구 인하로 616, 커뮤니티프라자 2층 203,204호 (구월동)",남동구,032-462-7500,37.44252405,126.7152048,인천광역시 남동구 인하로 616,인천 남동구 인하로 616
정원산책한의원,한의원,한방내과 한방부인과 한방소아과 한방안·이비인후·피부과 한방신경정신과 한방재활의학과 사상체질과 침구과,WOMEN_HEALTH,"인천광역시 남동구 장승남로 48, 401호 (만수동, 제우빌딩)",남동구,032-465-7511,37.44315745,126.7376215,인천광역시 남동구 장승남로 48,인천 남동구 장승남로 48
정한의원,한의원,한방내과 한방부인과 한방소아과 한방안·이비인후·피부과 한방신경정신과 한방재활의학과 사상체질과 침구과,WOMEN_HEALTH,"인천광역시 남동구 담방로21번길 55, 209~211호 (만수동, 뉴서울A상가)",남동구,032-467-8275,37.44131914,126.7355694,인천광역시 남동구 담방로21번길 55,인천 남동구 담방로21번길 55
제물포한의원,한의원,한방내과 한방부인과 한방소아과 한방안·이비인후·피부과 한방신경정신과 한방재활의학과 사상체질과 침구과,WOMEN_HEALTH,"인천광역시 남동구 구월로 243, 현대프라자 2층 201호 (구월동)",남동구,032-245-2431,37.45628471,126.7176719,인천광역시 남동구 구월로 243,인천 남동구 구월로 243
조내과의원,의원,비뇨의학과 피부과 이비인후과 소아청소년과 산부인과 내과,WOMEN_HEALTH,인천광역시 남동구 만수로 45 (만수동),남동구,032-463-9890,37.46041973,126.7333894,인천광역시 남동구 만수로 45,인천 남동구 만수로 45
중국광원한의원,한의원,한방내과 한방소아과 한방안·이비인후·피부과 사상체질과 한방부인과 한방신경정신과 침구과 한방재활의학과,WOMEN_HEALTH,인천광역시 남동구 호구포로800번길 9 (구월동),남동구,032-466-1688,37.45383567,126.7198249,인천광역시 남동구 호구포로800번길 9,인천 남동구 호구포로800번길 9
중화한의원,한의원,한방내과 한방소아과 한방부인과 한방안·이비인후·피부과 한방신경정신과 침구과,WOMEN_HEALTH,"인천광역시 남동구 만수로 43, 2층일부층 (만수동)",남동구,032-463-3888,37.46031986,126.7331729,인천광역시 남동구 만수로 43,인천 남동구 만수로 43
차앤미한의원,한의원,한방내과 한방부인과 한방소아과 한방안·이비인후·피부과 한방신경정신과 한방재활의학과 사상체질과 침구과,WOMEN_HEALTH,"인천광역시 남동구 남동대로 892, 3층 (간석동, 일주빌딩)",남동구,032-435-1075,37.4620717,126.7086436,인천광역시 남동구 남동대로 892,인천 남동구 남동대로 892
차한의원,한의원,한방내과 한방부인과 한방소아과 한방안·이비인후·피부과 한방신경정신과 한방재활의학과 침구과,WOMEN_HEALTH,"인천광역시 남동구 서창남순환로 223, A동 5층 506호 (서창동, 아페리온)",남동구,032-466-4663,37.42482087,126.7489212,인천광역시 남동구 서창남순환로 223,인천 남동구 서창남순환로 223
참조은내과의원,의원,소아청소년과 내과 정신건강의학과 정형외과 산부인과 안과 피부과 병리과 가정의학과 이비인후과,WOMEN_HEALTH,"인천광역시 남동구 에코중앙로156번길 5-19, 2층 (논현동)",남동구,032-446-1273,37.39188889,126.7265947,인천광역시 남동구 에코중앙로156번길 5-19,인천 남동구 에코중앙로156번길 5-19
천지인한의원,한의원,한방내과 한방부인과 한방소아과 한방안·이비인후·피부과 한방신경정신과 한방재활의학과 사상체질과 침구과,WOMEN_HEALTH,"인천광역시 남동구 구월로 362, 2층 전체호 (만수동)",남동구,032-464-1120,37.45484544,126.7308406,인천광역시 남동구 구월로 362,인천 남동구 구월로 362
청강한의원,한의원,한방내과 한방부인과 한방소아과 한방안·이비인후·피부과 한방신경정신과 한방재활의학과 사상체질과 침구과,WOMEN_HEALTH,"인천광역시 남동구 논고개로 307, 201호 (도림동)",남동구,032-425-8775,37.41782031,126.7279392,인천광역시 남동구 논고개로 307,인천 남동구 논고개로 307
청구경희한의원,한의원,한방내과 한방부인과 한방소아과 한방안·이비인후·피부과 한방신경정신과 한방재활의학과 사상체질과 침구과,WOMEN_HEALTH,"인천광역시 남동구 청능대로 581, 301호 (논현동, 광성프라자)",남동구,032-423-1275,37.40127674,126.723589,인천광역시 남동구 청능대로 581,인천 남동구 청능대로 581
청명한의원,한의원,한방내과 한방안·이비인후·피부과 한방부인과 한방신경정신과 침구과 한방소아과 한방재활의학과,WOMEN_HEALTH,"인천광역시 남동구 석정로 515, 3층 304호 (간석동)",남동구,032-423-1477,37.46596185,126.6929003,인천광역시 남동구 석정로 515,인천 남동구 석정로 515
청원한의원,한의원,한방내과 한방부인과 한방소아과 한방안·이비인후·피부과 한방신경정신과 한방재활의학과 사상체질과 침구과,WOMEN_HEALTH,"인천광역시 남동구 백범로 123, 3층 302호 (만수동, 상지프라자)",남동구,032-471-1030,37.45458759,126.733233,인천광역시 남동구 백범로 123,인천 남동구 백범로 123
침맥한의원,한의원,한방내과 한방안·이비인후·피부과 사상체질과 침구과 한방신경정신과 한방부인과 한방소아과 한방재활의학과,WOMEN_HEALTH,"인천광역시 남동구 논고개로123번길 17, 514호 (논현동, 아이플렉스)",남동구,070-7739-7533,37.40168489,126.7230837,인천광역시 남동구 논고개로123번길 17,인천 남동구 논고개로123번길 17
코비한의원,한의원,한방내과 한방안·이비인후·피부과 사상체질과 한방부인과 한방신경정신과 침구과 한방재활의학과 한방소아과,WOMEN_HEALTH,"인천광역시 남동구 인주대로 580, 2층 (구월동, 동남빌딩)",남동구,032-435-1210,37.44978577,126.7013035,인천광역시 남동구 인주대로 580,인천 남동구 인주대로 580
태백한의원,한의원,한방내과 한방부인과 한방소아과 한방안·이비인후·피부과 한방신경정신과 한방재활의학과 사상체질과 침구과,WOMEN_HEALTH,"인천광역시 남동구 백범로124번길 7, 나동 205호 (만수동, 만수주공상가)",남동구,032-467-1075,37.45555424,126.7333739,인천광역시 남동구 백범로124번길 7,인천 남동구 백범로124번길 7
튼튼가족한의원,한의원,한방내과 한방안·이비인후·피부과 사상체질과 한방부인과 한방신경정신과 침구과 한방소아과 한방재활의학과,WOMEN_HEALTH,"인천광역시 남동구 호구포로 220, 2층 203호 (논현동, 명진프라자)",남동구,032-426-1175,37.4023787,126.7103485,인천광역시 남동구 호구포로 220,인천 남동구 호구포로 220
튼튼마디한의원,한의원,침구과 사상체질과 한방재활의학과 한방신경정신과 한방안·이비인후·피부과 한방소아과 한방부인과 한방내과,WOMEN_HEALTH,"인천광역시 남동구 예술로 126, 3층 305호 (구월동)",남동구,032-721-8275,37.44512955,126.7008867,인천광역시 남동구 예술로 126,인천 남동구 예술로 126
평강한의원,한의원,한방내과 한방부인과 한방소아과 한방안·이비인후·피부과 한방신경정신과 사상체질과 침구과,WOMEN_HEALTH,인천광역시 남동구 구월로 366-1 (만수동),남동구,032-462-8815,37.45478737,126.7314529,인천광역시 남동구 구월로 366-1,인천 남동구 구월로 366-1
포메디한의원,한의원,침구과 한방재활의학과 한방신경정신과 한방안·이비인후·피부과 한방부인과 한방내과,WOMEN_HEALTH,"인천광역시 남동구 구월로 212, 힐캐슬프라자 205, 206호 (구월동)",남동구,032-468-7526,37.45599268,126.7140285,인천광역시 남동구 구월로 212,인천 남동구 구월로 212
푸른경희한의원,한의원,한방내과 한방소아과 한방부인과 한방안·이비인후·피부과 한방신경정신과 침구과 한방재활의학과,WOMEN_HEALTH,"인천광역시 남동구 남동대로370번길 119, 201호 (논현동, 견우프라자)",남동구,032-446-1075,37.4136045,126.7122386,인천광역시 남동구 남동대로370번길 119,인천 남동구 남동대로370번길 119
프리허그한의원,한의원,한방내과 한방부인과 한방소아과 한방안·이비인후·피부과 한방신경정신과 한방재활의학과 사상체질과 침구과,WOMEN_HEALTH,"인천광역시 남동구 인하로507번길 74, 5층 502호 (구월동, 유진빌딩)",남동구,032-433-8269,37.44653081,126.7035003,인천광역시 남동구 인하로507번길 74,인천 남동구 인하로507번길 74
하늘마음한의원,한의원,한방내과 한방부인과 한방소아과 한방안·이비인후·피부과 한방신경정신과 한방재활의학과 사상체질과 침구과,WOMEN_HEALTH,"인천광역시 남동구 예술로 126, 309호 (구월동)",남동구,032-519-5476,37.44512955,126.7008867,인천광역시 남동구 예술로 126,인천 남동구 예술로 126
하늘체한의원,한의원,한방내과 한방부인과 한방소아과 한방안·이비인후·피부과 한방신경정신과 한방재활의학과 사상체질과 침구과,WOMEN_HEALTH,"인천광역시 남동구 인하로 501, 5층 일부호 (구월동)",남동구,032-719-7275,37.44352419,126.7023737,인천광역시 남동구 인하로 501,인천 남동구 인하로 501
한마음산부인과의원,의원,산부인과,WOMEN_HEALTH,"인천광역시 남동구 인주대로 865, 2층 (만수동, 승창빌딩)",남동구,032-467-3687,37.44862803,126.733592,인천광역시 남동구 인주대로 865,인천 남동구 인주대로 865
한빛산부인과의원,의원,산부인과 가정의학과 피부과,WOMEN_HEALTH,"인천광역시 남동구 서창남로 77, 301,302호 (서창동)",남동구,032-466-3575,37.42589317,126.7482477,인천광역시 남동구 서창남로 77,인천 남동구 서창남로 77
함소아한의원,한의원,한방내과 한방부인과 한방소아과 한방안·이비인후·피부과 한방신경정신과 사상체질과 침구과,WOMEN_HEALTH,"인천광역시 남동구 예술로 126, 링크126 7층 702호 (구월동)",남동구,032-434-3001,37.44512955,126.7008867,인천광역시 남동구 예술로 126,인천 남동구 예술로 126
해님달님한의원,한의원,한방내과 한방부인과 한방소아과 한방안·이비인후·피부과 한방신경정신과 한방재활의학과 사상체질과 침구과,WOMEN_HEALTH,"인천광역시 남동구 서창남순환로216번길 17, 302호 (서창동, 스카이플러스)",남동구,032-461-1110,37.42353512,126.7494337,인천광역시 남동구 서창남순환로216번길 17,인천 남동구 서창남순환로216번길 17
해솜한의원,한의원,한방내과 한방부인과 한방소아과 한방안·이비인후·피부과 한방신경정신과 한방재활의학과 사상체질과 침구과,WOMEN_HEALTH,"인천광역시 남동구 경인로 520, 302호 (간석동, 탑프라자)",남동구,032-427-7533,37.46075398,126.697036,인천광역시 남동구 경인로 520,인천 남동구 경인로 520
해율한의원,한의원,침구과 한방재활의학과 한방신경정신과 한방안·이비인후·피부과 한방소아과 한방부인과 한방내과,WOMEN_HEALTH,"인천광역시 남동구 인하로 497-8, 2층 (구월동, 오아시스빌딩)",남동구,032-437-3775,37.44356892,126.7020683,인천광역시 남동구 인하로 497-8,인천 남동구 인하로 497-8
해인한의원,한의원,한방내과 한방부인과 한방소아과 한방안·이비인후·피부과 한방재활의학과 침구과,WOMEN_HEALTH,"인천광역시 남동구 구월로372번길 93, 201호 (만수동)",남동구,032-472-2468,37.45067136,126.7316487,인천광역시 남동구 구월로372번길 93,인천 남동구 구월로372번길 93
행림한의원,한의원,한방내과 한방소아과 한방안·이비인후·피부과 사상체질과 한방부인과 한방신경정신과 침구과 한방재활의학과,WOMEN_HEALTH,"인천광역시 남동구 인하로489번길 28, 5층 505호 (구월동, 로데오프라자21)",남동구,032-431-0110,37.44484813,126.7014806,인천광역시 남동구 인하로489번길 28,인천 남동구 인하로489번길 28
행복마을요양병원,요양병원,한방내과 가정의학과 산부인과 심장혈관흉부외과 신경외과 정형외과 외과 신경과 내과,WOMEN_HEALTH,"인천광역시 남동구 백범로 398, 새마을금고중앙회 (간석동)",남동구,032-441-3338,37.46775175,126.707189,인천광역시 남동구 백범로 398,인천 남동구 백범로 398
향촌한의원,한의원,한방내과 한방소아과 한방부인과 한방안·이비인후·피부과 사상체질과 침구과 한방신경정신과 한방재활의학과,WOMEN_HEALTH,"인천광역시 남동구 만수로 47, 403,404호 (만수동)",남동구,032-461-3858,37.46054362,126.7335483,인천광역시 남동구 만수로 47,인천 남동구 만수로 47
형통한의원,한의원,한방내과 한방안·이비인후·피부과 사상체질과 침구과 한방신경정신과 한방부인과 한방소아과 한방재활의학과,WOMEN_HEALTH,"인천광역시 남동구 장승남로 51, 4층 (만수동, 새한빌딩)",남동구,032-462-1075,37.44366422,126.7378835,인천광역시 남동구 장승남로 51,인천 남동구 장승남로 51
호구포한의원,한의원,한방내과 한방부인과 한방소아과 한방안·이비인후·피부과 한방신경정신과 침구과 한방재활의학과 사상체질과,WOMEN_HEALTH,"인천광역시 남동구 논현로 42, 3층 304호, 303호일부호 (논현동, 제일프라자)",남동구,032-432-1101,37.40212828,126.7110736,인천광역시 남동구 논현로 42,인천 남동구 논현로 42
화접몽한의원,한의원,한방내과 한방부인과 한방소아과 한방안·이비인후·피부과 한방신경정신과 한방재활의학과 사상체질과 침구과,WOMEN_HEALTH,"인천광역시 남동구 예술로 126, 3층 307호 (구월동)",남동구,032-215-7579,37.44512955,126.7008867,인천광역시 남동구 예술로 126,인천 남동구 예술로 126
후한의원,한의원,한방내과 한방부인과 한방소아과 한방안·이비인후·피부과 한방신경정신과 한방재활의학과 사상체질과 침구과,WOMEN_HEALTH,"인천광역시 남동구 인하로489번길 4, 3층 일부호 (구월동, 맨하탄빌딩)",남동구,032-715-8073,37.44364424,126.7012447,인천광역시 남동구 인하로489번길 4,인천 남동구 인하로489번길 4
휴내과의원,의원,영상의학과 이비인후과 소아청소년과 산부인과 내과,WOMEN_HEALTH,"인천광역시 남동구 인하로 497-5, 푸른세상안과 7층 701호 8층 801호 (구월동)",남동구,032-437-5111,37.4436079,126.7015894,인천광역시 남동구 인하로 497-5,인천 남동구 인하로 497-5
휴한의원,한의원,한방내과 한방부인과 한방소아과 한방안·이비인후·피부과 한방신경정신과 한방재활의학과 사상체질과 침구과,WOMEN_HEALTH,"인천광역시 남동구 인하로507번길 4, 4층 401일부호 (구월동)",남동구,032-429-9754,37.44344534,126.7031962,인천광역시 남동구 인하로507번길 4,인천 남동구 인하로507번길 4
권의원,의원,내과 정형외과 신경외과 소아청소년과 외과 산부인과,WOMEN_HEALTH,인천광역시 동구 샛골로 142 (송림동),동구,032-763-1110,37.47496811,126.6446438,인천광역시 동구 샛골로 142,인천 동구 샛골로 142
대영한의원,한의원,한방내과 한방부인과 한방소아과 침구과,WOMEN_HEALTH,"인천광역시 동구 화평로 12-1 (화평동, 대영한의원)",동구,032-773-4778,37.47829825,126.630178,인천광역시 동구 화평로 12-1,인천 동구 화평로 12-1
대제당한의원,한의원,한방내과 한방소아과 한방부인과 침구과,WOMEN_HEALTH,인천광역시 동구 화도진로 21 (송현동),동구,032-762-3553,37.47477889,126.6350069,인천광역시 동구 화도진로 21,인천 동구 화도진로 21
동인천한의원,한의원,침구과 사상체질과 한방재활의학과 한방신경정신과 한방안·이비인후·피부과 한방소아과 한방부인과 한방내과,WOMEN_HEALTH,"인천광역시 동구 화도진로 70, 3층 (화평동)",동구,032-766-1070,37.4783102,126.6317845,인천광역시 동구 화도진로 70,인천 동구 화도진로 70
동제당한의원,한의원,한방내과 한방부인과 한방소아과 침구과,WOMEN_HEALTH,"인천광역시 동구 동산로 88, 2층 (송림동)",동구,032-765-7733,37.47517503,126.6455013,인천광역시 동구 동산로 88,인천 동구 동산로 88
명인한의원,한의원,한방내과 한방부인과 한방소아과 침구과 한방안·이비인후·피부과 한방신경정신과,WOMEN_HEALTH,"인천광역시 동구 송현로 38, 402호 (송현동, 송현프라자)",동구,032-777-6886,37.47911895,126.6362059,인천광역시 동구 송현로 38,인천 동구 송현로 38
보화당한의원,한의원,한방내과 한방소아과 한방부인과 침구과,WOMEN_HEALTH,인천광역시 동구 금곡로 84 (송림동),동구,032-766-2555,37.47321487,126.6448627,인천광역시 동구 금곡로 84,인천 동구 금곡로 84
성모메디칼한의원,한의원,한방내과 한방부인과 한방소아과 침구과,WOMEN_HEALTH,"인천광역시 동구 샛골로194번길 4-10, 1층 (송림동)",동구,032-777-9114,37.47916301,126.6456057,인천광역시 동구 샛골로194번길 4-10,인천 동구 샛골로194번길 4-10
송림한의원,한의원,한방내과 한방부인과 한방소아과 한방안·이비인후·피부과 한방신경정신과 한방재활의학과 사상체질과 침구과,WOMEN_HEALTH,인천광역시 동구 송림로 96 (송림동),동구,032-762-3025,37.47577486,126.6453329,인천광역시 동구 송림로 96,인천 동구 송림로 96
송선당한의원,한의원,침구과 한방재활의학과 한방신경정신과 한방안·이비인후·피부과 한방소아과 한방부인과 한방내과,WOMEN_HEALTH,인천광역시 동구 송현로11번길 4 (송현동),동구,032-766-1778,37.47780184,126.6340128,인천광역시 동구 송현로11번길 4,인천 동구 송현로11번길 4
신농씨한의원,한의원,한방내과 한방부인과 한방소아과 한방안·이비인후·피부과 한방신경정신과 침구과,WOMEN_HEALTH,"인천광역시 동구 화도진로 113, 106호 (화수동, 화도진그린빌주공상가)",동구,032-777-3175,37.48160815,126.6275019,인천광역시 동구 화도진로 113,인천 동구 화도진로 113
연세성모의원,의원,내과 외과 정형외과 산부인과 소아청소년과 이비인후과 피부과 비뇨의학과,WOMEN_HEALTH,"인천광역시 동구 화도진로 183, 2층 (만석동)",동구,032-772-0266,37.48516778,126.6226867,인천광역시 동구 화도진로 183,인천 동구 화도진로 183
예나산부인과의원,의원,산부인과 마취통증의학과 예방의학과 내과,WOMEN_HEALTH,"인천광역시 동구 송림로 96, 601호 (송림동, 송림메디칼빌딩)",동구,032-765-0050,37.47577486,126.6453329,인천광역시 동구 송림로 96,인천 동구 송림로 96
이승진한의원,한의원,한방내과 한방부인과 한방소아과 한방안·이비인후·피부과 한방신경정신과 한방재활의학과 사상체질과 침구과,WOMEN_HEALTH,"인천광역시 동구 샛골로 182, 2층 (송림동)",동구,032-765-7522,37.47852798,126.6454553,인천광역시 동구 샛골로 182,인천 동구 샛골로 182
익수한의원,한의원,한방내과 한방부인과 한방안·이비인후·피부과 침구과,WOMEN_HEALTH,인천광역시 동구 화도진로 65 (화평동),동구,032-763-7582,37.4778818,126.6317646,인천광역시 동구 화도진로 65,인천 동구 화도진로 65
인천광역시의료원,종합병원,치과보존과 치과보철과 응급의학과 직업환경의학과 가정의학과 재활의학과 진단검사의학과 영상의학과 비뇨의학과 이비인후과 안과 소아청소년과 산부인과 마취통증의학과 심장혈관흉부외과 신경외과 정형외과 외과 정신건강의학과 신경과 내과,WOMEN_HEALTH,"인천광역시 동구 방축로 217 (송림동, 인천광역시 의료원)",동구,032-580-6000,37.47881528,126.6686645,인천광역시 동구 방축로 217,인천 동구 방축로 217
일이삼한의원,한의원,한방내과 한방부인과 한방소아과 침구과,WOMEN_HEALTH,"인천광역시 동구 샛골로 173, 2층 (송림동)",동구,032-761-1233,37.47786129,126.6447531,인천광역시 동구 샛골로 173,인천 동구 샛골로 173
천광한의원,한의원,한방내과 한방소아과 한방부인과 침구과,WOMEN_HEALTH,인천광역시 동구 샛골로 120 (송림동),동구,032-766-2000,37.47296817,126.6442346,인천광역시 동구 샛골로 120,인천 동구 샛골로 120
초록한의원,한의원,침구과 사상체질과 한방재활의학과 한방신경정신과 한방안·이비인후·피부과 한방소아과 한방부인과 한방내과,WOMEN_HEALTH,인천광역시 동구 금곡로 34 (금곡동),동구,032-777-1727,37.47304043,126.6392705,인천광역시 동구 금곡로 34,인천 동구 금곡로 34
화수성심의원,의원,내과 소아청소년과 정형외과 산부인과 신경과 피부과 비뇨의학과 이비인후과,WOMEN_HEALTH,"인천광역시 동구 화수로 43, 2층 (화수동)",동구,032-763-2017,37.4827231,126.6331329,인천광역시 동구 화수로 43,인천 동구 화수로 43
화수한의원,한의원,침구과 사상체질과 한방재활의학과 한방신경정신과 한방안·이비인후·피부과 한방소아과 한방부인과 한방내과,WOMEN_HEALTH,"인천광역시 동구 운교로 6, 1층 (화수동)",동구,032-766-1075,37.47944938,126.6283432,인천광역시 동구 운교로 6,인천 동구 운교로 6
황호연산부인과의원,의원,내과 산부인과 피부과,WOMEN_HEALTH,인천광역시 동구 샛골로 188 (송림동),동구,032-773-3222,37.47904993,126.6455728,인천광역시 동구 샛골로 188,인천 동구 샛골로 188
(의)광혜원한방병원,한방병원,한방부인과 한방소아과 한방안·이비인후·피부과 한방재활의학과 사상체질과 침구과 한방내과,WOMEN_HEALTH,"인천광역시 미추홀구 염창로 63, 2~3,4층일부층 (주안동)",미추홀구,032-874-7500,37.46586167,126.6809987,인천광역시 미추홀구 염창로 63,인천 미추홀구 염창로 63
365 엄지한방병원,한방병원,침구과 사상체질과 한방재활의학과 한방신경정신과 한방안·이비인후·피부과 한방소아과 한방부인과 한방내과 정형외과,WOMEN_HEALTH,"인천광역시 미추홀구 한나루로 420, 학익동 월드타워 3~4층 (학익동)",미추홀구,032-721-7773,37.44467609,126.6659766,인천광역시 미추홀구 한나루로 420,인천 미추홀구 한나루로 420
W(더블유)여성병원,병원,내과 외과 마취통증의학과 산부인과 소아청소년과 피부과,WOMEN_HEALTH,"인천광역시 미추홀구 인주대로 400, 제일여성병원 2층 일부, 3-5층, 8층 (주안동)",미추홀구,032-451-0000,37.45096474,126.6811651,인천광역시 미추홀구 인주대로 400,인천 미추홀구 인주대로 400
감초당한의원,한의원,한방소아과 한방내과 한방부인과 한방안·이비인후·피부과 한방신경정신과 한방재활의학과 사상체질과 침구과,WOMEN_HEALTH,"인천광역시 미추홀구 인하로 276 (주안동,남부종합 2층)",미추홀구,032-872-7475,37.44786721,126.6787198,인천광역시 미추홀구 인하로 276,인천 미추홀구 인하로 276
감초한의원,한의원,한방내과 한방부인과 한방소아과 한방안·이비인후·피부과 한방신경정신과 한방재활의학과 사상체질과 침구과 한방응급과,WOMEN_HEALTH,인천광역시 미추홀구 소성로 136 (학익동),미추홀구,032-875-8900,37.44290208,126.6636846,인천광역시 미추홀구 소성로 136,인천 미추홀구 소성로 136
거북이한의원,한의원,한방응급과 침구과 사상체질과 한방재활의학과 한방신경정신과 한방안·이비인후·피부과 한방소아과 한방부인과 한방내과,WOMEN_HEALTH,인천광역시 미추홀구 매소홀로 442 (학익동),미추홀구,032-861-7733,37.43953362,126.6710362,인천광역시 미추홀구 매소홀로 442,인천 미추홀구 매소홀로 442
경희75한의원,한의원,침구과 한방재활의학과 한방신경정신과 한방안·이비인후·피부과 한방소아과 한방부인과 한방내과,WOMEN_HEALTH,"인천광역시 미추홀구 한나루로 604, 7층 일부 (도화동)",미추홀구,032-255-1075,37.45984908,126.6729642,인천광역시 미추홀구 한나루로 604,인천 미추홀구 한나루로 604
경희강생당한의원,한의원,한방내과 한방부인과 한방소아과 한방안·이비인후·피부과 한방신경정신과 한방재활의학과 사상체질과 침구과 한방응급과,WOMEN_HEALTH,인천광역시 미추홀구 인하로 304 (주안동),미추홀구,032-422-8800,37.44779847,126.6817875,인천광역시 미추홀구 인하로 304,인천 미추홀구 인하로 304
경희금강한의원,한의원,한방응급과 침구과 사상체질과 한방재활의학과 한방신경정신과 한방안·이비인후·피부과 한방소아과 한방부인과 한방내과,WOMEN_HEALTH,인천광역시 미추홀구 소성로 333 (문학동),미추홀구,032-435-6555,37.43760258,126.6842562,인천광역시 미추홀구 소성로 333,인천 미추홀구 소성로 333
경희만석한의원,한의원,한방내과 한방부인과 한방소아과 한방안·이비인후·피부과 한방신경정신과 한방재활의학과 침구과,WOMEN_HEALTH,인천광역시 미추홀구 인주대로 261 (주안동),미추홀구,032-874-8500,37.45303027,126.6657916,인천광역시 미추홀구 인주대로 261,인천 미추홀구 인주대로 261
경희백한방병원,한방병원,내과 피부과 가정의학과 한방내과 한방부인과 한방소아과 한방안·이비인후·피부과 한방신경정신과 한방재활의학과 사상체질과 침구과,WOMEN_HEALTH,"인천광역시 미추홀구 아암대로 91, 2층,3층,4층,5층 (용현동)",미추홀구,032-887-1079,37.45352206,126.6333731,인천광역시 미추홀구 아암대로 91,인천 미추홀구 아암대로 91
경희보배한의원,한의원,침구과 사상체질과 한방재활의학과 한방신경정신과 한방안·이비인후·피부과 한방소아과 한방부인과 한방내과,WOMEN_HEALTH,인천광역시 미추홀구 인하로 261 (주안동),미추홀구,032-872-1688,37.44840892,126.6772394,인천광역시 미추홀구 인하로 261,인천 미추홀구 인하로 261
경희온화한의원,한의원,한방내과 한방부인과 한방소아과 한방안·이비인후·피부과 한방신경정신과 한방재활의학과 사상체질과 침구과,WOMEN_HEALTH,"인천광역시 미추홀구 경원대로 862, 2층 (주안동)",미추홀구,032-721-7250,37.45963628,126.6898146,인천광역시 미추홀구 경원대로 862,인천 미추홀구 경원대로 862
경희우정한의원,한의원,한방내과 한방안·이비인후·피부과 사상체질과 한방부인과 한방신경정신과 침구과 한방소아과 한방재활의학과,WOMEN_HEALTH,인천광역시 미추홀구 제일로 38 (도화동),미추홀구,032-863-0075,37.45858353,126.6744006,인천광역시 미추홀구 제일로 38,인천 미추홀구 제일로 38
경희최한의원,한의원,한방내과 한방부인과 한방소아과 한방안·이비인후·피부과 한방신경정신과 한방재활의학과 사상체질과 침구과 한방응급과,WOMEN_HEALTH,인천광역시 미추홀구 매소홀로 355 (학익동),미추홀구,032-875-7594,37.4414509,126.6619763,인천광역시 미추홀구 매소홀로 355,인천 미추홀구 매소홀로 355
고려한의원,한의원,침구과 사상체질과 한방재활의학과 한방신경정신과 한방안·이비인후·피부과 한방소아과 한방부인과 한방내과,WOMEN_HEALTH,인천광역시 미추홀구 인하로 268 (주안동),미추홀구,032-875-8067,37.44800206,126.677913,인천광역시 미추홀구 인하로 268,인천 미추홀구 인하로 268
고은여성병원,병원,산부인과 외과,WOMEN_HEALTH,인천광역시 미추홀구 독배로 463 (숭의동),미추홀구,032-870-5000,37.46003069,126.6470813,인천광역시 미추홀구 독배로 463,인천 미추홀구 독배로 463
광동한의원,한의원,한방내과 한방부인과 한방소아과 한방안·이비인후·피부과 한방신경정신과 침구과,WOMEN_HEALTH,인천광역시 미추홀구 석산로 36 (주안동),미추홀구,032-891-7890,37.46203655,126.6962602,인천광역시 미추홀구 석산로 36,인천 미추홀구 석산로 36
금강요양병원,요양병원,한방신경정신과 한방안·이비인후·피부과 한방부인과 한방내과 가정의학과 재활의학과 소아청소년과 신경외과,WOMEN_HEALTH,"인천광역시 미추홀구 인주대로 452, A동 지하1층~6층, B동 지하1층~6층 (주안동)",미추홀구,032-215-7575,37.45054228,126.6865607,인천광역시 미추홀구 인주대로 452,인천 미추홀구 인주대로 452
금수한의원,한의원,한방응급과 침구과 사상체질과 한방재활의학과 한방신경정신과 한방안·이비인후·피부과 한방소아과 한방부인과 한방내과,WOMEN_HEALTH,"인천광역시 미추홀구 구월로 27, 4층 (주안동)",미추홀구,032-428-9484,37.45784683,126.6933886,인천광역시 미추홀구 구월로 27,인천 미추홀구 구월로 27
기린한의원,한의원,한방응급과 침구과 사상체질과 한방재활의학과 한방신경정신과 한방안·이비인후·피부과 한방소아과 한방부인과 한방내과,WOMEN_HEALTH,"인천광역시 미추홀구 인하로 446 (관교동, 삼환상가 2층)",미추홀구,032-428-9484,37.44435212,126.6962105,인천광역시 미추홀구 인하로 446,인천 미추홀구 인하로 446
김용철산부인과의원,의원,산부인과,WOMEN_HEALTH,"인천광역시 미추홀구 주안로 175, 3, 4층 (주안동)",미추홀구,032-432-3582,37.46383328,126.6894082,인천광역시 미추홀구 주안로 175,인천 미추홀구 주안로 175
김한의원,한의원,한방응급과 침구과 사상체질과 한방재활의학과 한방신경정신과 한방안·이비인후·피부과 한방소아과 한방부인과 한방내과,WOMEN_HEALTH,"인천광역시 미추홀구 경원대로 865, 302호 (주안동, 한사랑빌딩 )",미추홀구,032-424-2255,37.46005415,126.6891204,인천광역시 미추홀구 경원대로 865,인천 미추홀구 경원대로 865
다난한의원,한의원,한방내과 한방소아과 한방부인과 한방안·이비인후·피부과 한방신경정신과 한방재활의학과 사상체질과 침구과,WOMEN_HEALTH,"인천광역시 미추홀구 소성로 88 (학익동, 엑슬루타워상가 2층 201호, 205호)",미추홀구,032-873-1088,37.44485134,126.6586913,인천광역시 미추홀구 소성로 88,인천 미추홀구 소성로 88
대원한의원,한의원,한방응급과 침구과 사상체질과 한방재활의학과 한방신경정신과 한방안·이비인후·피부과 한방소아과 한방부인과 한방내과,WOMEN_HEALTH,인천광역시 미추홀구 경원대로 854 (주안동),미추홀구,032-437-1075,37.45886621,126.6898556,인천광역시 미추홀구 경원대로 854,인천 미추홀구 경원대로 854
더원한방병원,한방병원,침구과 사상체질과 한방재활의학과 한방신경정신과 한방안·이비인후·피부과 한방소아과 한방부인과 한방내과 가정의학과 재활의학과 피부과 이비인후과 마취통증의학과 신경외과 정형외과 내과,WOMEN_HEALTH,"인천광역시 미추홀구 경인로 402, 2,3,4층 (주안동)",미추홀구,032-433-7575,37.45790351,126.6846596,인천광역시 미추홀구 경인로 402,인천 미추홀구 경인로 402
덕윤한의원,한의원,한방응급과 침구과 사상체질과 한방재활의학과 한방신경정신과 한방안·이비인후·피부과 한방소아과 한방부인과 한방내과,WOMEN_HEALTH,인천광역시 미추홀구 인주대로266번길 1 (용현동),미추홀구,032-864-1348,37.4525372,126.6659991,인천광역시 미추홀구 인주대로266번길 1,인천 미추홀구 인주대로266번길 1
덕창한의원,한의원,한방응급과 침구과 사상체질과 한방재활의학과 한방신경정신과 한방안·이비인후·피부과 한방소아과 한방부인과 한방내과,WOMEN_HEALTH,인천광역시 미추홀구 인주대로 141 (용현동),미추홀구,032-884-1887,37.45669209,126.6528618,인천광역시 미추홀구 인주대로 141,인천 미추홀구 인주대로 141
동서한의원,한의원,한방내과 한방안·이비인후·피부과 사상체질과 한방부인과 한방신경정신과 침구과 한방소아과 한방재활의학과,WOMEN_HEALTH,인천광역시 미추홀구 경인로 128-1  (숭의동),미추홀구,032-886-5788,37.46599819,126.6569175,인천광역시 미추홀구 경인로 128-1,인천 미추홀구 경인로 128-1
동의보감한의원,한의원,한방내과 한방부인과 한방소아과 한방신경정신과 침구과,WOMEN_HEALTH,인천광역시 미추홀구 낙섬중로 45-1 (용현동),미추홀구,032-882-1075,37.45231063,126.6378064,인천광역시 미추홀구 낙섬중로 45-1,인천 미추홀구 낙섬중로 45-1
동인한의원,한의원,한방응급과 침구과 사상체질과 한방재활의학과 한방신경정신과 한방안·이비인후·피부과 한방소아과 한방부인과 한방내과,WOMEN_HEALTH,인천광역시 미추홀구 한나루로 496-3 (주안동),미추홀구,032-421-0202,37.45119197,126.6675591,인천광역시 미추홀구 한나루로 496-3,인천 미추홀구 한나루로 496-3
로뎀요양병원,요양병원,내과 신경과 재활의학과 정형외과 신경외과 외과 가정의학과 이비인후과 피부과 한방부인과 한방내과 한방소아과 한방안·이비인후·피부과 한방신경정신과 한방재활의학과 사상체질과 침구과,WOMEN_HEALTH,"인천광역시 미추홀구 주안로 211, 지엔엠빌딩(1층 일부 ~ 9층) (주안동)",미추홀구,032-462-0321,37.46367991,126.6933687,인천광역시 미추홀구 주안로 211,인천 미추홀구 주안로 211
명가한의원,한의원,한방내과 한방부인과 한방소아과 한방안·이비인후·피부과 한방신경정신과 한방재활의학과 사상체질과 침구과,WOMEN_HEALTH,"인천광역시 미추홀구 숙골로87번길 2, 센타프라자 205,206호 (도화동)",미추홀구,032-865-0270,37.4701339,126.66299,인천광역시 미추홀구 숙골로87번길 2,인천 미추홀구 숙골로87번길 2
명성한의원,한의원,한방응급과 침구과 사상체질과 한방재활의학과 한방신경정신과 한방안·이비인후·피부과 한방소아과 한방부인과 한방내과,WOMEN_HEALTH,인천광역시 미추홀구 경원대로 740 (주안동),미추홀구,032-434-7673,37.44853011,126.6903431,인천광역시 미추홀구 경원대로 740,인천 미추홀구 경원대로 740
명제당한의원,한의원,한방응급과 침구과 사상체질과 한방재활의학과 한방신경정신과 한방안·이비인후·피부과 한방소아과 한방부인과 한방내과,WOMEN_HEALTH,인천광역시 미추홀구 석정로 327 (도화동),미추홀구,032-866-7575,37.4679645,126.6718078,인천광역시 미추홀구 석정로 327,인천 미추홀구 석정로 327
모아한의원,한의원,한방내과 한방부인과 한방소아과 한방안·이비인후·피부과 한방신경정신과 침구과,WOMEN_HEALTH,인천광역시 미추홀구 석산로 12 (주안동),미추홀구,032-429-5866,37.46357787,126.6947749,인천광역시 미추홀구 석산로 12,인천 미추홀구 석산로 12
미추산부인과의원,의원,가정의학과 피부과 산부인과 정형외과,WOMEN_HEALTH,"인천광역시 미추홀구 석정로 409, 동아프라자 2층 201호 (주안동)",미추홀구,032-865-0270,37.46713129,126.6809692,인천광역시 미추홀구 석정로 409,인천 미추홀구 석정로 409
미추홀부부한의원,한의원,한방내과 한방부인과 한방소아과 한방안·이비인후·피부과 한방신경정신과 한방재활의학과 사상체질과 침구과,WOMEN_HEALTH,"인천광역시 미추홀구 미추홀대로614번길 3, 씨티프라자 1층일부,2층 (주안동)",미추홀구,032-710-1076,37.45217768,126.6800618,인천광역시 미추홀구 미추홀대로614번길 3,인천 미추홀구 미추홀대로614번길 3
바로스탑한의원,한의원,한방응급과 침구과 사상체질과 한방재활의학과 한방신경정신과 한방안·이비인후·피부과 한방소아과 한방부인과 한방내과,WOMEN_HEALTH,"인천광역시 미추홀구 독정이로 34 (용현동, 2층~3층)",미추홀구,032-867-3042,37.45897594,126.6537723,인천광역시 미추홀구 독정이로 34,인천 미추홀구 독정이로 34
바른정한의원,한의원,한방내과 한방부인과 한방소아과 한방안·이비인후·피부과 한방신경정신과 한방재활의학과 사상체질과 침구과,WOMEN_HEALTH,"인천광역시 미추홀구 숙골로87번길 2, 센타프라자 204호 (도화동)",미추홀구,032-868-7511,37.4701339,126.66299,인천광역시 미추홀구 숙골로87번길 2,인천 미추홀구 숙골로87번길 2
바른한의원,한의원,한방내과 한방부인과 한방소아과 한방안·이비인후·피부과 한방신경정신과 한방재활의학과 사상체질과 침구과,WOMEN_HEALTH,"인천광역시 미추홀구 인주대로 112, 2,3층 (용현동)",미추홀구,032-885-8270,37.45622729,126.6493924,인천광역시 미추홀구 인주대로 112,인천 미추홀구 인주대로 112
보건한의원,한의원,한방응급과 침구과 사상체질과 한방재활의학과 한방신경정신과 한방안·이비인후·피부과 한방소아과 한방부인과 한방내과,WOMEN_HEALTH,인천광역시 미추홀구 제일로40번길 5 (도화동),미추홀구,032-867-4272,37.4584718,126.6746621,인천광역시 미추홀구 제일로40번길 5,인천 미추홀구 제일로40번길 5
보인한의원,한의원,한방내과 한방부인과 한방소아과 한방안·이비인후·피부과 한방신경정신과 한방재활의학과 사상체질과 침구과 한방응급과,WOMEN_HEALTH,인천광역시 미추홀구 구월로 8-1 (주안동),미추홀구,032-423-6443,37.45750447,126.691111,인천광역시 미추홀구 구월로 8-1,인천 미추홀구 구월로 8-1
봄봄한의원,한의원,한방내과 한방부인과 한방소아과 한방안·이비인후·피부과 한방신경정신과 한방재활의학과 사상체질과 침구과,WOMEN_HEALTH,"인천광역시 미추홀구 주안로 226, 더월드스테이트 중심상가 1층 113호 (주안동)",미추홀구,032-422-9500,37.46300627,126.6952992,인천광역시 미추홀구 주안로 226,인천 미추홀구 주안로 226
삼성의원,의원,진단검사의학과 영상의학과 비뇨의학과 피부과 이비인후과 소아청소년과 산부인과 외과 내과,WOMEN_HEALTH,"인천광역시 미추홀구 독정이로 28-1, 2층 (용현동)",미추홀구,032-889-3008,37.45847721,126.6541043,인천광역시 미추홀구 독정이로 28-1,인천 미추홀구 독정이로 28-1
서광한의원,한의원,한방내과 한방부인과 한방소아과 한방안·이비인후·피부과 한방신경정신과 한방재활의학과 사상체질과 침구과 한방응급과,WOMEN_HEALTH,인천광역시 미추홀구 경인로 63 (숭의동),미추홀구,032-887-1688,37.4651559,126.6495978,인천광역시 미추홀구 경인로 63,인천 미추홀구 경인로 63
서울아산내과의원,의원,예방의학과 응급의학과 직업환경의학과 핵의학과 가정의학과 결핵과 재활의학과 진단검사의학과 병리과 방사선종양학과 영상의학과 비뇨의학과 피부과 이비인후과 안과 소아청소년과 산부인과 마취통증의학과 성형외과 심장혈관흉부외과 신경외과 정형외과 외과 정신건강의학과 신경과 내과,WOMEN_HEALTH,"인천광역시 미추홀구 인하로 301, 3,4층 (주안동)",미추홀구,032-432-5353,37.44816784,126.6816359,인천광역시 미추홀구 인하로 301,인천 미추홀구 인하로 301
석바위필한의원,한의원,한방내과 한방부인과 한방소아과 한방안·이비인후·피부과 한방신경정신과 한방재활의학과 사상체질과 침구과,WOMEN_HEALTH,"인천광역시 미추홀구 경원대로 848, 1층 101-1호 (주안동, 주안태흥프라자)",미추홀구,032-428-1888,37.45843328,126.6898253,인천광역시 미추홀구 경원대로 848,인천 미추홀구 경원대로 848
석바위한의원,한의원,침구과 한방재활의학과 한방신경정신과 한방안·이비인후·피부과 한방소아과 한방부인과 한방내과,WOMEN_HEALTH,"인천광역시 미추홀구 경인로 465, 1,2층 (주안동)",미추홀구,032-425-4583,37.45871552,126.6915265,인천광역시 미추홀구 경인로 465,인천 미추홀구 경인로 465
석재홍한의원,한의원,한방응급과 침구과 사상체질과 한방재활의학과 한방신경정신과 한방안·이비인후·피부과 한방소아과 한방부인과 한방내과,WOMEN_HEALTH,인천광역시 미추홀구 소성로 135 (학익동),미추홀구,032-867-9488,37.44329296,126.66401,인천광역시 미추홀구 소성로 135,인천 미추홀구 소성로 135
성심한의원,한의원,한방내과 한방부인과 한방소아과 한방안·이비인후·피부과 사상체질과 침구과,WOMEN_HEALTH,인천광역시 미추홀구 염창로 42 (주안동),미추홀구,032-862-7524,37.46569769,126.6786087,인천광역시 미추홀구 염창로 42,인천 미추홀구 염창로 42
성인천한의원,한의원,침구과 사상체질과 한방재활의학과 한방신경정신과 한방안·이비인후·피부과 한방소아과 한방부인과 한방내과,WOMEN_HEALTH,"인천광역시 미추홀구 매소홀로 255, 인하대역시네마타워 407-1호, 409호 (학익동)",미추홀구,032-873-3005,37.44562023,126.6518231,인천광역시 미추홀구 매소홀로 255,인천 미추홀구 매소홀로 255
성제한의원,한의원,한방응급과 침구과 사상체질과 한방재활의학과 한방신경정신과 한방안·이비인후·피부과 한방소아과 한방부인과 한방내과,WOMEN_HEALTH,인천광역시 미추홀구 한나루로 464 (주안동),미추홀구,032-873-1130,37.4484329,126.6679441,인천광역시 미추홀구 한나루로 464,인천 미추홀구 한나루로 464
세명한방병원,한방병원,한방내과 내과 한방소아과 한방부인과 한방재활의학과 침구과 한방안·이비인후·피부과,WOMEN_HEALTH,"인천광역시 미추홀구 인중로 5, 정산빌딩 1,3,4층 (숭의동)",미추홀구,032-721-4554,37.46212378,126.6417682,인천광역시 미추홀구 인중로 5,인천 미추홀구 인중로 5
세영산부인과의원,의원,산부인과,WOMEN_HEALTH,인천광역시 미추홀구 낙섬서로 4 (용현동),미추홀구,032-886-8600,37.45001741,126.633694,인천광역시 미추홀구 낙섬서로 4,인천 미추홀구 낙섬서로 4
세인한의원,한의원,한방응급과 침구과 사상체질과 한방재활의학과 한방신경정신과 한방안·이비인후·피부과 한방소아과 한방부인과 한방내과,WOMEN_HEALTH,"인천광역시 미추홀구 인주대로 416, 삼원빌딩 202호 (주안동)",미추홀구,032-441-2700,37.4509393,126.6824915,인천광역시 미추홀구 인주대로 416,인천 미추홀구 인주대로 416
소나무한의원,한의원,한방소아과 한방재활의학과 한방응급과 한방부인과 한방신경정신과 침구과 한방내과 한방안·이비인후·피부과 사상체질과,WOMEN_HEALTH,"인천광역시 미추홀구 인하로 259, 2층 (201,202)호 (주안동)",미추홀구,032-873-7533,37.44838287,126.6769385,인천광역시 미추홀구 인하로 259,인천 미추홀구 인하로 259
송도하나요양병원,요양병원,내과 신경과 외과 정형외과 신경외과 소아청소년과 이비인후과 피부과 재활의학과 가정의학과 사상체질과 침구과 한방재활의학과 한방소아과 한방안·이비인후·피부과 한방신경정신과 한방부인과 한방내과,WOMEN_HEALTH,"인천광역시 미추홀구 아암대로253번길 36, 1~2층 일부, 3~6층 (학익동)",미추홀구,032-438-0808,37.43989892,126.6355969,인천광역시 미추홀구 아암대로253번길 36,인천 미추홀구 아암대로253번길 36
수려한의원,한의원,한방부인과 한방소아과 한방재활의학과 한방안·이비인후·피부과 침구과,WOMEN_HEALTH,인천광역시 미추홀구 경원대로 863 (주안동),미추홀구,032-431-1075,37.45989048,126.6892419,인천광역시 미추홀구 경원대로 863,인천 미추홀구 경원대로 863
승재한의원,한의원,한방내과 한방부인과 한방소아과 한방안·이비인후·피부과 한방신경정신과 한방재활의학과 사상체질과 침구과 한방응급과,WOMEN_HEALTH,인천광역시 미추홀구 석산로 42 (주안동),미추홀구,032-435-9116,37.46140386,126.6966793,인천광역시 미추홀구 석산로 42,인천 미추홀구 석산로 42
시티오부부한의원,한의원,한방내과 한방부인과 한방소아과 한방안·이비인후·피부과 한방신경정신과 한방재활의학과 사상체질과 침구과,WOMEN_HEALTH,"인천광역시 미추홀구 학익로80번길 11, B-201~205호 (학익동, 시티오씨엘 3단지)",미추홀구,032-721-6306,37.44022472,126.6463944,인천광역시 미추홀구 학익로80번길 11,인천 미추홀구 학익로80번길 11
시티오씨엘경희한의원,한의원,침구과 사상체질과 한방재활의학과 한방신경정신과 한방안·이비인후·피부과 한방소아과 한방부인과 한방내과,WOMEN_HEALTH,"인천광역시 미추홀구 학익로80번길 11, B-206~207호 (학익동, 시티오씨엘 3단지)",미추홀구,032-713-9075,37.44022472,126.6463944,인천광역시 미추홀구 학익로80번길 11,인천 미추홀구 학익로80번길 11
신기한의원,한의원,한방내과 한방부인과 한방소아과 한방신경정신과 한방안·이비인후·피부과 침구과,WOMEN_HEALTH,"인천광역시 미추홀구 미추홀대로 579, 1층 5호 (주안동)",미추홀구,032-875-1075,37.4491061,126.6794189,인천광역시 미추홀구 미추홀대로 579,인천 미추홀구 미추홀대로 579
신동아경희한의원,한의원,한방내과 한방부인과 한방소아과 한방안·이비인후·피부과 한방신경정신과 한방재활의학과 사상체질과 침구과,WOMEN_HEALTH,"인천광역시 미추홀구 매소홀로 473, 신동아쇼핑타운 202호 (학익동)",미추홀구,032-710-4475,37.43975877,126.6748414,인천광역시 미추홀구 매소홀로 473,인천 미추홀구 매소홀로 473
쑥향한의원,한의원,한방내과 한방부인과 한방소아과 한방안·이비인후·피부과 한방신경정신과 한방재활의학과 사상체질과 침구과,WOMEN_HEALTH,인천광역시 미추홀구 인하로 253 (주안동),미추홀구,032-872-3193,37.44851857,126.6762512,인천광역시 미추홀구 인하로 253,인천 미추홀구 인하로 253
아레나한방병원,한방병원,침구과 사상체질과 한방재활의학과 한방신경정신과 한방안·이비인후·피부과 한방소아과 한방부인과 한방내과 가정의학과 재활의학과 피부과 소아청소년과 마취통증의학과 정형외과 내과,WOMEN_HEALTH,"인천광역시 미추홀구 주안로 116, 주안리가스퀘어 4층 (주안동)",미추홀구,032-465-1001,37.46347728,126.6825195,인천광역시 미추홀구 주안로 116,인천 미추홀구 주안로 116
아이소망산부인과의원,의원,소아청소년과 산부인과,WOMEN_HEALTH,"인천광역시 미추홀구 미추로 56, 지하1, 1, 2층 (숭의동, 아이소망여성병원)",미추홀구,032-883-3643,37.4649698,126.6460763,인천광역시 미추홀구 미추로 56,인천 미추홀구 미추로 56
안녕한의원,한의원,한방내과 한방부인과 한방소아과 한방안·이비인후·피부과 한방신경정신과 한방재활의학과 침구과,WOMEN_HEALTH,"인천광역시 미추홀구 독배로317번길 29, 컬러프라자 5층 (용현동)",미추홀구,032-851-2460,37.44775921,126.6468659,인천광역시 미추홀구 독배로317번길 29,인천 미추홀구 독배로317번길 29
안세한의원,한의원,한방응급과 침구과 사상체질과 한방재활의학과 한방신경정신과 한방안·이비인후·피부과 한방소아과 한방부인과 한방내과,WOMEN_HEALTH,인천광역시 미추홀구 경인로 433 (주안동),미추홀구,032-432-2377,37.45823827,126.6884075,인천광역시 미추홀구 경인로 433,인천 미추홀구 경인로 433
약손한의원,한의원,한방내과 한방안·이비인후·피부과 사상체질과 한방부인과 한방신경정신과 침구과 한방소아과 한방재활의학과 한방응급과,WOMEN_HEALTH,"인천광역시 미추홀구 낙섬중로35번길 1, 2층 (용현동)",미추홀구,032-889-1886,37.45136856,126.6371097,인천광역시 미추홀구 낙섬중로35번길 1,인천 미추홀구 낙섬중로35번길 1
연세리더스내과의원,의원,예방의학과 가정의학과 영상의학과 피부과 이비인후과 소아청소년과 산부인과 신경과 내과,WOMEN_HEALTH,"인천광역시 미추홀구 독배로 309, 노블레스타워 302,303호 (용현동)",미추홀구,032-882-8822,37.44779291,126.6492579,인천광역시 미추홀구 독배로 309,인천 미추홀구 독배로 309
연세한의원,한의원,한방내과 한방안·이비인후·피부과 사상체질과 한방부인과 한방신경정신과 침구과 한방소아과 한방재활의학과,WOMEN_HEALTH,인천광역시 미추홀구 낙섬서로 4 (용현동),미추홀구,032-888-6541,37.45001741,126.633694,인천광역시 미추홀구 낙섬서로 4,인천 미추홀구 낙섬서로 4
연한의원,한의원,한방내과 한방부인과 한방소아과 한방안·이비인후·피부과 한방신경정신과 한방재활의학과 사상체질과 침구과,WOMEN_HEALTH,"인천광역시 미추홀구 경인로 448, 1층 (주안동)",미추홀구,032-719-7552,37.45759824,126.6898989,인천광역시 미추홀구 경인로 448,인천 미추홀구 경인로 448
영제한의원,한의원,한방응급과 침구과 사상체질과 한방재활의학과 한방신경정신과 한방안·이비인후·피부과 한방소아과 한방부인과 한방내과,WOMEN_HEALTH,"인천광역시 미추홀구 경인로 47-1 (숭의동,외 2필지)",미추홀구,032-882-2559,37.46456584,126.6482995,인천광역시 미추홀구 경인로 47-1,인천 미추홀구 경인로 47-1
오충환한의원,한의원,한방응급과 침구과 사상체질과 한방재활의학과 한방신경정신과 한방안·이비인후·피부과 한방소아과 한방부인과 한방내과,WOMEN_HEALTH,인천광역시 미추홀구 미추홀대로578번길 5 (주안동),미추홀구,032-421-4995,37.44897874,126.6800311,인천광역시 미추홀구 미추홀대로578번길 5,인천 미추홀구 미추홀대로578번길 5
올바른한의원,한의원,한방내과 침구과 한방안·이비인후·피부과 한방소아과 한방부인과 한방재활의학과 한방신경정신과 사상체질과,WOMEN_HEALTH,인천광역시 미추홀구 수봉로 22-1 (숭의동),미추홀구,032-421-4995,37.46410414,126.6560341,인천광역시 미추홀구 수봉로 22-1,인천 미추홀구 수봉로 22-1
와이(Y)편한산부인과의원,의원,산부인과 내과,WOMEN_HEALTH,"인천광역시 미추홀구 인주대로 51, 더스테이프라임월드 3층 304~307호 (숭의동)",미추홀구,032-865-2828,37.45921884,126.6439461,인천광역시 미추홀구 인주대로 51,인천 미추홀구 인주대로 51
왕소연중국한의원,한의원,한방응급과 침구과 사상체질과 한방재활의학과 한방신경정신과 한방안·이비인후·피부과 한방소아과 한방부인과 한방내과,WOMEN_HEALTH,인천광역시 미추홀구 인주대로137번길 6 (용현동),미추홀구,032-883-8809,37.45678385,126.6525659,인천광역시 미추홀구 인주대로137번길 6,인천 미추홀구 인주대로137번길 6
용현경희한의원,한의원,한방응급과 침구과 사상체질과 한방재활의학과 한방신경정신과 한방안·이비인후·피부과 한방소아과 한방부인과 한방내과,WOMEN_HEALTH,인천광역시 미추홀구 독배로432번길 3 (숭의동),미추홀구,032-889-7510,37.45823843,126.6493915,인천광역시 미추홀구 독배로432번길 3,인천 미추홀구 독배로432번길 3
용현보화한의원,한의원,한방응급과 침구과 사상체질과 한방재활의학과 한방신경정신과 한방안·이비인후·피부과 한방소아과 한방부인과 한방내과,WOMEN_HEALTH,인천광역시 미추홀구 인주대로 105 (용현동),미추홀구,032-882-5089,37.45696344,126.6489764,인천광역시 미추홀구 인주대로 105,인천 미추홀구 인주대로 105
용현한의원,한의원,침구과 한방신경정신과 한방안·이비인후·피부과 한방소아과 한방부인과 한방내과,WOMEN_HEALTH,"인천광역시 미추홀구 토금남로 53 (용현동, 뉴한양프라자 109호)",미추홀구,032-881-7533,37.45081807,126.6380872,인천광역시 미추홀구 토금남로 53,인천 미추홀구 토금남로 53
우리한의원,한의원,침구과 사상체질과 한방재활의학과 한방신경정신과 한방안·이비인후·피부과 한방소아과 한방부인과 한방내과,WOMEN_HEALTH,"인천광역시 미추홀구 독배로 311, 4층 407호 (용현동, 비젼프라자)",미추홀구,032-874-8500,37.44814624,126.6491202,인천광역시 미추홀구 독배로 311,인천 미추홀구 독배로 311
의료법인 아인의료재단 아인병원,병원,가정의학과 진단검사의학과 방사선종양학과 영상의학과 비뇨의학과 피부과 안과 소아청소년과 산부인과 마취통증의학과 성형외과 신경외과 정형외과 외과 정신건강의학과 신경과 내과 이비인후과,WOMEN_HEALTH,"인천광역시 미추홀구 경인로 372, 201동 지하1,지상3~12층 ,13층일부호 (주안동, 포레나 미추홀)",미추홀구,032-247-2000,37.4580182,126.6811632,인천광역시 미추홀구 경인로 372,인천 미추홀구 경인로 372
이룬한의원,한의원,침구과 사상체질과 한방재활의학과 한방신경정신과 한방안·이비인후·피부과 한방소아과 한방부인과 한방내과,WOMEN_HEALTH,"인천광역시 미추홀구 경원대로 869, 르네상스빌딩 204호 (주안동)",미추홀구,032-719-7589,37.46039207,126.6891379,인천광역시 미추홀구 경원대로 869,인천 미추홀구 경원대로 869
익생춘한의원,한의원,한방내과 한방부인과 한방소아과 한방안·이비인후·피부과 한방신경정신과 한방재활의학과 사상체질과 침구과 한방응급과,WOMEN_HEALTH,"인천광역시 미추홀구 경인로 151, 2층 (도화동)",미추홀구,032-875-1721,37.46648961,126.659631,인천광역시 미추홀구 경인로 151,인천 미추홀구 경인로 151
인제한의원,한의원,한방응급과 침구과 사상체질과 한방재활의학과 한방신경정신과 한방안·이비인후·피부과 한방소아과 한방부인과 한방내과,WOMEN_HEALTH,인천광역시 미추홀구 경인로 363 (주안동),미추홀구,032-425-5545,37.45866508,126.6804785,인천광역시 미추홀구 경인로 363,인천 미추홀구 경인로 363
인천사랑병원,종합병원,응급의학과 직업환경의학과 가정의학과 재활의학과 진단검사의학과 병리과 영상의학과 비뇨의학과 이비인후과 소아청소년과 산부인과 마취통증의학과 신경외과 정형외과 외과 정신건강의학과 신경과 내과,WOMEN_HEALTH,인천광역시 미추홀구 미추홀대로 726 (주안동),미추홀구,032-425-2001,37.46219786,126.6806843,인천광역시 미추홀구 미추홀대로 726,인천 미추홀구 미추홀대로 726
인천사랑요양병원,요양병원,침구과 사상체질과 한방재활의학과 한방신경정신과 한방안·이비인후·피부과 한방소아과 한방부인과 한방내과 가정의학과 재활의학과 비뇨의학과 소아청소년과 산부인과 심장혈관흉부외과 신경외과 정형외과 외과 신경과 내과,WOMEN_HEALTH,"인천광역시 미추홀구 경인로 400 (주안동, 지하2층~지하1층, 1층일부~10층)",미추홀구,032-421-0503,37.45786593,126.6843183,인천광역시 미추홀구 경인로 400,인천 미추홀구 경인로 400
인천시원한의원,한의원,한방내과 한방부인과 한방소아과 한방안·이비인후·피부과 한방신경정신과 한방재활의학과 사상체질과 침구과,WOMEN_HEALTH,"인천광역시 미추홀구 독배로 309, 노블레스타워 301호 (용현동)",미추홀구,032-882-6633,37.44779291,126.6492579,인천광역시 미추홀구 독배로 309,인천 미추홀구 독배로 309
인천의원,의원,내과 외과 정형외과 소아청소년과 비뇨의학과 피부과 가정의학과 산부인과 이비인후과,WOMEN_HEALTH,인천광역시 미추홀구 미추홀대로 581 (주안동),미추홀구,032-868-1771,37.4493652,126.6793081,인천광역시 미추홀구 미추홀대로 581,인천 미추홀구 미추홀대로 581
인천제일산부인과의원,의원,산부인과 피부과,WOMEN_HEALTH,인천광역시 미추홀구 낙섬중로 39-1 (용현동),미추홀구,032-889-7575,37.45183538,126.6374066,인천광역시 미추홀구 낙섬중로 39-1,인천 미추홀구 낙섬중로 39-1
인하여성의원,의원,가정의학과 영상의학과 피부과 산부인과 외과 정신건강의학과 신경과 내과,WOMEN_HEALTH,"인천광역시 미추홀구 독배로 309, 노블레스타워 305호 (용현동)",미추홀구,032-882-9700,37.44779291,126.6492579,인천광역시 미추홀구 독배로 309,인천 미추홀구 독배로 309
일진두드림한의원,한의원,한방내과 침구과 한방부인과 한방소아과 사상체질과 한방재활의학과 한방신경정신과 한방안·이비인후·피부과,WOMEN_HEALTH,인천광역시 미추홀구 매소홀로 73-6 (용현동),미추홀구,032-883-0128,37.44957305,126.6341373,인천광역시 미추홀구 매소홀로 73-6,인천 미추홀구 매소홀로 73-6
임국경한의원,한의원,한방응급과 침구과 사상체질과 한방재활의학과 한방신경정신과 한방안·이비인후·피부과 한방소아과 한방부인과 한방내과,WOMEN_HEALTH,인천광역시 미추홀구 아암대로29번길 48 (용현동),미추홀구,032-885-7510,37.45711259,126.6390546,인천광역시 미추홀구 아암대로29번길 48,인천 미추홀구 아암대로29번길 48
임배문한의원,한의원,침구과 한방재활의학과 한방신경정신과 한방소아과 한방부인과 한방내과,WOMEN_HEALTH,"인천광역시 미추홀구 인주대로 125-1, 2층 (용현동)",미추홀구,032-881-9073,37.4566531,126.6509714,인천광역시 미추홀구 인주대로 125-1,인천 미추홀구 인주대로 125-1
자연봄한의원,한의원,한방내과 한방부인과 한방소아과 한방안·이비인후·피부과 한방재활의학과 사상체질과 침구과,WOMEN_HEALTH,"인천광역시 미추홀구 인주대로 442-1, 1일부,2,3,4층 (주안동)",미추홀구,032-426-9200,37.45071575,126.6859272,인천광역시 미추홀구 인주대로 442-1,인천 미추홀구 인주대로 442-1
자인한의원,한의원,한방내과 한방부인과 한방소아과 한방신경정신과 침구과,WOMEN_HEALTH,"인천광역시 미추홀구 미추홀대로719번길 4, 부성PINE 3층 (주안동)",미추홀구,032-876-6388,37.46194148,126.6798034,인천광역시 미추홀구 미추홀대로719번길 4,인천 미추홀구 미추홀대로719번길 4
장진요한의원,한의원,한방내과 한방부인과 한방소아과 한방안·이비인후·피부과 한방신경정신과 한방재활의학과 사상체질과 침구과 한방응급과,WOMEN_HEALTH,"인천광역시 미추홀구 미추홀대로 574, 2층 (주안동)",미추홀구,032-437-6007,37.44862004,126.6799962,인천광역시 미추홀구 미추홀대로 574,인천 미추홀구 미추홀대로 574
정인당한의원,한의원,한방소아과 한방부인과 한방내과 한방안·이비인후·피부과 한방신경정신과 한방재활의학과 침구과,WOMEN_HEALTH,인천광역시 미추홀구 석정로 244 (도화동),미추홀구,032-881-6484,37.4681054,126.6625585,인천광역시 미추홀구 석정로 244,인천 미추홀구 석정로 244
제물포한의원,한의원,한방내과 한방부인과 한방소아과 한방안·이비인후·피부과 한방신경정신과 한방재활의학과 사상체질과 침구과,WOMEN_HEALTH,"인천광역시 미추홀구 경인로 131, 3층 (도화동)",미추홀구,032-716-9870,37.46652442,126.6573347,인천광역시 미추홀구 경인로 131,인천 미추홀구 경인로 131
제민당한의원,한의원,한방응급과 침구과 사상체질과 한방재활의학과 한방신경정신과 한방안·이비인후·피부과 한방소아과 한방부인과 한방내과,WOMEN_HEALTH,인천광역시 미추홀구 석정로 432 (주안동),미추홀구,032-873-7350,37.46633226,126.6835794,인천광역시 미추홀구 석정로 432,인천 미추홀구 석정로 432
제선당한의원,한의원,한방내과 한방부인과 한방소아과 한방신경정신과 한방안·이비인후·피부과 한방재활의학과 침구과 사상체질과,WOMEN_HEALTH,인천광역시 미추홀구 토금남로 13 (용현동),미추홀구,032-881-1075,37.45267173,126.6341424,인천광역시 미추홀구 토금남로 13,인천 미추홀구 토금남로 13
주산부인과의원,의원,산부인과 소아청소년과,WOMEN_HEALTH,인천광역시 미추홀구 경원대로 869 (주안동),미추홀구,032-420-0136,37.46039207,126.6891379,인천광역시 미추홀구 경원대로 869,인천 미추홀구 경원대로 869
주선한의원,한의원,한방내과 한방부인과 한방소아과 한방안·이비인후·피부과 한방신경정신과 한방재활의학과 사상체질과 침구과,WOMEN_HEALTH,"인천광역시 미추홀구 경원대로 743, 3,4,5층 (주안동)",미추홀구,032-425-4200,37.44897894,126.6896338,인천광역시 미추홀구 경원대로 743,인천 미추홀구 경원대로 743
주안경희한의원,한의원,한방내과 한방안·이비인후·피부과 사상체질과 한방부인과 한방신경정신과 침구과 한방소아과 한방재활의학과,WOMEN_HEALTH,인천광역시 미추홀구 인하로 263 (주안동),미추홀구,032-876-0375,37.44838782,126.6774341,인천광역시 미추홀구 인하로 263,인천 미추홀구 인하로 263
주안속튼튼내과의원,의원,가정의학과 영상의학과 비뇨의학과 피부과 이비인후과 안과 소아청소년과 산부인과 정형외과 외과 정신건강의학과 신경과 내과,WOMEN_HEALTH,"인천광역시 미추홀구 석정로 391, 3층 (주안동)",미추홀구,032-710-0877,37.4671702,126.6790025,인천광역시 미추홀구 석정로 391,인천 미추홀구 석정로 391
주안퀸와이비여성의원,의원,비뇨의학과 산부인과,WOMEN_HEALTH,"인천광역시 미추홀구 주안로 107, 701호, 705호, 706호 (주안동)",미추홀구,032-425-4254,37.46428534,126.6817288,인천광역시 미추홀구 주안로 107,인천 미추홀구 주안로 107
주안한의원,한의원,침구과 사상체질과 한방재활의학과 한방신경정신과 한방안·이비인후·피부과 한방소아과 한방부인과 한방내과,WOMEN_HEALTH,"인천광역시 미추홀구 미추홀대로 725, 광원빌딩 4일부층 (주안동)",미추홀구,032-872-3888,37.46218345,126.6799545,인천광역시 미추홀구 미추홀대로 725,인천 미추홀구 미추홀대로 725
중국광제한의원,한의원,한방응급과 침구과 사상체질과 한방재활의학과 한방신경정신과 한방안·이비인후·피부과 한방소아과 한방부인과 한방내과,WOMEN_HEALTH,인천광역시 미추홀구 낙섬중로32번길 3 (용현동),미추홀구,032-886-6668,37.45122265,126.6373623,인천광역시 미추홀구 낙섬중로32번길 3,인천 미추홀구 낙섬중로32번길 3
진명한의원,한의원,한방응급과 침구과 사상체질과 한방재활의학과 한방신경정신과 한방안·이비인후·피부과 한방소아과 한방부인과 한방내과,WOMEN_HEALTH,인천광역시 미추홀구 경인로 242-3 (도화동),미추홀구,032-867-7600,37.46364497,126.6690914,인천광역시 미추홀구 경인로 242-3,인천 미추홀구 경인로 242-3
참바른한방병원,한방병원,침구과 사상체질과 한방재활의학과 한방신경정신과 한방안·이비인후·피부과 한방소아과 한방부인과 한방내과 가정의학과,WOMEN_HEALTH,"인천광역시 미추홀구 미추홀대로 702, 효광빌딩 지하1,1,5,6층 (주안동)",미추홀구,032-886-1725,37.45996204,126.6806643,인천광역시 미추홀구 미추홀대로 702,인천 미추홀구 미추홀대로 702
천수한의원,한의원,한방내과 한방부인과 한방소아과 한방안·이비인후·피부과 한방신경정신과 한방재활의학과 사상체질과 침구과 한방응급과,WOMEN_HEALTH,인천광역시 미추홀구 주승로 230 (관교동),미추홀구,032-432-1075,37.44266927,126.6944484,인천광역시 미추홀구 주승로 230,인천 미추홀구 주승로 230
천지인한의원,한의원,한방응급과 침구과 사상체질과 한방재활의학과 한방신경정신과 한방안·이비인후·피부과 한방소아과 한방부인과 한방내과,WOMEN_HEALTH,인천광역시 미추홀구 경인로 233 (도화동),미추홀구,032-873-9859,37.46439912,126.6684503,인천광역시 미추홀구 경인로 233,인천 미추홀구 경인로 233
치유한방병원,한방병원,가정의학과 한방내과 한방부인과 한방소아과 한방안·이비인후·피부과 한방신경정신과 한방재활의학과 사상체질과 침구과,WOMEN_HEALTH,"인천광역시 미추홀구 인주대로 442, 1층일부,2~6층 (주안동)",미추홀구,032-212-7676,37.45072801,126.6856924,인천광역시 미추홀구 인주대로 442,인천 미추홀구 인주대로 442
평하당한의원,한의원,한방응급과 침구과 사상체질과 한방재활의학과 한방신경정신과 한방안·이비인후·피부과 한방소아과 한방부인과 한방내과,WOMEN_HEALTH,인천광역시 미추홀구 낙섬중로 42-1 (용현동),미추홀구,032-887-1082,37.45190507,126.6378889,인천광역시 미추홀구 낙섬중로 42-1,인천 미추홀구 낙섬중로 42-1
푸른솔한의원,한의원,한방내과 한방부인과 한방소아과 한방안·이비인후·피부과 한방신경정신과 한방재활의학과 사상체질과 침구과 한방응급과,WOMEN_HEALTH,인천광역시 미추홀구 아암대로29번길 47 (용현동),미추홀구,032-882-8494,37.45746989,126.6392488,인천광역시 미추홀구 아암대로29번길 47,인천 미추홀구 아암대로29번길 47
하나로한의원,한의원,침구과 사상체질과 한방재활의학과 한방신경정신과 한방안·이비인후·피부과 한방소아과 한방부인과 한방내과,WOMEN_HEALTH,인천광역시 미추홀구 토금중로 13 (용현동),미추홀구,032-885-2434,37.45386786,126.6356716,인천광역시 미추홀구 토금중로 13,인천 미추홀구 토금중로 13
학익한의원,한의원,한방내과 한방부인과 한방소아과 한방안·이비인후·피부과 한방신경정신과 침구과,WOMEN_HEALTH,인천광역시 미추홀구 매소홀로 446 (학익동),미추홀구,032-875-9595,37.43952487,126.6717808,인천광역시 미추홀구 매소홀로 446,인천 미추홀구 매소홀로 446
한국건강관리협회건강증진의원,의원,내과 외과 영상의학과 병리과 산부인과,WOMEN_HEALTH,인천광역시 미추홀구 독배로 500 (숭의동),미추홀구,032-884-7131,37.46200414,126.6436824,인천광역시 미추홀구 독배로 500,인천 미추홀구 독배로 500
한사랑여성의원,의원,가정의학과 피부과 산부인과,WOMEN_HEALTH,"인천광역시 미추홀구 토금중로 8, 4층,5층 (용현동)",미추홀구,032-888-9016,37.4540661,126.6344541,인천광역시 미추홀구 토금중로 8,인천 미추홀구 토금중로 8
한아인한의원,한의원,한방내과 한방부인과 한방소아과 한방안·이비인후·피부과 한방신경정신과 한방재활의학과 사상체질과 침구과,WOMEN_HEALTH,"인천광역시 미추홀구 경인로 372, 201동 2층 2066,2067호 (주안동, 포레나 미추홀)",미추홀구,032-710-5150,37.4580182,126.6811632,인천광역시 미추홀구 경인로 372,인천 미추홀구 경인로 372
행림한의원,한의원,한방내과 한방부인과 한방소아과 한방안·이비인후·피부과 한방신경정신과 한방재활의학과 사상체질과 침구과,WOMEN_HEALTH,인천광역시 미추홀구 능해길 11 (용현동),미추홀구,032-710-1075,37.45965373,126.6385354,인천광역시 미추홀구 능해길 11,인천 미추홀구 능해길 11
현대산부인과의원,의원,산부인과,WOMEN_HEALTH,"인천광역시 미추홀구 매소홀로 446, 대성빌딩 202호 (학익동)",미추홀구,032-872-5353,37.43952487,126.6717808,인천광역시 미추홀구 매소홀로 446,인천 미추홀구 매소홀로 446
현한의원,한의원,한방내과 한방안·이비인후·피부과 사상체질과 한방신경정신과 한방부인과 침구과 한방소아과 한방재활의학과,WOMEN_HEALTH,인천광역시 미추홀구 인주대로 460 (주안동),미추홀구,032-868-2842,37.45062172,126.6878095,인천광역시 미추홀구 인주대로 460,인천 미추홀구 인주대로 460
홍일한의원,한의원,한방응급과 침구과 사상체질과 한방재활의학과 한방신경정신과 한방안·이비인후·피부과 한방소아과 한방부인과 한방내과,WOMEN_HEALTH,인천광역시 미추홀구 제일로 26 (도화동),미추홀구,032-862-9236,37.45870979,126.6731707,인천광역시 미추홀구 제일로 26,인천 미추홀구 제일로 26
홍제한의원,한의원,한방응급과 침구과 사상체질과 한방재활의학과 한방신경정신과 한방안·이비인후·피부과 한방소아과 한방부인과 한방내과,WOMEN_HEALTH,인천광역시 미추홀구 미추홀대로 577 (주안동),미추홀구,032-864-2288,37.44878966,126.6793508,인천광역시 미추홀구 미추홀대로 577,인천 미추홀구 미추홀대로 577
홍한의원,한의원,한방내과 한방안·이비인후·피부과 사상체질과 한방부인과 한방신경정신과 침구과 한방소아과 한방재활의학과,WOMEN_HEALTH,인천광역시 미추홀구 경인로 386 (주안동),미추홀구,032-429-4246,37.45810151,126.6827895,인천광역시 미추홀구 경인로 386,인천 미추홀구 경인로 386
황제한의원,한의원,한방내과 한방부인과 한방소아과 한방안·이비인후·피부과 한방신경정신과 한방재활의학과 사상체질과 침구과,WOMEN_HEALTH,"인천광역시 미추홀구 길파로 7, 3층 (주안동)",미추홀구,032-864-7921,37.46641324,126.6789626,인천광역시 미추홀구 길파로 7,인천 미추홀구 길파로 7
흠당한의원,한의원,한방내과 한방부인과 한방소아과 한방안·이비인후·피부과 한방신경정신과 한방재활의학과 사상체질과 침구과,WOMEN_HEALTH,"인천광역시 미추홀구 독배로 309, 노블레스타워 403호 (용현동)",미추홀구,032-573-7588,37.44779291,126.6492579,인천광역시 미추홀구 독배로 309,인천 미추홀구 독배로 309
365부평한의원,한의원,한방내과 한방부인과 한방소아과 한방안·이비인후·피부과 한방신경정신과 한방재활의학과 사상체질과 침구과,WOMEN_HEALTH,"인천광역시 부평구 시장로 53, 2층 (부평동)",부평구,032-713-8678,37.49531834,126.7272314,인천광역시 부평구 시장로 53,인천 부평구 시장로 53
365열정경희한의원,한의원,한방내과 한방부인과 한방소아과 한방안·이비인후·피부과 한방신경정신과 한방재활의학과 사상체질과 침구과,WOMEN_HEALTH,"인천광역시 부평구 열우물로 90, 상가F동 209호 (십정동, 더샵부평센트럴시티)",부평구,032-715-4434,37.47736242,126.7009931,인천광역시 부평구 열우물로 90,인천 부평구 열우물로 90
가톨릭대학교 인천성모병원,종합병원,통합치의학과 치주과 구강악안면외과 응급의학과 핵의학과 가정의학과 재활의학과 진단검사의학과 병리과 방사선종양학과 영상의학과 비뇨의학과 피부과 이비인후과 안과 소아청소년과 산부인과 마취통증의학과 성형외과 심장혈관흉부외과 신경외과 정형외과 외과 정신건강의학과 신경과 내과,WOMEN_HEALTH,인천광역시 부평구 동수로 56 (부평동),부평구,032-280-6364,37.48413218,126.7252071,인천광역시 부평구 동수로 56,인천 부평구 동수로 56
갈산한의원,한의원,한방내과 한방부인과 한방소아과 한방안·이비인후·피부과 한방신경정신과 한방재활의학과 사상체질과 침구과,WOMEN_HEALTH,"인천광역시 부평구 주부토로 223, 금강프라자 206호 (갈산동)",부평구,032-721-7556,37.51517529,126.7258382,인천광역시 부평구 주부토로 223,인천 부평구 주부토로 223
갑자한의원,한의원,한방내과 한방부인과 한방소아과 한방안·이비인후·피부과 한방신경정신과 한방재활의학과 사상체질과 침구과 한방응급과,WOMEN_HEALTH,인천광역시 부평구 길주남로 159 (부개동),부평구,032-361-6675,37.50399794,126.7395897,인천광역시 부평구 길주남로 159,인천 부평구 길주남로 159
경희도림한의원,한의원,한방내과 한방부인과 한방소아과 한방안·이비인후·피부과 한방신경정신과 한방재활의학과 사상체질과 침구과,WOMEN_HEALTH,"인천광역시 부평구 동암광장로14번길 4, 스타플랙스 3층 301호 (십정동)",부평구,032-710-5875,37.47151805,126.7026054,인천광역시 부평구 동암광장로14번길 4,인천 부평구 동암광장로14번길 4
경희명랑한의원,한의원,한방내과 한방부인과 한방소아과 한방안·이비인후·피부과 한방신경정신과 한방재활의학과 사상체질과 침구과 한방응급과,WOMEN_HEALTH,"인천광역시 부평구 원길로 34, 404호 (청천동, 중앙프라자)",부평구,032-521-1075,37.50658365,126.7149337,인천광역시 부평구 원길로 34,인천 부평구 원길로 34
경희명한의원,한의원,한방내과 한방부인과 한방소아과 한방안·이비인후·피부과 한방신경정신과 한방재활의학과 사상체질과 침구과 한방응급과,WOMEN_HEALTH,"인천광역시 부평구 부흥로 264, 303호 (부평동, 동아웰빙타운)",부평구,032-330-1075,37.49832885,126.7210517,인천광역시 부평구 부흥로 264,인천 부평구 부흥로 264
경희바로한의원,한의원,한방내과 한방부인과 한방소아과 한방안·이비인후·피부과 한방신경정신과 한방재활의학과 사상체질과 침구과,WOMEN_HEALTH,"인천광역시 부평구 부개로 73, 4층 (부개동, 석영빌딩)",부평구,032-361-3007,37.50424879,126.739679,인천광역시 부평구 부개로 73,인천 부평구 부개로 73
경희본한의원,한의원,한방내과 한방부인과 한방소아과 한방안·이비인후·피부과 한방신경정신과 한방재활의학과 사상체질과 침구과,WOMEN_HEALTH,"인천광역시 부평구 영성서로 37, 메디칼센타 2층 201호 (삼산동)",부평구,032-715-4180,37.52150214,126.7426273,인천광역시 부평구 영성서로 37,인천 부평구 영성서로 37
경희삼성한의원,한의원,한방내과 한방부인과 한방소아과 한방안·이비인후·피부과 한방신경정신과 한방재활의학과 사상체질과 침구과,WOMEN_HEALTH,"인천광역시 부평구 경인로 948, 6층, 7층 (부평동)",부평구,032-511-2231,37.48728321,126.7248358,인천광역시 부평구 경인로 948,인천 부평구 경인로 948
경희송산한의원,한의원,한방내과 한방부인과 한방소아과 한방안·이비인후·피부과 한방신경정신과 한방재활의학과 사상체질과 침구과 한방응급과,WOMEN_HEALTH,"인천광역시 부평구 광장로 16, 6층 (부평동, 부평민자역사)",부평구,032-518-7888,37.48956767,126.7233506,인천광역시 부평구 광장로 16,인천 부평구 광장로 16
경희수세보원한의원,한의원,한방내과 한방부인과 한방소아과 한방안·이비인후·피부과 한방신경정신과 한방재활의학과 사상체질과 침구과,WOMEN_HEALTH,"인천광역시 부평구 일신로14번길 34, 301호 (일신동, 두성빌딩)",부평구,032-513-8875,37.48432,126.743793,인천광역시 부평구 일신로14번길 34,인천 부평구 일신로14번길 34
경희신통한의원,한의원,한방재활의학과 한방소아과 한방부인과 한방신경정신과 침구과 한방안·이비인후·피부과 한방내과 사상체질과,WOMEN_HEALTH,인천광역시 부평구 경원대로 1240 (산곡동),부평구,032-505-0088,37.48736133,126.7086015,인천광역시 부평구 경원대로 1240,인천 부평구 경원대로 1240
경희진한의원,한의원,한방내과 한방안·이비인후·피부과 사상체질과 침구과 한방신경정신과 한방부인과 한방소아과 한방재활의학과,WOMEN_HEALTH,인천광역시 부평구 부평대로 9 (부평동),부평구,032-504-7510,37.49210444,126.7225793,인천광역시 부평구 부평대로 9,인천 부평구 부평대로 9
경희한의원,한의원,한방내과 한방부인과 한방소아과 한방안·이비인후·피부과 한방신경정신과 한방재활의학과 사상체질과 침구과,WOMEN_HEALTH,"인천광역시 부평구 대정로 55, 1층 (부평동)",부평구,032-221-7576,37.4947175,126.7264699,인천광역시 부평구 대정로 55,인천 부평구 대정로 55
고려한의원,한의원,한방내과 한방부인과 한방소아과 한방안·이비인후·피부과 한방신경정신과 한방재활의학과 사상체질과 침구과 한방응급과,WOMEN_HEALTH,인천광역시 부평구 대정로 24 (부평동),부평구,032-505-5209,37.49675156,126.7239328,인천광역시 부평구 대정로 24,인천 부평구 대정로 24
광동한의원,한의원,한방내과 한방부인과 한방소아과 한방안·이비인후·피부과 한방신경정신과 한방재활의학과 사상체질과 침구과 한방응급과,WOMEN_HEALTH,인천광역시 부평구 평천로 296 (갈산동),부평구,032-528-2800,37.51676044,126.7233343,인천광역시 부평구 평천로 296,인천 부평구 평천로 296
굴포천경희 한의원,한의원,한방내과 한방부인과 한방소아과 한방안·이비인후·피부과 한방신경정신과 한방재활의학과 사상체질과 침구과,WOMEN_HEALTH,"인천광역시 부평구 충선로209번길 49, 204호 (삼산동, 삼산노블시티프라자)",부평구,032-503-7580,37.50799025,126.7335542,인천광역시 부평구 충선로209번길 49,인천 부평구 충선로209번길 49
근로복지공단인천병원,종합병원,치과보철과 응급의학과 직업환경의학과 가정의학과 재활의학과 진단검사의학과 영상의학과 비뇨의학과 이비인후과 소아청소년과 산부인과 마취통증의학과 신경외과 정형외과 외과 정신건강의학과 신경과 내과,WOMEN_HEALTH,인천광역시 부평구 무네미로 446 (구산동),부평구,032-500-0114,37.47599004,126.7539818,인천광역시 부평구 무네미로 446,인천 부평구 무네미로 446
금송아지한의원,한의원,한방내과 한방부인과 한방소아과 한방안·이비인후·피부과 한방신경정신과 한방재활의학과 사상체질과 침구과 한방응급과,WOMEN_HEALTH,"인천광역시 부평구 길주로 633, 삼산메디캐슬 201, 403호 (삼산동)",부평구,032-505-9275,37.50729929,126.7328853,인천광역시 부평구 길주로 633,인천 부평구 길주로 633
길한의원,한의원,한방내과 한방부인과 한방소아과 한방안·이비인후·피부과 한방신경정신과 한방재활의학과 사상체질과 침구과 한방응급과,WOMEN_HEALTH,인천광역시 부평구 아트센터로 38 (십정동),부평구,032-437-8575,37.47133758,126.7035385,인천광역시 부평구 아트센터로 38,인천 부평구 아트센터로 38
김경태한의원,한의원,한방내과 한방부인과 한방소아과 한방안·이비인후·피부과 한방신경정신과 한방재활의학과 사상체질과 침구과 한방응급과,WOMEN_HEALTH,인천광역시 부평구 부평문화로 43 (부평동),부평구,032-511-5252,37.49416073,126.7210943,인천광역시 부평구 부평문화로 43,인천 부평구 부평문화로 43
김규식한의원,한의원,한방내과 한방부인과 한방소아과 한방안·이비인후·피부과 한방신경정신과 한방재활의학과 사상체질과 침구과 한방응급과,WOMEN_HEALTH,인천광역시 부평구 마장로 320 (산곡동),부평구,032-524-1075,37.50659213,126.7036958,인천광역시 부평구 마장로 320,인천 부평구 마장로 320
김명주산부인과의원,의원,산부인과,WOMEN_HEALTH,인천광역시 부평구 부평대로 9 (부평동),부평구,032-522-3313,37.49210444,126.7225793,인천광역시 부평구 부평대로 9,인천 부평구 부평대로 9
김봉주한의원,한의원,한방내과 한방부인과 한방소아과 한방안·이비인후·피부과 한방신경정신과 한방재활의학과 사상체질과 침구과 한방응급과,WOMEN_HEALTH,"인천광역시 부평구 주부토로 193, 201층 (갈산동, 대동상가)",부평구,032-511-9739,37.51269121,126.7246287,인천광역시 부평구 주부토로 193,인천 부평구 주부토로 193
김용석한의원,한의원,한방내과 한방부인과 한방소아과 한방안·이비인후·피부과 한방신경정신과 한방재활의학과 사상체질과 침구과 한방응급과,WOMEN_HEALTH,인천광역시 부평구 세월천로 47 (청천동),부평구,032-527-3313,37.51277184,126.7042059,인천광역시 부평구 세월천로 47,인천 부평구 세월천로 47
나산부인과의원,의원,피부과 산부인과,WOMEN_HEALTH,인천광역시 부평구 마장로 398 (청천동),부평구,032-527-3452,37.51362992,126.7042646,인천광역시 부평구 마장로 398,인천 부평구 마장로 398
눈빛한의원,한의원,한방내과 한방부인과 한방소아과 한방안·이비인후·피부과 한방신경정신과 한방재활의학과 사상체질과 침구과,WOMEN_HEALTH,"인천광역시 부평구 부평대로 6, 대신스카이프라자 702호 (부평동)",부평구,032-504-5075,37.49212258,126.7235941,인천광역시 부평구 부평대로 6,인천 부평구 부평대로 6
늘편안한의원,한의원,한방내과 한방부인과 한방소아과 한방안·이비인후·피부과 한방신경정신과 한방재활의학과 사상체질과 침구과,WOMEN_HEALTH,"인천광역시 부평구 장제로 171, 2층 (부평동)",부평구,032-508-1275,37.50086549,126.7303857,인천광역시 부평구 장제로 171,인천 부평구 장제로 171
다나산부인과의원,의원,소아청소년과 산부인과,WOMEN_HEALTH,인천광역시 부평구 마장로 446 (청천동),부평구,032-522-5028,37.51790889,126.7046708,인천광역시 부평구 마장로 446,인천 부평구 마장로 446
다나은한방병원,한방병원,가정의학과 한방내과 한방부인과 한방소아과 한방안·이비인후·피부과 한방신경정신과 한방재활의학과 사상체질과 침구과,WOMEN_HEALTH,"인천광역시 부평구 경인로999번길 1, 지하1층,지상1층일부,4층,5층 (부평동)",부평구,032-523-1075,37.48748078,126.7306898,인천광역시 부평구 경인로999번길 1,인천 부평구 경인로999번길 1
다스름한의원,한의원,한방내과 한방부인과 한방소아과 한방안·이비인후·피부과 한방신경정신과 한방재활의학과 사상체질과 침구과 한방응급과,WOMEN_HEALTH,"인천광역시 부평구 부흥로294번길 4, 302호 (부평동, 추인타워)",부평구,032-514-7522,37.49822722,126.7242779,인천광역시 부평구 부흥로294번길 4,인천 부평구 부흥로294번길 4
다이트한의원,한의원,한방내과 한방부인과 한방소아과 한방안·이비인후·피부과 한방신경정신과 한방재활의학과 사상체질과 침구과,WOMEN_HEALTH,"인천광역시 부평구 주부토로 17, 메타타워 7,8,9,10층 (부평동)",부평구,1533-8191,37.49698758,126.7243764,인천광역시 부평구 주부토로 17,인천 부평구 주부토로 17
당봄한의원,한의원,한방내과 한방부인과 한방소아과 한방안·이비인후·피부과 한방신경정신과 한방재활의학과 사상체질과 침구과,WOMEN_HEALTH,"인천광역시 부평구 주부토로 236, A동 240호 (갈산동)",부평구,032-291-7522,37.51585804,126.7268009,인천광역시 부평구 주부토로 236,인천 부평구 주부토로 236
더봄한의원,한의원,한방내과 한방안·이비인후·피부과 사상체질과 침구과 한방재활의학과 한방신경정신과 한방부인과 한방소아과,WOMEN_HEALTH,"인천광역시 부평구 광장로4번길 11, 8층 (부평동, 중보빌딩)",부평구,032-503-5875,37.49062803,126.7221855,인천광역시 부평구 광장로4번길 11,인천 부평구 광장로4번길 11
동암경희한의원,한의원,한방내과 한방부인과 한방소아과 한방안·이비인후·피부과 한방신경정신과 한방재활의학과 사상체질과 침구과 한방응급과,WOMEN_HEALTH,인천광역시 부평구 열우물로49번길 6 (십정동),부평구,032-433-5115,37.47235031,126.7002175,인천광역시 부평구 열우물로49번길 6,인천 부평구 열우물로49번길 6
동암역365한의원,한의원,한방내과 한방부인과 한방소아과 한방안·이비인후·피부과 한방신경정신과 한방재활의학과 사상체질과 침구과,WOMEN_HEALTH,"인천광역시 부평구 아트센터로 40, 3층 (십정동)",부평구,032-435-1130,37.47156307,126.7034883,인천광역시 부평구 아트센터로 40,인천 부평구 아트센터로 40
동암연합한의원,한의원,한방내과 한방부인과 한방소아과 한방안·이비인후·피부과 한방신경정신과 한방재활의학과 사상체질과 침구과,WOMEN_HEALTH,"인천광역시 부평구 열우물로 45, 십정동 삼정빌딩 301호 (십정동)",부평구,032-214-1355,37.47211088,126.7004179,인천광역시 부평구 열우물로 45,인천 부평구 열우물로 45
동암우리내과의원,의원,내과 신경과 정신건강의학과 외과 산부인과 소아청소년과 이비인후과 피부과 비뇨의학과 영상의학과 병리과 진단검사의학과,WOMEN_HEALTH,"인천광역시 부평구 열우물로 54, 4층 (십정동)",부평구,032-421-5775,37.47287847,126.7005312,인천광역시 부평구 열우물로 54,인천 부평구 열우물로 54
동암튼튼한의원,한의원,한방내과 한방부인과 한방소아과 한방안·이비인후·피부과 한방신경정신과 한방재활의학과 사상체질과 침구과,WOMEN_HEALTH,"인천광역시 부평구 열우물로 40, 2층 일부호 (십정동)",부평구,032-429-1073,37.47176229,126.7013817,인천광역시 부평구 열우물로 40,인천 부평구 열우물로 40
동암한의원,한의원,한방내과 한방부인과 한방소아과 한방안·이비인후·피부과 한방신경정신과 한방재활의학과 사상체질과 침구과 한방응급과,WOMEN_HEALTH,"인천광역시 부평구 열우물로 91-1, 2층 (십정동)",부평구,032-423-0126,37.4751882,126.6969955,인천광역시 부평구 열우물로 91-1,인천 부평구 열우물로 91-1
동의보감한의원,한의원,한방내과 한방부인과 한방소아과 한방안·이비인후·피부과 한방신경정신과 한방재활의학과 사상체질과 침구과 한방응급과,WOMEN_HEALTH,"인천광역시 부평구 경인로1024번길 41, 2층 (부개동)",부평구,032-507-7582,37.48501552,126.7333441,인천광역시 부평구 경인로1024번길 41,인천 부평구 경인로1024번길 41
동인한의원,한의원,한방내과 한방부인과 한방소아과 한방안·이비인후·피부과 한방신경정신과 한방재활의학과 사상체질과 침구과 한방응급과,WOMEN_HEALTH,"인천광역시 부평구 체육관로 30 (삼산동, 이리옴프라자 301호)",부평구,032-516-1075,37.50830591,126.7348156,인천광역시 부평구 체육관로 30,인천 부평구 체육관로 30
디-한의원,한의원,한방내과 한방부인과 한방소아과 한방안·이비인후·피부과 한방신경정신과 한방재활의학과 사상체질과 침구과 한방응급과,WOMEN_HEALTH,인천광역시 부평구 주부토로 268 (갈산동),부평구,032-523-3335,37.51903971,126.7274873,인천광역시 부평구 주부토로 268,인천 부평구 주부토로 268
로하셀한의원,한의원,한방내과 한방부인과 한방소아과 한방안·이비인후·피부과 한방신경정신과 한방재활의학과 사상체질과 침구과,WOMEN_HEALTH,"인천광역시 부평구 부평대로 33, 창성빌딩 2층 (부평동)",부평구,032-710-8860,37.49438247,126.722513,인천광역시 부평구 부평대로 33,인천 부평구 부평대로 33
맑은내한의원,한의원,한방내과 한방부인과 한방소아과 한방안·이비인후·피부과 한방신경정신과 한방재활의학과 사상체질과 침구과,WOMEN_HEALTH,"인천광역시 부평구 청중로 61, 5층 일부호 (청천동)",부평구,032-506-3737,37.51769943,126.7040328,인천광역시 부평구 청중로 61,인천 부평구 청중로 61
맑은샘한의원,한의원,한방내과 한방부인과 한방소아과 한방안·이비인후·피부과 한방신경정신과 한방재활의학과 사상체질과 침구과,WOMEN_HEALTH,"인천광역시 부평구 안남로222번길 27, 4층 409호, 410호 (산곡동, 경남아파트)",부평구,032-517-1233,37.50344128,126.711765,인천광역시 부평구 안남로222번길 27,인천 부평구 안남로222번길 27
몸앤장한의원,한의원,한방내과 한방부인과 한방소아과 한방안·이비인후·피부과 한방신경정신과 한방재활의학과 사상체질과 침구과,WOMEN_HEALTH,"인천광역시 부평구 산청로 97, 상가6동 2층 621~624호 (청천동, e편한세상부평그랑힐스)",부평구,032-710-1648,37.51900734,126.7009636,인천광역시 부평구 산청로 97,인천 부평구 산청로 97
미래한의원,한의원,한방내과 한방부인과 한방소아과 한방안·이비인후·피부과 한방신경정신과 한방재활의학과 사상체질과 침구과 한방응급과,WOMEN_HEALTH,인천광역시 부평구 부평북로 446 (삼산동),부평구,032-522-0753,37.52171702,126.7429962,인천광역시 부평구 부평북로 446,인천 부평구 부평북로 446
미소로한의원,한의원,한방내과 한방부인과 한방소아과 한방안·이비인후·피부과 한방신경정신과 한방재활의학과 사상체질과 침구과,WOMEN_HEALTH,"인천광역시 부평구 부평대로 15, 6층 (부평동, 부평서파빌딩)",부평구,032-521-7533,37.4927643,126.7226779,인천광역시 부평구 부평대로 15,인천 부평구 부평대로 15
미소진한의원,한의원,한방내과 한방부인과 한방소아과 한방안·이비인후·피부과 한방신경정신과 한방재활의학과 사상체질과 침구과,WOMEN_HEALTH,인천광역시 부평구 충선로 313 (삼산동),부평구,032-330-3351,37.51715606,126.7352048,인천광역시 부평구 충선로 313,인천 부평구 충선로 313
미올한의원,한의원,한방내과 한방부인과 한방소아과 한방안·이비인후·피부과 한방신경정신과 한방재활의학과 사상체질과 침구과,WOMEN_HEALTH,"인천광역시 부평구 부평문화로 55, 5층 502-2호 (부평동, 와이디타워)",부평구,032-516-8275,37.49427074,126.72228,인천광역시 부평구 부평문화로 55,인천 부평구 부평문화로 55
민중한의원,한의원,한방내과 한방부인과 한방소아과 한방안·이비인후·피부과 한방신경정신과 한방재활의학과 사상체질과 침구과 한방응급과,WOMEN_HEALTH,인천광역시 부평구 부평문화로 46 (부평동),부평구,032-529-6829,37.49372141,126.721174,인천광역시 부평구 부평문화로 46,인천 부평구 부평문화로 46
믿음한의원,한의원,한방내과 한방안·이비인후·피부과 사상체질과 한방부인과 한방신경정신과 침구과 한방소아과 한방재활의학과 한방응급과,WOMEN_HEALTH,"인천광역시 부평구 부평대로 21, 3층 (부평동, 금남빌딩)",부평구,032-528-8775,37.49326606,126.7222914,인천광역시 부평구 부평대로 21,인천 부평구 부평대로 21
바다한의원,한의원,한방내과 한방부인과 한방소아과 한방안·이비인후·피부과 한방신경정신과 한방재활의학과 사상체질과 침구과 한방응급과,WOMEN_HEALTH,"인천광역시 부평구 부평문화로 151, 2층 (부평동)",부평구,032-511-0090,37.4940484,126.7331996,인천광역시 부평구 부평문화로 151,인천 부평구 부평문화로 151
박영준경희한의원,한의원,한방내과 한방부인과 한방소아과 한방안·이비인후·피부과 한방신경정신과 한방재활의학과 사상체질과 침구과 한방응급과,WOMEN_HEALTH,인천광역시 부평구 평천로 389 (삼산동),부평구,032-513-0635,37.5177492,126.7335673,인천광역시 부평구 평천로 389,인천 부평구 평천로 389
박용한의원,한의원,한방내과 한방안·이비인후·피부과 한방부인과 한방신경정신과 침구과,WOMEN_HEALTH,"인천광역시 부평구 원적로 392, 204호 (산곡동, 백마타운)",부평구,032-502-1175,37.50368938,126.7099832,인천광역시 부평구 원적로 392,인천 부평구 원적로 392
밝은빛한의원,한의원,한방내과 한방부인과 한방소아과 한방안·이비인후·피부과 한방신경정신과 한방재활의학과 사상체질과 침구과,WOMEN_HEALTH,"인천광역시 부평구 경원대로 1404, 그랑프리 빌딩 401,402호 (부평동)",부평구,032-529-8875,37.49093808,126.7250434,인천광역시 부평구 경원대로 1404,인천 부평구 경원대로 1404
백두산한의원,한의원,한방내과 한방부인과 한방소아과 한방안·이비인후·피부과 한방신경정신과 한방재활의학과 사상체질과 침구과 한방응급과,WOMEN_HEALTH,"인천광역시 부평구 부평대로 102, 1층 111~114호 (부평동, 부평대우마이빌)",부평구,032-515-3200,37.50044739,126.7224318,인천광역시 부평구 부평대로 102,인천 부평구 부평대로 102
백두한의원,한의원,한방내과 한방부인과 한방소아과 한방안·이비인후·피부과 한방신경정신과 한방재활의학과 사상체질과 침구과 한방응급과,WOMEN_HEALTH,"인천광역시 부평구 동암남로 13, 1층 (십정동)",부평구,032-423-0035,37.47097048,126.7050379,인천광역시 부평구 동암남로 13,인천 부평구 동암남로 13
백운요양병원,요양병원,침구과 한방내과 가정의학과 재활의학과 산부인과 신경외과 정형외과 외과 신경과 내과,WOMEN_HEALTH,"인천광역시 부평구 마장로 68 (십정동, K빌딩, 지하1층,지상1층(일부),지상2~8층)",부평구,032-504-0109,37.48492543,126.7085156,인천광역시 부평구 마장로 68,인천 부평구 마장로 68
백운한의원,한의원,한방내과 한방부인과 한방소아과 한방안·이비인후·피부과 한방신경정신과 한방재활의학과 사상체질과 침구과 한방응급과,WOMEN_HEALTH,인천광역시 부평구 경원대로 1236 (산곡동),부평구,032-511-0075,37.48707429,126.708355,인천광역시 부평구 경원대로 1236,인천 부평구 경원대로 1236
백제한의원,한의원,한방내과 한방안·이비인후·피부과 사상체질과 침구과 한방신경정신과 한방부인과 한방소아과 한방재활의학과,WOMEN_HEALTH,"인천광역시 부평구 세월천로 55, 2층 (산곡동)",부평구,032-529-7500,37.51294402,126.7033083,인천광역시 부평구 세월천로 55,인천 부평구 세월천로 55
백현한의원,한의원,한방내과 한방부인과 한방소아과 한방안·이비인후·피부과 한방신경정신과 한방재활의학과 사상체질과 침구과 한방응급과,WOMEN_HEALTH,인천광역시 부평구 마장로 310 (산곡동),부평구,032-513-7575,37.50565104,126.7036625,인천광역시 부평구 마장로 310,인천 부평구 마장로 310
벽송한의원,한의원,한방내과 한방부인과 한방소아과 한방안·이비인후·피부과 한방신경정신과 한방재활의학과 사상체질과 침구과 한방응급과,WOMEN_HEALTH,"인천광역시 부평구 경인로 887, 3층 (부평동)",부평구,032-513-1075,37.48582147,126.7186963,인천광역시 부평구 경인로 887,인천 부평구 경인로 887
보생당한의원,한의원,한방내과 한방부인과 한방소아과 한방안·이비인후·피부과 한방신경정신과 한방재활의학과 사상체질과 침구과 한방응급과,WOMEN_HEALTH,인천광역시 부평구 동수로 165 (부개동),부평구,032-503-7039,37.48583196,126.7367773,인천광역시 부평구 동수로 165,인천 부평구 동수로 165
보성일침한의원,한의원,한방내과 한방부인과 한방소아과 한방안·이비인후·피부과 한방신경정신과 한방재활의학과 사상체질과 침구과 한방응급과,WOMEN_HEALTH,"인천광역시 부평구 체육관로 24, 401,402호 (삼산동)",부평구,032-330-1717,37.50832409,126.7342849,인천광역시 부평구 체육관로 24,인천 부평구 체육관로 24
보창한의원,한의원,한방내과 한방부인과 한방소아과 한방안·이비인후·피부과 한방신경정신과 한방재활의학과 사상체질과 침구과 한방응급과,WOMEN_HEALTH,"인천광역시 부평구 동암남로 4, 리치프라자 202호 (십정동)",부평구,032-435-7533,37.47083789,126.7038653,인천광역시 부평구 동암남로 4,인천 부평구 동암남로 4
복한의원,한의원,한방내과 한방부인과 한방소아과 한방안·이비인후·피부과 사상체질과 침구과,WOMEN_HEALTH,"인천광역시 부평구 수변로 81, 1층 (부개동)",부평구,032-208-7575,37.49370414,126.7411432,인천광역시 부평구 수변로 81,인천 부평구 수변로 81
본한의원,한의원,한방내과 한방부인과 한방소아과 한방안·이비인후·피부과 한방신경정신과 한방재활의학과 사상체질과 침구과 한방응급과,WOMEN_HEALTH,"인천광역시 부평구 충선로 8 (부평동, 대흥플라자203호)",부평구,032-521-0519,37.49146832,126.7311095,인천광역시 부평구 충선로 8,인천 부평구 충선로 8
부개원한의원,한의원,한방소아과 한방부인과 한방재활의학과 침구과 한방신경정신과 사상체질과 한방내과 한방안·이비인후·피부과,WOMEN_HEALTH,"인천광역시 부평구 부흥로 414, 모아빌딩 4층 401호 (부개동)",부평구,032-361-9991,37.49738554,126.7379104,인천광역시 부평구 부흥로 414,인천 부평구 부흥로 414
부원당한의원,한의원,한방내과 한방부인과 한방소아과 한방안·이비인후·피부과 한방신경정신과 한방재활의학과 사상체질과 침구과 한방응급과,WOMEN_HEALTH,"인천광역시 부평구 원적로 296, 2층 (산곡동)",부평구,032-330-9975,37.50440455,126.6991546,인천광역시 부평구 원적로 296,인천 부평구 원적로 296
부일한의원,한의원,한방내과 한방부인과 한방소아과 한방안·이비인후·피부과 한방신경정신과 한방재활의학과 사상체질과 침구과 한방응급과,WOMEN_HEALTH,인천광역시 부평구 길주남로 157 (부개동),부평구,032-361-0188,37.50401305,126.7392907,인천광역시 부평구 길주남로 157,인천 부평구 길주남로 157
부평가족사랑한의원,한의원,한방내과 한방안·이비인후·피부과 사상체질과 침구과 한방신경정신과 한방부인과 한방소아과 한방재활의학과,WOMEN_HEALTH,"인천광역시 부평구 부평대로 59, 4층 (부평동, 성창빌딩)",부평구,032-519-1079,37.49670806,126.722093,인천광역시 부평구 부평대로 59,인천 부평구 부평대로 59
부평경희한의원,한의원,한방내과 한방부인과 한방소아과 한방안·이비인후·피부과 한방신경정신과 한방재활의학과 사상체질과 침구과 한방응급과,WOMEN_HEALTH,"인천광역시 부평구 마곡로 14, 113,114호 (산곡동)",부평구,032-522-1212,37.5131806,126.6991291,인천광역시 부평구 마곡로 14,인천 부평구 마곡로 14
부평부부한의원,한의원,한방내과 한방부인과 한방소아과 한방안·이비인후·피부과 한방신경정신과 한방재활의학과 사상체질과 침구과 한방응급과,WOMEN_HEALTH,인천광역시 부평구 장제로 212 (부평동),부평구,032-529-5999,37.50440872,126.7313497,인천광역시 부평구 장제로 212,인천 부평구 장제로 212
부평성모안과의원,의원,내과 신경과 정신건강의학과 외과 정형외과 신경외과 성형외과 산부인과 소아청소년과 안과 이비인후과 피부과 비뇨의학과 재활의학과 가정의학과,WOMEN_HEALTH,"인천광역시 부평구 경원대로 1373, 4층 (부평동)",부평구,032-528-7288,37.49153644,126.7215423,인천광역시 부평구 경원대로 1373,인천 부평구 경원대로 1373
부평열린내과의원,의원,내과 소아청소년과 이비인후과 피부과 비뇨의학과 신경외과 정형외과 신경과 산부인과 안과 영상의학과,WOMEN_HEALTH,"인천광역시 부평구 동수북로158번길 3, 201,301호 (부평동, 원명빌딩)",부평구,032-501- 0036,37.48884145,126.724001,인천광역시 부평구 동수북로158번길 3,인천 부평구 동수북로158번길 3
부평하늘애한의원,한의원,한방내과 한방부인과 한방소아과 한방안·이비인후·피부과 한방신경정신과 한방재활의학과 사상체질과 침구과,WOMEN_HEALTH,"인천광역시 부평구 부평대로 83, 강남타워 2층 201, 202 일부호 (부평동)",부평구,032-522-1075,37.49894675,126.7217341,인천광역시 부평구 부평대로 83,인천 부평구 부평대로 83
부평하루여성외과의원,의원,외과,WOMEN_HEALTH,"인천광역시 부평구 광장로 4, 6층 (부평동, 코아빌딩)",부평구,032-511-6875,37.49105116,126.7225409,인천광역시 부평구 광장로 4,인천 부평구 광장로 4
부평한의원,한의원,한방내과 한방부인과 한방소아과 한방안·이비인후·피부과 한방신경정신과 한방재활의학과 사상체질과 침구과 한방응급과,WOMEN_HEALTH,인천광역시 부평구 경원대로 1274 (부평동),부평구,032-528-2068,37.48985637,126.7106484,인천광역시 부평구 경원대로 1274,인천 부평구 경원대로 1274
삼산경희한의원,한의원,한방내과 한방부인과 한방소아과 한방안·이비인후·피부과 한방신경정신과 한방재활의학과 사상체질과 침구과 한방응급과,WOMEN_HEALTH,인천광역시 부평구 체육관로 34 (삼산동),부평구,032-288-9001,37.50827442,126.7354757,인천광역시 부평구 체육관로 34,인천 부평구 체육관로 34
삼산바른한의원,한의원,한방내과 한방부인과 한방소아과 한방안·이비인후·피부과 한방신경정신과 한방재활의학과 사상체질과 침구과,WOMEN_HEALTH,"인천광역시 부평구 체육관로 40, 신영프라자 402, 403호 (삼산동)",부평구,032-716-5475,37.50823941,126.7361405,인천광역시 부평구 체육관로 40,인천 부평구 체육관로 40
삼산한의원,한의원,한방내과 한방부인과 한방소아과 한방안·이비인후·피부과 한방신경정신과 한방재활의학과 사상체질과 침구과 한방응급과,WOMEN_HEALTH,인천광역시 부평구 부평북로 399 (삼산동),부평구,032-524-7582,37.52271787,126.7380015,인천광역시 부평구 부평북로 399,인천 부평구 부평북로 399
삼성미즈산부인과의원,의원,산부인과,WOMEN_HEALTH,"인천광역시 부평구 부평대로 93, 2,3층 (부평동)",부평구,032-516-3838,37.49968005,126.7216101,인천광역시 부평구 부평대로 93,인천 부평구 부평대로 93
삼성장편한내과의원,의원,가정의학과 소아청소년과 산부인과 내과,WOMEN_HEALTH,"인천광역시 부평구 열우물로 90, 상가F동 3층 310호, 4층 403~406호 (십정동, 더샵부평센트럴시티)",부평구,032-433-7588,37.47736242,126.7009931,인천광역시 부평구 열우물로 90,인천 부평구 열우물로 90
새봄여성병원,병원,산부인과 소아청소년과 피부과 마취통증의학과,WOMEN_HEALTH,인천광역시 부평구 마장로 316 (산곡동),부평구,032-521-7200,37.50622241,126.7036811,인천광역시 부평구 마장로 316,인천 부평구 마장로 316
새올요양병원,요양병원,내과 신경과 정신건강의학과 소아청소년과 재활의학과 가정의학과 한방내과 한방부인과 한방소아과 한방안·이비인후·피부과 한방신경정신과 한방재활의학과 사상체질과 침구과 한방응급과,WOMEN_HEALTH,"인천광역시 부평구 마장로 246, 새올 요양병원 (산곡동)",부평구,032-507-3355,37.49997067,126.7033035,인천광역시 부평구 마장로 246,인천 부평구 마장로 246
생기한의원,한의원,한방부인과 한방소아과 한방안·이비인후·피부과 침구과,WOMEN_HEALTH,"인천광역시 부평구 부평문화로 55, 503호 (부평동, 와이디타워)",부평구,032-529-5075,37.49427074,126.72228,인천광역시 부평구 부평문화로 55,인천 부평구 부평문화로 55
서울봄산부인과의원,의원,비뇨의학과 피부과 산부인과,WOMEN_HEALTH,"인천광역시 부평구 경원대로 1397, 파레스빌딩 4층 (부평동)",부평구,032-721-6624,37.49156852,126.7245021,인천광역시 부평구 경원대로 1397,인천 부평구 경원대로 1397
서울한의원,한의원,한방내과 한방부인과 한방소아과 한방안·이비인후·피부과 한방신경정신과 한방재활의학과 사상체질과 침구과,WOMEN_HEALTH,"인천광역시 부평구 충선로 191, 유아원동 1층 (부개동, 뉴서울아파트)",부평구,032-529-7975,37.50637,126.7359729,인천광역시 부평구 충선로 191,인천 부평구 충선로 191
선이산부인과의원,의원,산부인과,WOMEN_HEALTH,"인천광역시 부평구 광장로 16, 6층 (부평동, 부평역사쇼핑몰)",부평구,032-505-7632.3,37.48956767,126.7233506,인천광역시 부평구 광장로 16,인천 부평구 광장로 16
성모산부인과의원,의원,산부인과,WOMEN_HEALTH,인천광역시 부평구 부평대로 47 (부평동),부평구,032-502-1001,37.49558046,126.7222873,인천광역시 부평구 부평대로 47,인천 부평구 부평대로 47
성모한의원,한의원,한방내과 한방부인과 한방소아과 한방안·이비인후·피부과 한방신경정신과 한방재활의학과 사상체질과 침구과 한방응급과,WOMEN_HEALTH,인천광역시 부평구 부흥로 247 (부평동),부평구,032-522-4409,37.49901359,126.71929,인천광역시 부평구 부흥로 247,인천 부평구 부흥로 247
소망한의원,한의원,침구과 사상체질과 한방재활의학과 한방신경정신과 한방안·이비인후·피부과 한방소아과 한방부인과 한방내과,WOMEN_HEALTH,"인천광역시 부평구 백범로 487, 1층 일부호 (십정동)",부평구,010-6525-2663,37.46924738,126.6971596,인천광역시 부평구 백범로 487,인천 부평구 백범로 487
소문난내과의원,의원,소아청소년과 산부인과 내과,WOMEN_HEALTH,"인천광역시 부평구 부개로 73, 2층 (부개동)",부평구,032-362-7572,37.50424879,126.739679,인천광역시 부평구 부개로 73,인천 부평구 부개로 73
손한의원,한의원,한방내과 한방부인과 한방소아과 한방안·이비인후·피부과 한방신경정신과 한방재활의학과 사상체질과 침구과 한방응급과,WOMEN_HEALTH,인천광역시 부평구 후정동로 35 (삼산동),부평구,032-514-0011,37.52070239,126.7378643,인천광역시 부평구 후정동로 35,인천 부평구 후정동로 35
솔찬한의원,한의원,한방내과 한방부인과 한방소아과 한방안·이비인후·피부과 한방신경정신과 한방재활의학과 사상체질과 침구과,WOMEN_HEALTH,인천광역시 부평구 부일로 87 (부개동),부평구,032-511-8275,37.48899384,126.7397363,인천광역시 부평구 부일로 87,인천 부평구 부일로 87
솔한의원,한의원,한방내과 한방부인과 한방소아과 한방안·이비인후·피부과 한방신경정신과 한방재활의학과 사상체질과 침구과,WOMEN_HEALTH,"인천광역시 부평구 평천로 324, 1층 (갈산동)",부평구,032-330-7767,37.51758675,126.7261577,인천광역시 부평구 평천로 324,인천 부평구 평천로 324
수앤미산부인과의원,의원,산부인과 가정의학과 비뇨의학과 피부과 외과,WOMEN_HEALTH,인천광역시 부평구 체육관로 34 (삼산동),부평구,032-513-0147,37.50827442,126.7354757,인천광역시 부평구 체육관로 34,인천 부평구 체육관로 34
시원한의원,한의원,한방내과 한방부인과 한방소아과 한방안·이비인후·피부과 한방신경정신과 한방재활의학과 사상체질과 침구과,WOMEN_HEALTH,"인천광역시 부평구 시장로 55-1, 1층 (부평동)",부평구,032-527-9100,37.49561064,126.7274719,인천광역시 부평구 시장로 55-1,인천 부평구 시장로 55-1
신라한의원,한의원,한방내과 한방부인과 한방소아과 한방안·이비인후·피부과 한방신경정신과 한방재활의학과 사상체질과 침구과 한방응급과,WOMEN_HEALTH,"인천광역시 부평구 마장로272번길 76, 203호 (산곡동, 경남3차아파트상가)",부평구,032-516-7575,37.50212607,126.7082326,인천광역시 부평구 마장로272번길 76,인천 부평구 마장로272번길 76
신통방통한의원,한의원,한방내과 한방부인과 한방소아과 한방안·이비인후·피부과 한방신경정신과 한방재활의학과 사상체질과 침구과 한방응급과,WOMEN_HEALTH,"인천광역시 부평구 길주남로 158, 202호 (부개동, 부개프라자)",부평구,032-361-0321,37.50359946,126.7393199,인천광역시 부평구 길주남로 158,인천 부평구 길주남로 158
심대성한의원,한의원,한방내과 한방부인과 한방소아과 한방안·이비인후·피부과 침구과,WOMEN_HEALTH,"인천광역시 부평구 장제로 352, 3층 (삼산동)",부평구,032-501-5075,37.51702906,126.7326614,인천광역시 부평구 장제로 352,인천 부평구 장제로 352
아미한의원,한의원,침구과 사상체질과 한방재활의학과 한방신경정신과 한방안·이비인후·피부과 한방소아과 한방부인과 한방내과,WOMEN_HEALTH,"인천광역시 부평구 경원대로 1286, 부평메디아나센터 3층 303호 (부평동)",부평구,032-515-2580,37.4904283,126.7118534,인천광역시 부평구 경원대로 1286,인천 부평구 경원대로 1286
아연한의원,한의원,한방내과 한방부인과 한방소아과 한방안·이비인후·피부과 한방신경정신과 한방재활의학과 사상체질과 침구과,WOMEN_HEALTH,"인천광역시 부평구 부평문화로 51, 3층 (부평동)",부평구,032-529-8385,37.49416583,126.7218064,인천광역시 부평구 부평문화로 51,인천 부평구 부평문화로 51
안은의료재단 부평세림병원,종합병원,예방치과 예방의학과 응급의학과 직업환경의학과 가정의학과 진단검사의학과 병리과 영상의학과 비뇨의학과 소아청소년과 산부인과 마취통증의학과 신경외과 정형외과 외과 정신건강의학과 신경과 내과,WOMEN_HEALTH,"인천광역시 부평구 부평대로 175 (청천동, 세림병원)",부평구,032-509-5555,37.50674185,126.7199354,인천광역시 부평구 부평대로 175,인천 부평구 부평대로 175
애플산부인과의원,의원,산부인과,WOMEN_HEALTH,"인천광역시 부평구 부평대로 6, 8층 (부평동, 대신스카이프라자)",부평구,032-330-8870,37.49212258,126.7235941,인천광역시 부평구 부평대로 6,인천 부평구 부평대로 6
양선이산부인과의원,의원,산부인과 내과,WOMEN_HEALTH,"인천광역시 부평구 경원대로 1234, 삼주빌딩 4층 (산곡동)",부평구,032-514-3575,37.4868836,126.7082325,인천광역시 부평구 경원대로 1234,인천 부평구 경원대로 1234
에덴여성의원,의원,산부인과 성형외과,WOMEN_HEALTH,인천광역시 부평구 경인로 1078 (부개동),부평구,032-519-8582,37.48621436,126.7395081,인천광역시 부평구 경인로 1078,인천 부평구 경인로 1078
에덴의원,의원,산부인과 피부과 성형외과,WOMEN_HEALTH,"인천광역시 부평구 부평문화로 55, 4층 403호 (부평동)",부평구,032-504-0880,37.49427074,126.72228,인천광역시 부평구 부평문화로 55,인천 부평구 부평문화로 55
연세미여성의원,의원,가정의학과 피부과 산부인과 성형외과,WOMEN_HEALTH,"인천광역시 부평구 아트센터로 38, 십정동 센타빌딩 3층 (십정동)",부평구,032-431-7582,37.47133758,126.7035385,인천광역시 부평구 아트센터로 38,인천 부평구 아트센터로 38
열린한의원,한의원,한방내과 한방부인과 한방소아과 한방안·이비인후·피부과 한방신경정신과 한방재활의학과 사상체질과 침구과,WOMEN_HEALTH,"인천광역시 부평구 길주로647번길 20, 401호 (삼산동, 삼성프라자)",부평구,032-501-7587,37.50787761,126.73479,인천광역시 부평구 길주로647번길 20,인천 부평구 길주로647번길 20
열우물한의원,한의원,한방내과 한방부인과 한방소아과 한방안·이비인후·피부과 한방신경정신과 한방재활의학과 침구과,WOMEN_HEALTH,"인천광역시 부평구 열우물로 90, 상가I동 103호 (십정동, 더샵부평센트럴시티)",부평구,032-710-1275,37.47736242,126.7009931,인천광역시 부평구 열우물로 90,인천 부평구 열우물로 90
영광한의원,한의원,한방내과 한방부인과 한방소아과 한방안·이비인후·피부과 한방신경정신과 한방재활의학과 사상체질과 침구과 한방응급과,WOMEN_HEALTH,인천광역시 부평구 경인로1104번길 5 (일신동),부평구,032-503-3338,37.48542066,126.7424214,인천광역시 부평구 경인로1104번길 5,인천 부평구 경인로1104번길 5
영창한의원,한의원,한방내과 한방부인과 한방소아과 한방안·이비인후·피부과 한방신경정신과 한방재활의학과 사상체질과 침구과 한방응급과,WOMEN_HEALTH,인천광역시 부평구 장제로 188-2 (부평동),부평구,032-504-9070,37.50235716,126.7311596,인천광역시 부평구 장제로 188-2,인천 부평구 장제로 188-2
예성한의원,한의원,한방내과 한방부인과 한방소아과 한방안·이비인후·피부과 한방신경정신과 한방재활의학과 사상체질과 침구과 한방응급과,WOMEN_HEALTH,"인천광역시 부평구 후정동로 8, 201호 (삼산동)",부평구,032-514-1676,37.51807083,126.7380245,인천광역시 부평구 후정동로 8,인천 부평구 후정동로 8
우리들내과의원,의원,내과 소아청소년과 피부과 비뇨의학과 외과 이비인후과 마취통증의학과 신경과 산부인과,WOMEN_HEALTH,"인천광역시 부평구 체육관로 14, 301호, 302호, 303호, 304호, 복합시설 (삼산동)",부평구,032-506-8808,37.50838114,126.7330934,인천광역시 부평구 체육관로 14,인천 부평구 체육관로 14
웅림한의원,한의원,한방내과 한방부인과 한방소아과 한방안·이비인후·피부과 한방신경정신과 한방재활의학과 사상체질과 침구과 한방응급과,WOMEN_HEALTH,"인천광역시 부평구 원적로 434, 203호 (산곡동, 혜성프라자)",부평구,032-503-0060,37.50332115,126.7146091,인천광역시 부평구 원적로 434,인천 부평구 원적로 434
위담한의원,한의원,한방내과 한방부인과 한방소아과 한방안·이비인후·피부과 한방신경정신과 한방재활의학과 사상체질과 침구과,WOMEN_HEALTH,"인천광역시 부평구 경원대로 1404, 701호 (부평동, 그랑프리 빌딩)",부평구,032-361-1138,37.49093808,126.7250434,인천광역시 부평구 경원대로 1404,인천 부평구 경원대로 1404
윤영빈한의원,한의원,한방내과 한방부인과 한방소아과 한방안·이비인후·피부과 한방신경정신과 한방재활의학과 사상체질과 침구과 한방응급과,WOMEN_HEALTH,"인천광역시 부평구 수변로 333, 206호 (삼산동, 삼산타운2단지)",부평구,032-512-3350,37.51682739,126.7370228,인천광역시 부평구 수변로 333,인천 부평구 수변로 333
윤정혜산부인과의원,의원,산부인과,WOMEN_HEALTH,"인천광역시 부평구 마장로 338, 4층 일부호 (산곡동)",부평구,032-266-1234,37.50808694,126.7038245,인천광역시 부평구 마장로 338,인천 부평구 마장로 338
은생당한의원,한의원,한방내과 한방부인과 한방소아과 한방안·이비인후·피부과 한방신경정신과 한방재활의학과 침구과,WOMEN_HEALTH,"인천광역시 부평구 열우물로 67, 새천년월드타워 2, 3, 4층 (십정동)",부평구,032-422-1072,37.47364809,126.6988579,인천광역시 부평구 열우물로 67,인천 부평구 열우물로 67
의료법인 정강의료재단 부평수한방병원,한방병원,침구과 사상체질과 한방재활의학과 한방신경정신과 한방안·이비인후·피부과 한방소아과 한방부인과 한방내과 마취통증의학과,WOMEN_HEALTH,"인천광역시 부평구 부흥로 329, 로얄프라자 3층 전체호 (부평동)",부평구,032-503-8275,37.49855913,126.7285885,인천광역시 부평구 부흥로 329,인천 부평구 부흥로 329
의료법인나누리의료재단나누리병원,병원,예방의학과 응급의학과 직업환경의학과 핵의학과 가정의학과 결핵과 재활의학과 진단검사의학과 병리과 영상의학과 비뇨의학과 피부과 이비인후과 소아청소년과 산부인과 마취통증의학과 성형외과 심장혈관흉부외과 신경외과 정형외과 외과 정신건강의학과 신경과 내과,WOMEN_HEALTH,인천광역시 부평구 장제로 156 (부평동),부평구,1688-9797,37.49951576,126.7310027,인천광역시 부평구 장제로 156,인천 부평구 장제로 156
이강한방병원,한방병원,마취통증의학과 한방부인과 한방재활의학과 침구과,WOMEN_HEALTH,"인천광역시 부평구 길주로 651, 3~5층 (삼산동)",부평구,032-330-2011,37.50715731,126.7350535,인천광역시 부평구 길주로 651,인천 부평구 길주로 651
이상규한의원,한의원,한방내과 한방부인과 한방소아과 한방안·이비인후·피부과 한방신경정신과 한방재활의학과 사상체질과 침구과 한방응급과,WOMEN_HEALTH,인천광역시 부평구 수변로 56-1 (부개동),부평구,032-518-5985,37.49156507,126.7407744,인천광역시 부평구 수변로 56-1,인천 부평구 수변로 56-1
이화산부인과의원,의원,산부인과,WOMEN_HEALTH,인천광역시 부평구 열우물로 45 (십정동),부평구,032-428-3338,37.47211088,126.7004179,인천광역시 부평구 열우물로 45,인천 부평구 열우물로 45
인천부평끗한의원,한의원,한방내과 한방부인과 한방소아과 한방안·이비인후·피부과 한방신경정신과 한방재활의학과 사상체질과 침구과,WOMEN_HEALTH,"인천광역시 부평구 광장로 28, 2층 208호 (부평동)",부평구,032-517-9510,37.49039345,126.7248626,인천광역시 부평구 광장로 28,인천 부평구 광장로 28
인천부평해아림한의원,한의원,침구과 사상체질과 한방재활의학과 한방신경정신과 한방안·이비인후·피부과 한방소아과 한방부인과 한방내과,WOMEN_HEALTH,"인천광역시 부평구 경원대로 1412, 2층 (부평동)",부평구,032-719-3472,37.49100587,126.7257947,인천광역시 부평구 경원대로 1412,인천 부평구 경원대로 1412
인천중앙한의원,한의원,한방내과 한방부인과 한방소아과 한방안·이비인후·피부과 한방신경정신과 한방재활의학과 사상체질과 침구과,WOMEN_HEALTH,"인천광역시 부평구 무네미로 446, 근로복지공단인천병원 지하1층 (구산동)",부평구,032-507-6954,37.47599004,126.7539818,인천광역시 부평구 무네미로 446,인천 부평구 무네미로 446
인천평화의료복지사회적협동조합평화한의원,한의원,한방내과 한방부인과 한방소아과 한방안·이비인후·피부과 한방신경정신과 한방재활의학과 사상체질과 침구과 한방응급과,WOMEN_HEALTH,"인천광역시 부평구 경인로1104번길 15, 3층 일부호 (일신동)",부평구,032-524-6911,37.48486047,126.742159,인천광역시 부평구 경인로1104번길 15,인천 부평구 경인로1104번길 15
일신한의원,한의원,한방내과 한방부인과 한방소아과 한방안·이비인후·피부과 한방신경정신과 한방재활의학과 사상체질과 침구과 한방응급과,WOMEN_HEALTH,인천광역시 부평구 경인로1104번길 14-4 (부개동),부평구,032-505-4402,37.4852389,126.7419997,인천광역시 부평구 경인로1104번길 14-4,인천 부평구 경인로1104번길 14-4
일침한의원,한의원,한방내과 한방부인과 한방소아과 한방안·이비인후·피부과 한방신경정신과 한방재활의학과 사상체질과 침구과 한방응급과,WOMEN_HEALTH,"인천광역시 부평구 안남로 261, 전방프라자 307호, 405호 (산곡동)",부평구,032-516-1175,37.50625127,126.7085804,인천광역시 부평구 안남로 261,인천 부평구 안남로 261
자연한의원,한의원,한방내과 한방안·이비인후·피부과 사상체질과 침구과 한방신경정신과 한방부인과 한방소아과 한방재활의학과,WOMEN_HEALTH,인천광역시 부평구 주부토로22번길 20 (부평동),부평구,032-519-1075,37.49618363,126.7254259,인천광역시 부평구 주부토로22번길 20,인천 부평구 주부토로22번길 20
장백한의원,한의원,한방내과 한방부인과 한방소아과 한방안·이비인후·피부과 한방신경정신과 한방재활의학과 사상체질과 침구과,WOMEN_HEALTH,"인천광역시 부평구 부평대로 26, 1층 (부평동)",부평구,033-635-7502,37.49374982,126.7232962,인천광역시 부평구 부평대로 26,인천 부평구 부평대로 26
재단법인 자연재단 더필잎요양병원,요양병원,침구과 사상체질과 한방재활의학과 한방내과 가정의학과 재활의학과 산부인과 신경과 내과,WOMEN_HEALTH,"인천광역시 부평구 장제로 175, 지하1(일부)층, 1층~8층 (부평동)",부평구,032-521-5555,37.50125857,126.7303727,인천광역시 부평구 장제로 175,인천 부평구 장제로 175
제생한의원,한의원,한방내과 한방부인과 한방소아과 한방안·이비인후·피부과 한방신경정신과 한방재활의학과 사상체질과 침구과 한방응급과,WOMEN_HEALTH,인천광역시 부평구 마장로324번길 15 (산곡동),부평구,032-506-1075,37.50693869,126.7043946,인천광역시 부평구 마장로324번길 15,인천 부평구 마장로324번길 15
지성한의원,한의원,한방내과 한방부인과 한방소아과 한방안·이비인후·피부과 한방신경정신과 한방재활의학과 사상체질과 침구과 한방응급과,WOMEN_HEALTH,"인천광역시 부평구 경원대로 1268, 2층 (부평동)",부평구,032-528-2266,37.48955812,126.7102732,인천광역시 부평구 경원대로 1268,인천 부평구 경원대로 1268
지우한의원,한의원,한방내과 한방부인과 한방소아과 한방안·이비인후·피부과 한방신경정신과 한방재활의학과 침구과,WOMEN_HEALTH,"인천광역시 부평구 주부토로 70, 2층 (부평동)",부평구,032-715-9695,37.50121397,126.7255605,인천광역시 부평구 주부토로 70,인천 부평구 주부토로 70
찬누리한방병원,한방병원,침구과 사상체질과 한방재활의학과 한방신경정신과 한방안·이비인후·피부과 한방소아과 한방부인과 한방내과 가정의학과,WOMEN_HEALTH,"인천광역시 부평구 원적로 469, 성훈빌딩 1층 일부, 2층, 3층, 5~7층 호 (부평동)",부평구,032-511-1001,37.50366635,126.718752,인천광역시 부평구 원적로 469,인천 부평구 원적로 469
찬솔한방병원,한방병원,가정의학과 한방내과 한방부인과 한방소아과 한방안·이비인후·피부과 한방신경정신과 한방재활의학과 사상체질과 침구과,WOMEN_HEALTH,"인천광역시 부평구 부흥로 290, 2층 일부, 3층~8층 (부평동)",부평구,1533-1075,37.49835041,126.7237837,인천광역시 부평구 부흥로 290,인천 부평구 부흥로 290
참경희한의원,한의원,한방내과 한방부인과 한방소아과 한방안·이비인후·피부과 한방신경정신과 한방재활의학과 사상체질과 침구과,WOMEN_HEALTH,"인천광역시 부평구 마장로 314, 성수빌딩 4층 일부호 (산곡동)",부평구,032-521-5550,37.50603247,126.7036436,인천광역시 부평구 마장로 314,인천 부평구 마장로 314
참사랑한의원,한의원,침구과 사상체질과 한방재활의학과 한방신경정신과 한방안·이비인후·피부과 한방소아과 한방부인과 한방내과,WOMEN_HEALTH,"인천광역시 부평구 체육관로 32, 402호 (삼산동, 하이존)",부평구,032-511-1071,37.50828837,126.7351484,인천광역시 부평구 체육관로 32,인천 부평구 체육관로 32
청산한의원,한의원,한방내과 한방부인과 한방소아과 한방안·이비인후·피부과 한방신경정신과 한방재활의학과 사상체질과 침구과 한방응급과,WOMEN_HEALTH,인천광역시 부평구 마장로 385 (산곡동),부평구,032-525-0303,37.51257432,126.7036208,인천광역시 부평구 마장로 385,인천 부평구 마장로 385
청심한의원,한의원,한방내과 한방부인과 한방소아과 한방안·이비인후·피부과 한방신경정신과 한방재활의학과 사상체질과 침구과 한방응급과,WOMEN_HEALTH,인천광역시 부평구 장제로221번길 3 (부평동),부평구,032-501-1590,37.50521804,126.7308113,인천광역시 부평구 장제로221번길 3,인천 부평구 장제로221번길 3
청아한방병원,한방병원,침구과 사상체질과 한방재활의학과 한방신경정신과 한방안·이비인후·피부과 한방소아과 한방부인과 한방내과 가정의학과,WOMEN_HEALTH,"인천광역시 부평구 부평대로51번길 7, 제이·원 부평메디피아 201호, 501호, 601호, 701호 (부평동)",부평구,032-527-5999,37.49589475,126.7221432,인천광역시 부평구 부평대로51번길 7,인천 부평구 부평대로51번길 7
청천한의원,한의원,한방내과 한방부인과 한방소아과 한방안·이비인후·피부과 한방신경정신과 한방재활의학과 사상체질과 침구과 한방응급과,WOMEN_HEALTH,"인천광역시 부평구 세월천로 34, 303호 (청천동, 대우프라자)",부평구,032-507-3700,37.51326181,126.7056148,인천광역시 부평구 세월천로 34,인천 부평구 세월천로 34
큰나무한의원,한의원,한방내과 한방부인과 한방소아과 한방안·이비인후·피부과 한방신경정신과 한방재활의학과 사상체질과 침구과 한방응급과,WOMEN_HEALTH,"인천광역시 부평구 부흥로123번길 34 (산곡동, 3층)",부평구,032-527-0448,37.5000857,126.7056725,인천광역시 부평구 부흥로123번길 34,인천 부평구 부흥로123번길 34
토정한의원,한의원,한방내과 한방부인과 한방소아과 한방안·이비인후·피부과 한방신경정신과 한방재활의학과 사상체질과 침구과 한방응급과,WOMEN_HEALTH,인천광역시 부평구 충선로 165 (부개동),부평구,032-528-1075,37.50412957,126.7362959,인천광역시 부평구 충선로 165,인천 부평구 충선로 165
티아라의원,의원,내과 성형외과 산부인과 소아청소년과 피부과,WOMEN_HEALTH,인천광역시 부평구 부평대로 26 (부평동),부평구,032-508-7767,37.49374982,126.7232962,인천광역시 부평구 부평대로 26,인천 부평구 부평대로 26
파티마산부인과의원,의원,산부인과,WOMEN_HEALTH,인천광역시 부평구 평천로 337 (갈산동),부평구,032-511-7600,37.51810394,126.7277249,인천광역시 부평구 평천로 337,인천 부평구 평천로 337
푸른숲한의원,한의원,한방내과 한방부인과 한방소아과 한방안·이비인후·피부과 한방신경정신과 한방재활의학과 사상체질과 침구과 한방응급과,WOMEN_HEALTH,"인천광역시 부평구 부영로189번길 51, 304호 (산곡동, 오남프라자)",부평구,032-516-1375,37.50211844,126.7129151,인천광역시 부평구 부영로189번길 51,인천 부평구 부영로189번길 51
필산부인과의원,의원,산부인과 내과 외과 가정의학과 소아청소년과,WOMEN_HEALTH,인천광역시 부평구 부평대로 24 (부평동),부평구,032-528-0878,37.4935564,126.7233083,인천광역시 부평구 부평대로 24,인천 부평구 부평대로 24
하나로기경희한의원,한의원,한방내과 한방부인과 한방소아과 한방안·이비인후·피부과 한방신경정신과 한방재활의학과 사상체질과 침구과,WOMEN_HEALTH,"인천광역시 부평구 부평대로 166, 4층일부, 7층 (부평동, 원평빌딩)",부평구,032-508-3875,37.50614418,126.7215998,인천광역시 부평구 부평대로 166,인천 부평구 부평대로 166
하이큐영상의원,의원,내과 정형외과 산부인과 피부과 비뇨의학과 영상의학과 가정의학과,WOMEN_HEALTH,인천광역시 부평구 부평대로 301 (청천동),부평구,032-363-3292,37.5187406,126.7208602,인천광역시 부평구 부평대로 301,인천 부평구 부평대로 301
한양한의원,한의원,한방내과 한방부인과 한방소아과 한방안·이비인후·피부과 한방신경정신과 한방재활의학과 사상체질과 침구과 한방응급과,WOMEN_HEALTH,인천광역시 부평구 청중로 66 (청천동),부평구,032-522-6228,37.51727703,126.7046769,인천광역시 부평구 청중로 66,인천 부평구 청중로 66
해광한의원,한의원,한방내과 한방부인과 한방소아과 한방안·이비인후·피부과 한방신경정신과 한방재활의학과 사상체질과 침구과 한방응급과,WOMEN_HEALTH,인천광역시 부평구 주부토로 7 (부평동),부평구,032-524-9931,37.49637314,126.7234671,인천광역시 부평구 주부토로 7,인천 부평구 주부토로 7
해모수한의원,한의원,한방내과 한방부인과 한방소아과 한방안·이비인후·피부과 한방신경정신과 한방재활의학과 사상체질과 침구과 한방응급과,WOMEN_HEALTH,"인천광역시 부평구 배곶남로 13, 1층 (십정동)",부평구,032-423-8275,37.47200055,126.6956049,인천광역시 부평구 배곶남로 13,인천 부평구 배곶남로 13
현대경희한의원,한의원,한방내과 한방부인과 한방소아과 한방안·이비인후·피부과 한방신경정신과 한방재활의학과 사상체질과 침구과 한방응급과,WOMEN_HEALTH,인천광역시 부평구 경원대로 1246 (산곡동),부평구,032-501-2333,37.48793615,126.7090708,인천광역시 부평구 경원대로 1246,인천 부평구 경원대로 1246
화생당한의원,한의원,한방내과 한방안·이비인후·피부과 사상체질과 침구과 한방신경정신과 한방부인과 한방소아과 한방재활의학과,WOMEN_HEALTH,"인천광역시 부평구 길주로508번길 25, 2,3층 (청천동)",부평구,032-551-7582,37.50631721,126.7187218,인천광역시 부평구 길주로508번길 25,인천 부평구 길주로508번길 25
효성한의원,한의원,한방내과 한방소아과 한방부인과 한방신경정신과 한방안·이비인후·피부과 침구과,WOMEN_HEALTH,"인천광역시 부평구 경인로 858, 112호,113호 (부평동, 신성미소지움아파트상가)",부평구,032-330-3755,37.48372785,126.7155542,인천광역시 부평구 경인로 858,인천 부평구 경인로 858
휴의원,의원,내과 외과 소아청소년과 피부과 비뇨의학과 성형외과 정형외과 마취통증의학과 산부인과 가정의학과,WOMEN_HEALTH,"인천광역시 부평구 부평대로 21, 4층 401호 (부평동, 금남빌딩)",부평구,032-504-7553,37.49326606,126.7222914,인천광역시 부평구 부평대로 21,인천 부평구 부평대로 21
희성한의원,한의원,한방내과 한방부인과 한방소아과 한방안·이비인후·피부과 한방신경정신과 한방재활의학과 사상체질과 침구과,WOMEN_HEALTH,"인천광역시 부평구 부평대로 89, 2층 (부평동, 세정빌딩)",부평구,032-528-8875,37.49948178,126.7217424,인천광역시 부평구 부평대로 89,인천 부평구 부평대로 89
(의)성세의료재단 뉴성민병원,종합병원,응급의학과 가정의학과 재활의학과 진단검사의학과 영상의학과 비뇨의학과 소아청소년과 산부인과 마취통증의학과 성형외과 신경외과 정형외과 외과 신경과 내과,WOMEN_HEALTH,"인천광역시 서구 칠천왕로33번길 17 (석남동, 신석로 70(석남1동, 성민병원))",서구,032-726-1000,37.50918616,126.6697416,인천광역시 서구 칠천왕로33번길 17 ),인천 서구 칠천왕로33번길 17
365검단한의원,한의원,한방내과 한방부인과 한방소아과 한방안·이비인후·피부과 한방신경정신과 한방재활의학과 사상체질과 침구과,WOMEN_HEALTH,"인천광역시 서구 이음대로 479, CS메디칼프라자 4층 402호 (당하동)",서구,032-719-7177,37.58489846,126.7128682,인천광역시 서구 이음대로 479,인천 서구 이음대로 479
365경희사대한의원,한의원,한방내과 한방부인과 한방소아과 한방안·이비인후·피부과 한방신경정신과 한방재활의학과 사상체질과 침구과,WOMEN_HEALTH,"인천광역시 서구 고산후로 222, 푸리마더타워 401`403호 (불로동)",서구,070-4821-1330,37.60347712,126.6989132,인천광역시 서구 고산후로 222,인천 서구 고산후로 222
365바로한의원,한의원,한방내과 한방부인과 한방소아과 한방안·이비인후·피부과 한방신경정신과 한방재활의학과 침구과,WOMEN_HEALTH,"인천광역시 서구 고래울로 4, 3층 일부호 (가좌동)",서구,032-715-7789,37.48874185,126.6835247,인천광역시 서구 고래울로 4,인천 서구 고래울로 4
365스마일한의원,한의원,한방내과 한방부인과 한방소아과 한방안·이비인후·피부과 한방신경정신과 한방재활의학과 사상체질과 침구과 한방응급과,WOMEN_HEALTH,"인천광역시 서구 가경주로 46, 2층 (가정동)",서구,032-575-4600,37.51735895,126.67376,인천광역시 서구 가경주로 46,인천 서구 가경주로 46
365정성한의원,한의원,한방내과 한방부인과 한방소아과 한방안·이비인후·피부과 한방신경정신과 한방재활의학과 사상체질과 침구과,WOMEN_HEALTH,"인천광역시 서구 중봉대로612번길 10-17, 주차타워동 209호 (청라동)",서구,032-561-1785,37.53390206,126.6520343,인천광역시 서구 중봉대로612번길 10-17,인천 서구 중봉대로612번길 10-17
365채움한의원,한의원,한방내과 한방부인과 한방소아과 한방안·이비인후·피부과 한방신경정신과 한방재활의학과 사상체질과 침구과,WOMEN_HEALTH,"인천광역시 서구 가정로 375, 202,208호 (신현동, 금강아미움)",서구,032-575-1075,37.51847457,126.6726217,인천광역시 서구 가정로 375,인천 서구 가정로 375
가좌경희한의원,한의원,한방내과 한방부인과 한방소아과 한방안·이비인후·피부과 한방신경정신과 한방재활의학과 사상체질과 침구과,WOMEN_HEALTH,"인천광역시 서구 가정로 123, 2층 (가좌동)",서구,032-573-3075,37.49572063,126.6712739,인천광역시 서구 가정로 123,인천 서구 가정로 123
가좌고한의원,한의원,한방내과 한방부인과 한방소아과 한방안·이비인후·피부과 한방신경정신과 한방재활의학과 사상체질과 침구과,WOMEN_HEALTH,"인천광역시 서구 원적로 96, 2층 일부 (가좌동)",서구,032-724-9395,37.49476722,126.6825845,인천광역시 서구 원적로 96,인천 서구 원적로 96
가톨릭관동대학교국제성모병원,종합병원,통합치의학과 치주과 구강악안면외과 한방재활의학과 응급의학과 직업환경의학과 핵의학과 가정의학과 재활의학과 진단검사의학과 병리과 방사선종양학과 영상의학과 비뇨의학과 피부과 이비인후과 안과 소아청소년과 산부인과 마취통증의학과 성형외과 심장혈관흉부외과 신경외과 외과 정신건강의학과 신경과 내과,WOMEN_HEALTH,"인천광역시 서구 심곡로100번길 25 (심곡동, 인천국제성모병원)",서구,1600-8291,37.54234309,126.6835686,인천광역시 서구 심곡로100번길 25,인천 서구 심곡로100번길 25
강경하한의원,한의원,한방내과 한방부인과 한방소아과 한방안·이비인후·피부과 한방신경정신과 한방재활의학과 사상체질과 침구과,WOMEN_HEALTH,"인천광역시 서구 중봉대로 610, 마루힐프라자 203,204호 (청라동)",서구,032-715-7862,37.53388705,126.6502776,인천광역시 서구 중봉대로 610,인천 서구 중봉대로 610
강남산부인과의원,의원,산부인과,WOMEN_HEALTH,"인천광역시 서구 검단로 474, 405호, 406호 (왕길동, 뷰비스타운)",서구,032-569-3582,37.60164083,126.6571073,인천광역시 서구 검단로 474,인천 서구 검단로 474
강남한의원,한의원,한방부인과 한방내과 한방소아과 한방신경정신과 한방안·이비인후·피부과 침구과,WOMEN_HEALTH,인천광역시 서구 가정로 301 (석남동),서구,032-582-9493,37.51170721,126.6723502,인천광역시 서구 가정로 301,인천 서구 가정로 301
거북연합의원,의원,한방내과 한방안·이비인후·피부과 사상체질과 한방부인과 한방신경정신과 침구과 한방소아과 한방재활의학과 내과 소아청소년과 피부과 이비인후과,WOMEN_HEALTH,인천광역시 서구 가정로 204 (석남동),서구,032-577-3650,37.50297538,126.6722683,인천광역시 서구 가정로 204,인천 서구 가정로 204
거북한의원,한의원,한방내과 한방부인과 한방소아과 한방안·이비인후·피부과 한방신경정신과 한방재활의학과 사상체질과 침구과,WOMEN_HEALTH,인천광역시 서구 가정로 204 (석남동),서구,032-577-3650,37.50297538,126.6722683,인천광역시 서구 가정로 204,인천 서구 가정로 204
검단강함한방병원,한방병원,내과 한방내과 한방부인과 한방소아과 한방안·이비인후·피부과 한방신경정신과 한방재활의학과 사상체질과 침구과,WOMEN_HEALTH,"인천광역시 서구 발산로5번길 12, 인천검단 엔젤리움1차 윈팰리스 501~509호 (원당동)",서구,032-564-7878,37.59334205,126.7110793,인천광역시 서구 발산로5번길 12,인천 서구 발산로5번길 12
검단경희한의원,한의원,한방내과 한방부인과 한방소아과 한방안·이비인후·피부과 한방신경정신과 한방재활의학과 침구과,WOMEN_HEALTH,"인천광역시 서구 이음5로 36, 더원타워 주건축물제1동 3층 306~308호 (원당동)",서구,032-719-8375,37.59391728,126.7118689,인천광역시 서구 이음5로 36,인천 서구 이음5로 36
검단나은의원,의원,내과 외과 산부인과 소아청소년과 진단검사의학과 응급의학과,WOMEN_HEALTH,"인천광역시 서구 검단로 508, 3층 (마전동, 이지준프라자)",서구,032-590-5700,37.60293638,126.6606683,인천광역시 서구 검단로 508,인천 서구 검단로 508
검단매일한의원,한의원,침구과 사상체질과 한방재활의학과 한방신경정신과 한방안·이비인후·피부과 한방소아과 한방부인과 한방내과,WOMEN_HEALTH,"인천광역시 서구 이음5로 80, 검단퍼스트 401,402호 (원당동)",서구,032-565-3650,37.5952563,126.7163203,인천광역시 서구 이음5로 80,인천 서구 이음5로 80
검단서울여성의원,의원,성형외과 산부인과 소아청소년과 피부과 가정의학과,WOMEN_HEALTH,"인천광역시 서구 원당대로 664, 창신프라자 5층 501-1호 (당하동)",서구,032-566-1992,37.59331901,126.6749936,인천광역시 서구 원당대로 664,인천 서구 원당대로 664
검단성모산부인과의원,의원,산부인과,WOMEN_HEALTH,"인천광역시 서구 이음대로 378, 로뎀타워 4층 408,409호 (원당동)",서구,032-561-2070,37.59391923,126.7125959,인천광역시 서구 이음대로 378,인천 서구 이음대로 378
검단스마일한방병원,한방병원,침구과 사상체질과 한방재활의학과 한방신경정신과 한방안·이비인후·피부과 한방소아과 한방부인과 한방내과 가정의학과 재활의학과 피부과 이비인후과 소아청소년과 신경외과 정형외과 내과,WOMEN_HEALTH,"인천광역시 서구 완정로 55, 광진빌딩 2,3,4,5층 (마전동)",서구,032-569-8088,37.59664024,126.668164,인천광역시 서구 완정로 55,인천 서구 완정로 55
검단아라산부인과의원,의원,산부인과,WOMEN_HEALTH,"인천광역시 서구 이음대로 392, 메트로시티 5층 512~515호 (원당동)",서구,032-569-7575,37.59260734,126.7127256,인천광역시 서구 이음대로 392,인천 서구 이음대로 392
검단이음한의원,한의원,한방내과 한방부인과 한방소아과 한방안·이비인후·피부과 한방신경정신과 한방재활의학과 사상체질과 침구과,WOMEN_HEALTH,"인천광역시 서구 서로3로 112, 3층 301,302호 (당하동)",서구,032-710-1561,37.58967293,126.7077052,인천광역시 서구 서로3로 112,인천 서구 서로3로 112
검단탑병원,종합병원,구강악안면외과 응급의학과 직업환경의학과 가정의학과 진단검사의학과 영상의학과 비뇨의학과 이비인후과 소아청소년과 산부인과 마취통증의학과 심장혈관흉부외과 신경외과 정형외과 외과 정신건강의학과 신경과 내과,WOMEN_HEALTH,인천광역시 서구 청마로19번길 5 (당하동),서구,032-590-0114,37.59262439,126.6707157,인천광역시 서구 청마로19번길 5,인천 서구 청마로19번길 5
검단튼튼한의원,한의원,한방내과 한방부인과 한방소아과 한방안·이비인후·피부과 한방신경정신과 한방재활의학과 사상체질과 침구과,WOMEN_HEALTH,"인천광역시 서구 고산후로 285, 현해타워2 301~302호 (불로동)",서구,032-568-7988,37.60922523,126.6982762,인천광역시 서구 고산후로 285,인천 서구 고산후로 285
검단한의원,한의원,한방내과 한방부인과 한방소아과 한방신경정신과 침구과,WOMEN_HEALTH,인천광역시 서구 완정로 179 (왕길동),서구,032-563-0544,37.60227972,126.6565195,인천광역시 서구 완정로 179,인천 서구 완정로 179
검암세동한의원,한의원,한방내과 한방부인과 한방소아과 한방안·이비인후·피부과 한방신경정신과 한방재활의학과 사상체질과 침구과,WOMEN_HEALTH,"인천광역시 서구 승학로 498, 205호 (검암동, 서해프라자)",서구,032-568-7533,37.56517919,126.6749599,인천광역시 서구 승학로 498,인천 서구 승학로 498
검암우리손내과의원,의원,비뇨의학과 피부과 이비인후과 안과 소아청소년과 산부인과 신경외과 정형외과 외과 정신건강의학과 신경과 내과,WOMEN_HEALTH,"인천광역시 서구 승학로 498, 서해프라자 301~304호 (검암동)",서구,032-561-7075,37.56517919,126.6749599,인천광역시 서구 승학로 498,인천 서구 승학로 498
검암중앙의원,의원,내과 이비인후과 소아청소년과 피부과 비뇨의학과 정형외과 산부인과,WOMEN_HEALTH,"인천광역시 서구 승학로 577, 305,306호 (검암동, 장은프라자)",서구,032-566-5542,37.56739667,126.6832306,인천광역시 서구 승학로 577,인천 서구 승학로 577
경서한의원,한의원,침구과 사상체질과 한방재활의학과 한방신경정신과 한방안·이비인후·피부과 한방소아과 한방부인과 한방내과,WOMEN_HEALTH,"인천광역시 서구 도요지로 21, 202호 (경서동)",서구,032-564-8801,37.55921779,126.652751,인천광역시 서구 도요지로 21,인천 서구 도요지로 21
경희다정한의원,한의원,한방내과 한방부인과 한방소아과 한방안·이비인후·피부과 한방신경정신과 한방재활의학과 사상체질과 침구과 한방응급과,WOMEN_HEALTH,"인천광역시 서구 봉화로 51, 102호 (오류동, 송화빌딩)",서구,032-565-2388,37.59792789,126.6371647,인천광역시 서구 봉화로 51,인천 서구 봉화로 51
경희동서한의원,한의원,사상체질과 한방안·이비인후·피부과 한방내과 한방부인과 한방신경정신과 한방재활의학과 한방소아과 침구과,WOMEN_HEALTH,"인천광역시 서구 완정로 187, 201호 (왕길동, 마전메디칼센터)",서구,032-565-7572,37.60254102,126.655626,인천광역시 서구 완정로 187,인천 서구 완정로 187
경희명한의원,한의원,한방내과 한방부인과 한방소아과 한방안·이비인후·피부과 한방신경정신과 한방재활의학과 사상체질과 침구과,WOMEN_HEALTH,인천광역시 서구 푸른로 3 (청라동),서구,032-564-8123,37.52530039,126.629772,인천광역시 서구 푸른로 3,인천 서구 푸른로 3
경희봉한의원,한의원,한방내과 한방안·이비인후·피부과 사상체질과 한방부인과 한방신경정신과 침구과 한방소아과 한방재활의학과,WOMEN_HEALTH,인천광역시 서구 가정로 372 (가정동),서구,032-575-3123,37.51814068,126.6732168,인천광역시 서구 가정로 372,인천 서구 가정로 372
경희약손한의원,한의원,한방내과 한방안·이비인후·피부과 사상체질과 한방부인과 한방신경정신과 침구과 한방소아과 한방재활의학과,WOMEN_HEALTH,인천광역시 서구 가정로 297 (석남동),서구,032-574-7575,37.51154761,126.6722385,인천광역시 서구 가정로 297,인천 서구 가정로 297
경희율도한의원,한의원,한방내과 한방부인과 한방소아과 한방신경정신과 한방안·이비인후·피부과 침구과,WOMEN_HEALTH,"인천광역시 서구 율도로 33, 2층 (신현동)",서구,032-212-1075,37.51388763,126.6658524,인천광역시 서구 율도로 33,인천 서구 율도로 33
경희좋은인상한의원,한의원,한방내과 한방부인과 한방소아과 한방안·이비인후·피부과 한방신경정신과 한방재활의학과 사상체질과 침구과,WOMEN_HEALTH,"인천광역시 서구 원당대로 1035, 라페온2차 308호 (원당동)",서구,032-566-0583,37.59357442,126.7158722,인천광역시 서구 원당대로 1035,인천 서구 원당대로 1035
경희참조은한의원,한의원,침구과 사상체질과 한방재활의학과 한방신경정신과 한방안·이비인후·피부과 한방소아과 한방부인과 한방내과,WOMEN_HEALTH,"인천광역시 서구 서곶로 277, 동우 리스웰 (심곡동)",서구,032-565-8588,37.54229608,126.6763924,인천광역시 서구 서곶로 277,인천 서구 서곶로 277
경희척한의원,한의원,침구과 사상체질과 한방재활의학과 한방신경정신과 한방안·이비인후·피부과 한방소아과 한방부인과 한방내과,WOMEN_HEALTH,"인천광역시 서구 완정로 18, 한윤메디칼 203호 일부호 (마전동)",서구,032-561-7581,37.5951079,126.6722136,인천광역시 서구 완정로 18,인천 서구 완정로 18
경희태림한의원,한의원,한방내과 한방부인과 한방소아과 한방안·이비인후·피부과 한방신경정신과 침구과,WOMEN_HEALTH,"인천광역시 서구 염곡로498번안길 16-1, 퍼스트프라자 201호 (가정동)",서구,032-710-5071,37.52763622,126.6697854,인천광역시 서구 염곡로498번안길 16-1,인천 서구 염곡로498번안길 16-1
경희형제한의원,한의원,사상체질과 한방안·이비인후·피부과 한방내과 침구과 한방신경정신과 한방부인과 한방소아과 한방재활의학과,WOMEN_HEALTH,인천광역시 서구 심곡로 136 (심곡동),서구,032-566-5507,37.54497427,126.6820583,인천광역시 서구 심곡로 136,인천 서구 심곡로 136
고운의원,의원,내과 피부과 산부인과 비뇨의학과,WOMEN_HEALTH,"인천광역시 서구 거북로 98, 3층 (석남동)",서구,032-578-2800,37.50296441,126.6726339,인천광역시 서구 거북로 98,인천 서구 거북로 98
국제한의원,한의원,한방재활의학과 한방소아과 한방부인과 한방신경정신과 침구과 사상체질과 한방안·이비인후·피부과 한방내과,WOMEN_HEALTH,"인천광역시 서구 서곶로 336, 2층 (연희동)",서구,032-562-3927,37.54741622,126.677335,인천광역시 서구 서곶로 336,인천 서구 서곶로 336
굿모닝한의원,한의원,한방내과 한방부인과 한방소아과 한방안·이비인후·피부과 한방신경정신과 한방재활의학과 사상체질과 침구과,WOMEN_HEALTH,"인천광역시 서구 검단로 474, 301호 (왕길동, 뷰비스타운)",서구,032-569-5693,37.60164083,126.6571073,인천광역시 서구 검단로 474,인천 서구 검단로 474
권창규소아청소년과의원,의원,소아청소년과,WOMEN_HEALTH,"인천광역시 서구 청마로19번길 20, 202호 (당하동, 검단서울여성병원빌딩)",서구,032-568-1475,37.59208355,126.6726666,인천광역시 서구 청마로19번길 20,인천 서구 청마로19번길 20
규림한의원,한의원,한방내과 한방안·이비인후·피부과 사상체질과 한방부인과 한방신경정신과 침구과 한방소아과 한방재활의학과,WOMEN_HEALTH,"인천광역시 서구 원당대로 660, 3층 302호 (당하동, 영프라자)",서구,032-569-1075,37.59328881,126.6742976,인천광역시 서구 원당대로 660,인천 서구 원당대로 660
그린산부인과의원,의원,내과 산부인과 소아청소년과 영상의학과 외과,WOMEN_HEALTH,인천광역시 서구 건지로 371 (가좌동),서구,032-574-3535,37.49694895,126.6831355,인천광역시 서구 건지로 371,인천 서구 건지로 371
금산부인과의원,의원,산부인과,WOMEN_HEALTH,인천광역시 서구 승학로 528 (검암동),서구,032-569-0880,37.5656444,126.6783574,인천광역시 서구 승학로 528,인천 서구 승학로 528
김성진한의원,한의원,한방내과 한방부인과 한방소아과 한방안·이비인후·피부과 한방신경정신과 한방재활의학과 사상체질과 침구과,WOMEN_HEALTH,인천광역시 서구 가정로 199 (석남동),서구,032-573-0114,37.50247427,126.6718539,인천광역시 서구 가정로 199,인천 서구 가정로 199
김승연산부인과의원,의원,소아청소년과 산부인과 내과 외과 비뇨의학과 피부과,WOMEN_HEALTH,"인천광역시 서구 서곶로 355, 3층 (연희동, 한터빌딩)",서구,032-563-1251,37.54929243,126.676733,인천광역시 서구 서곶로 355,인천 서구 서곶로 355
나라여성의원,의원,산부인과,WOMEN_HEALTH,"인천광역시 서구 가정로 451, 벨라미센텀시티 935~941호 (가정동)",서구,032-565-9001,37.52552632,126.6729771,인천광역시 서구 가정로 451,인천 서구 가정로 451
나아라한의원,한의원,한방내과 한방부인과 한방소아과 한방안·이비인후·피부과 한방신경정신과 한방재활의학과 사상체질과 침구과,WOMEN_HEALTH,"인천광역시 서구 이음5로 24, 검단 쓰리엠타워 2층 206호 (원당동)",서구,032-561-1105,37.59375864,126.7104437,인천광역시 서구 이음5로 24,인천 서구 이음5로 24
나움병원,병원,"산부인과, 가정의학과",WOMEN_HEALTH,"인천광역시 서구 청라에메랄드로 99, 5층(501~503호)(청라동, 지제엠청라)",서구,032-1833-9903,37.53360493,126.6557308,인천광역시 서구 청라에메랄드로 99,인천 서구 청라에메랄드로 99
나움병원,병원,가정의학과 산부인과,WOMEN_HEALTH,"인천광역시 서구 청라에메랄드로 99, 지젤엠청라 A동 5층 (청라동)",서구,032-1833-9903,37.53360493,126.6557308,인천광역시 서구 청라에메랄드로 99,인천 서구 청라에메랄드로 99
뉴서울여성의원,의원,가정의학과 피부과 산부인과 내과,WOMEN_HEALTH,"인천광역시 서구 청마로19번길 20, 금진빌딩 3층 (당하동)",서구,032-721-5942,37.59208355,126.6726666,인천광역시 서구 청마로19번길 20,인천 서구 청마로19번길 20
늘빛날한의원,한의원,한방내과 한방부인과 한방소아과 한방안·이비인후·피부과 한방신경정신과 한방재활의학과 사상체질과 침구과,WOMEN_HEALTH,"인천광역시 서구 완정로 198 (마전동, 2층)",서구,032-565-1275,37.60325252,126.6545762,인천광역시 서구 완정로 198,인천 서구 완정로 198
다나음한의원,한의원,한방내과 한방부인과 한방소아과 한방안·이비인후·피부과 한방신경정신과 한방재활의학과 사상체질과 침구과,WOMEN_HEALTH,"인천광역시 서구 이음대로 392, 메트로시티 4층 410~411호 (원당동)",서구,032-569-7770,37.59260734,126.7127256,인천광역시 서구 이음대로 392,인천 서구 이음대로 392
다사랑한의원,한의원,한방내과 한방부인과 한방소아과 한방안·이비인후·피부과 한방신경정신과 한방재활의학과 사상체질과 침구과,WOMEN_HEALTH,"인천광역시 서구 신진말로 26, 2층 (가좌동)",서구,032-573-1075,37.49293874,126.6784919,인천광역시 서구 신진말로 26,인천 서구 신진말로 26
단비한의원,한의원,한방내과 한방부인과 한방소아과 한방안·이비인후·피부과 한방신경정신과 한방재활의학과 사상체질과 침구과,WOMEN_HEALTH,"인천광역시 서구 청라한내로 90, MK 뷰 601~605호 (청라동)",서구,032-561-1075,37.53333233,126.6279096,인천광역시 서구 청라한내로 90,인천 서구 청라한내로 90
대가침한의원,한의원,침구과 사상체질과 한방재활의학과 한방신경정신과 한방안·이비인후·피부과 한방소아과 한방부인과 한방내과,WOMEN_HEALTH,"인천광역시 서구 가정로 398, 서해 프라자 3층 301호 (가정동)",서구,032-710-7592,37.52039328,126.6733177,인천광역시 서구 가정로 398,인천 서구 가정로 398
대림한의원,한의원,한방부인과 침구과 한방내과 한방안·이비인후·피부과 사상체질과 한방신경정신과 한방재활의학과 한방소아과,WOMEN_HEALTH,"인천광역시 서구 검단로 842, 월드불로마트 205호 (불로동)",서구,032-561-8275,37.6186272,126.6908983,인천광역시 서구 검단로 842,인천 서구 검단로 842
더가자한의원,한의원,한방내과 한방부인과 한방소아과 한방안·이비인후·피부과 한방재활의학과 침구과,WOMEN_HEALTH,"인천광역시 서구 이음대로 392, 메트로시티 3층 310~312호 (원당동)",서구,032-563-2306,37.59260734,126.7127256,인천광역시 서구 이음대로 392,인천 서구 이음대로 392
더나아산부인과의원,의원,피부과 소아청소년과 산부인과 외과 내과,WOMEN_HEALTH,"인천광역시 서구 검단로 480, 검단리치웰프라자 504호일부, 505~509호 (왕길동)",서구,032-567-5732,37.60180033,126.6576121,인천광역시 서구 검단로 480,인천 서구 검단로 480
덕인한의원,한의원,한방내과 한방부인과 한방소아과 한방안·이비인후·피부과 사상체질과 침구과,WOMEN_HEALTH,"인천광역시 서구 중봉대로 588, 306호 (청라동, 센트럴프라자)",서구,032-554-7521,37.53204769,126.6502563,인천광역시 서구 중봉대로 588,인천 서구 중봉대로 588
도담도담한의원,한의원,한방내과 한방안·이비인후·피부과 사상체질과 침구과 한방신경정신과 한방부인과 한방소아과 한방재활의학과,WOMEN_HEALTH,"인천광역시 서구 승학로 491, 202,203호 (검암동, 고산프라자)",서구,032-562-1075,37.56548703,126.6740339,인천광역시 서구 승학로 491,인천 서구 승학로 491
도앤다한의원,한의원,한방내과 한방부인과 한방소아과 한방안·이비인후·피부과 한방신경정신과 한방재활의학과 사상체질과 침구과,WOMEN_HEALTH,"인천광역시 서구 청마로167번길 16, 당하프라자 201, 202, 204호 (당하동)",서구,032-721-5556,37.59258359,126.6749801,인천광역시 서구 청마로167번길 16,인천 서구 청마로167번길 16
도원한의원,한의원,침구과 사상체질과 한방재활의학과 한방신경정신과 한방안·이비인후·피부과 한방소아과 한방부인과 한방내과,WOMEN_HEALTH,"인천광역시 서구 청라커낼로 264, 406호 (경서동, 청라두손중앙프라자)",서구,032-564-5640,37.5320815,126.6449785,인천광역시 서구 청라커낼로 264,인천 서구 청라커낼로 264
동화한의원,한의원,한방내과 한방부인과 한방소아과 한방안·이비인후·피부과 한방신경정신과 한방재활의학과 사상체질과 침구과,WOMEN_HEALTH,"인천광역시 서구 원적로 78, 203,204호 (가좌동, 라이프쇼핑센타)",서구,032-577-1775,37.49332341,126.6819323,인천광역시 서구 원적로 78,인천 서구 원적로 78
두일한의원,한의원,한방내과 한방안·이비인후·피부과 사상체질과 침구과 한방신경정신과 한방부인과 한방소아과 한방재활의학과 한방응급과,WOMEN_HEALTH,"인천광역시 서구 승학로 577, 301호 (검암동, 장은프라자)",서구,032-568-2175,37.56739667,126.6832306,인천광역시 서구 승학로 577,인천 서구 승학로 577
둘리한의원,한의원,한방내과 한방안·이비인후·피부과 사상체질과 침구과 한방신경정신과 한방부인과 한방소아과 한방재활의학과,WOMEN_HEALTH,"인천광역시 서구 검단로768번길 10, 401호 (불로동, 창성프라자)",서구,032-563-0095,37.61307736,126.6863397,인천광역시 서구 검단로768번길 10,인천 서구 검단로768번길 10
뜰한의원,한의원,한방내과 한방부인과 한방소아과 한방안·이비인후·피부과 한방신경정신과 한방재활의학과 사상체질과 침구과,WOMEN_HEALTH,"인천광역시 서구 청라커낼로288번길 10, 더스페이스타워 4층 406호 (청라동)",서구,032-710-1472,37.53385602,126.6455826,인천광역시 서구 청라커낼로288번길 10,인천 서구 청라커낼로288번길 10
루원365한의원,한의원,한방내과 한방부인과 한방소아과 한방안·이비인후·피부과 한방신경정신과 한방재활의학과 사상체질과 침구과,WOMEN_HEALTH,"인천광역시 서구 염곡로464번길 15, 301,302,310,311,605~609호 (가정동)",서구,1877-4975,37.52636703,126.6710931,인천광역시 서구 염곡로464번길 15,인천 서구 염곡로464번길 15
루원경희한의원,한의원,한방내과 한방안·이비인후·피부과 사상체질과 침구과 한방신경정신과 한방부인과 한방소아과 한방재활의학과,WOMEN_HEALTH,"인천광역시 서구 가정로 406, A동 311호 (가정동, 루원지웰시티푸르지오)",서구,032-571-0365,37.52146299,126.6739523,인천광역시 서구 가정로 406,인천 서구 가정로 406
루원봄한의원,한의원,한방내과 한방부인과 한방소아과 한방안·이비인후·피부과 한방신경정신과 한방재활의학과 사상체질과 침구과,WOMEN_HEALTH,"인천광역시 서구 봉오대로 255, 루원 눈담봄 3층 301,302호 (가정동)",서구,032-721-5375,37.52514143,126.6779014,인천광역시 서구 봉오대로 255,인천 서구 봉오대로 255
루원시티원당한의원,한의원,한방내과 한방부인과 한방소아과 한방안·이비인후·피부과 한방신경정신과 한방재활의학과 사상체질과 침구과,WOMEN_HEALTH,"인천광역시 서구 봉오재3로 90, 한일골드타워 302,303호 (가정동)",서구,032-710-5175,37.52719445,126.6697465,인천광역시 서구 봉오재3로 90,인천 서구 봉오재3로 90
마리아산부인과의원,의원,소아청소년과 산부인과,WOMEN_HEALTH,인천광역시 서구 가정로 358 (가정동),서구,032-575-8870,37.51671968,126.6731404,인천광역시 서구 가정로 358,인천 서구 가정로 358
명가한의원,한의원,한방내과 한방부인과 한방소아과 한방안·이비인후·피부과 한방신경정신과 한방재활의학과 사상체질과 침구과,WOMEN_HEALTH,"인천광역시 서구 서달로149번길 12-11, 2층 (석남동)",서구,032-575-7557,37.51308791,126.6773602,인천광역시 서구 서달로149번길 12-11,인천 서구 서달로149번길 12-11
명장한방병원,한방병원,내과 정형외과 소아청소년과 이비인후과 피부과 재활의학과 한방내과 한방부인과 한방소아과 한방안·이비인후·피부과 한방신경정신과 한방재활의학과 사상체질과 침구과,WOMEN_HEALTH,"인천광역시 서구 청마로 175, 3,4,5층 (당하동, 뉴욕프라자)",서구,032-569-5858,37.59287661,126.6764276,인천광역시 서구 청마로 175,인천 서구 청마로 175
민경준한의원,한의원,한방내과 한방안·이비인후·피부과 사상체질과 침구과 한방신경정신과 한방부인과 한방소아과 한방재활의학과,WOMEN_HEALTH,인천광역시 서구 검단로502번길 1 (마전동),서구,032-566-0068,37.60272948,126.6599675,인천광역시 서구 검단로502번길 1,인천 서구 검단로502번길 1
믿을신한의원,한의원,한방내과 한방부인과 한방소아과 한방안·이비인후·피부과 침구과,WOMEN_HEALTH,"인천광역시 서구 장고개로337번길 16, 가좌한신 휴아파트 상가 401동 307호 (가좌동)",서구,032-571-2330,37.49314201,126.6853545,인천광역시 서구 장고개로337번길 16,인천 서구 장고개로337번길 16
바르다경희한의원,한의원,한방내과 한방부인과 한방소아과 한방신경정신과 침구과,WOMEN_HEALTH,인천광역시 서구 가정로 382 (가정동),서구,032-572-9521,37.51891812,126.6733669,인천광역시 서구 가정로 382,인천 서구 가정로 382
바른맥한의원,한의원,한방내과 한방부인과 한방소아과 한방안·이비인후·피부과 한방신경정신과 한방재활의학과 사상체질과 침구과,WOMEN_HEALTH,"인천광역시 서구 원당대로 860, 304호 (당하동, 보람프라자)",서구,032-564-8266,37.59328217,126.6968709,인천광역시 서구 원당대로 860,인천 서구 원당대로 860
베드로의원,의원,내과 외과 산부인과,WOMEN_HEALTH,인천광역시 서구 원적로 77 (가좌동),서구,032-571-9018,37.49386387,126.6807775,인천광역시 서구 원적로 77,인천 서구 원적로 77
병인한의원,한의원,한방내과 한방안·이비인후·피부과 사상체질과 한방부인과 한방신경정신과 침구과 한방재활의학과 한방소아과,WOMEN_HEALTH,인천광역시 서구 완정로 35 (마전동),서구,032-565-7582,37.59557841,126.6700535,인천광역시 서구 완정로 35,인천 서구 완정로 35
보아스이비인후과의원,의원,내과 신경과 정신건강의학과 정형외과 신경외과 산부인과 소아청소년과 피부과 이비인후과,WOMEN_HEALTH,"인천광역시 서구 승학로 497, 204호 (검암동, 검암프라자)",서구,032-563-2297,37.56558542,126.6749819,인천광역시 서구 승학로 497,인천 서구 승학로 497
보원한의원,한의원,한방내과 한방안·이비인후·피부과 한방부인과 한방소아과 한방신경정신과 침구과,WOMEN_HEALTH,인천광역시 서구 염곡로 322 (석남동),서구,032-583-7575,37.51329834,126.6687832,인천광역시 서구 염곡로 322,인천 서구 염곡로 322
본아루한의원,한의원,한방내과 한방부인과 한방소아과 한방안·이비인후·피부과 한방신경정신과 한방재활의학과 사상체질과 침구과,WOMEN_HEALTH,"인천광역시 서구 가정로 437, 301동 112호 (가정동)",서구,032-710-5967,37.52425246,126.6701177,인천광역시 서구 가정로 437,인천 서구 가정로 437
봄날한의원,한의원,한방내과 한방부인과 한방소아과 한방안·이비인후·피부과 한방신경정신과 한방재활의학과 사상체질과 침구과 한방응급과,WOMEN_HEALTH,"인천광역시 서구 청라라임로 51, 청라 에일린의뜰 210호 (청라동)",서구,032-564-8875,37.53214039,126.65291,인천광역시 서구 청라라임로 51,인천 서구 청라라임로 51
봄한의원,한의원,한방내과 한방부인과 한방소아과 한방안·이비인후·피부과 한방신경정신과 한방재활의학과 사상체질과 침구과,WOMEN_HEALTH,인천광역시 서구 청마로167번길 8 (당하동),서구,032-565-5975,37.59254841,126.6759165,인천광역시 서구 청마로167번길 8,인천 서구 청마로167번길 8
부인당한의원,한의원,한방재활의학과 한방소아과 한방부인과 한방신경정신과 침구과 사상체질과 한방안·이비인후·피부과 한방내과,WOMEN_HEALTH,인천광역시 서구 원적로 85 (가좌동),서구,032-582-1075,37.49456898,126.6814058,인천광역시 서구 원적로 85,인천 서구 원적로 85
사랑이꽃피는한의원,한의원,침구과 한방재활의학과 한방신경정신과 한방안·이비인후·피부과 한방소아과 한방부인과 한방내과,WOMEN_HEALTH,"인천광역시 서구 청라커낼로 280, 304,305호 (청라동)",서구,032-555-1199,37.53340767,126.6449479,인천광역시 서구 청라커낼로 280,인천 서구 청라커낼로 280
삼성플러스유외과의원,의원,응급의학과 가정의학과 영상의학과 비뇨의학과 피부과 이비인후과 산부인과 성형외과 심장혈관흉부외과 정형외과 외과 내과,WOMEN_HEALTH,"인천광역시 서구 이음대로 388, ABM타워 6층 601~607호 (원당동)",서구,032-265-6075,37.59310919,126.7126889,인천광역시 서구 이음대로 388,인천 서구 이음대로 388
새빛튼튼의원,의원,예방의학과 응급의학과 직업환경의학과 가정의학과 결핵과 재활의학과 진단검사의학과 병리과 방사선종양학과 영상의학과 비뇨의학과 피부과 이비인후과 안과 소아청소년과 산부인과 마취통증의학과 성형외과 심장혈관흉부외과 신경외과 정형외과 외과 정신건강의학과 신경과 내과,WOMEN_HEALTH,"인천광역시 서구 고산후로95번길 20, 힘찬프라자 301,302호 (당하동)",서구,032-561-8915,37.59264453,126.6967252,인천광역시 서구 고산후로95번길 20,인천 서구 고산후로95번길 20
샤인산부인과의원,의원,산부인과,WOMEN_HEALTH,"인천광역시 서구 고산후로 222, 푸리마더타워 301~304호 (불로동)",서구,032-713-9972,37.60347712,126.6989132,인천광역시 서구 고산후로 222,인천 서구 고산후로 222
서곶한의원,한의원,한방내과 한방안·이비인후·피부과 사상체질과 침구과 한방신경정신과 한방부인과 한방소아과 한방재활의학과,WOMEN_HEALTH,"인천광역시 서구 승학로 574, 3층 303호 (검암동, 현우프라자)",서구,032-568-7755,37.56666087,126.6832444,인천광역시 서구 승학로 574,인천 서구 승학로 574
서인천한방병원,한방병원,내과 소아청소년과 이비인후과 피부과 재활의학과 가정의학과 한방내과 한방부인과 한방소아과 한방안·이비인후·피부과 한방신경정신과 한방재활의학과 사상체질과 침구과,WOMEN_HEALTH,"인천광역시 서구 염곡로464번길 7, 성도메디피아 6~8층 (가정동)",서구,032-521-7582,37.526432,126.6701587,인천광역시 서구 염곡로464번길 7,인천 서구 염곡로464번길 7
성신한의원,한의원,한방내과 한방부인과,WOMEN_HEALTH,인천광역시 서구 가정로 202 (석남동),서구,032-571-4050,37.50276305,126.6722784,인천광역시 서구 가정로 202,인천 서구 가정로 202
성현한의원,한의원,침구과 한방부인과 한방신경정신과 사상체질과 한방안·이비인후·피부과 한방내과 한방재활의학과 한방소아과,WOMEN_HEALTH,인천광역시 서구 장고개로287번길 1 (가좌동),서구,032-576-7585,37.48921749,126.6833247,인천광역시 서구 장고개로287번길 1,인천 서구 장고개로287번길 1
세종한의원,한의원,한방재활의학과 한방소아과 한방부인과 한방신경정신과 침구과 사상체질과 한방안·이비인후·피부과 한방내과,WOMEN_HEALTH,"인천광역시 서구 가정로 375, 305호 (신현동, 금강아미움)",서구,032-572-0362,37.51847457,126.6726217,인천광역시 서구 가정로 375,인천 서구 가정로 375
세중한의원 국제도시점,한의원,한방내과 한방부인과 한방소아과 한방안·이비인후·피부과 한방신경정신과 한방재활의학과 사상체질과 침구과,WOMEN_HEALTH,"인천광역시 서구 크리스탈로74번길 31, 401, 402호 (경서동, 월드프라자)",서구,032-561-5675,37.53200195,126.6401291,인천광역시 서구 크리스탈로74번길 31,인천 서구 크리스탈로74번길 31
세중한의원 청라점,한의원,한방내과 한방부인과 한방소아과 한방안·이비인후·피부과 한방신경정신과 한방재활의학과 사상체질과 침구과,WOMEN_HEALTH,"인천광역시 서구 청라커낼로260번길 27, 청라한신더휴커낼웨이 246호 (청라동)",서구,032-567-3308,37.53238773,126.6470454,인천광역시 서구 청라커낼로260번길 27,인천 서구 청라커낼로260번길 27
소나무한의원,한의원,한방내과 한방부인과 한방소아과 한방안·이비인후·피부과 한방신경정신과 한방재활의학과 사상체질과 침구과 한방응급과,WOMEN_HEALTH,"인천광역시 서구 청중로 486, 부일프라자 202,203호 (가정동)",서구,032-575-9001,37.52971145,126.6653204,인천광역시 서구 청중로 486,인천 서구 청중로 486
소통부부한의원,한의원,한방내과 한방부인과 한방소아과 한방안·이비인후·피부과 한방신경정신과 한방재활의학과 사상체질과 침구과 한방응급과,WOMEN_HEALTH,"인천광역시 서구 청라라임로 65, 라임타워 404,405,806,901호 (청라동)",서구,032-568-3375,37.53352302,126.6530173,인천광역시 서구 청라라임로 65,인천 서구 청라라임로 65
수한의원,한의원,한방내과 한방부인과 한방소아과 한방안·이비인후·피부과 한방신경정신과 한방재활의학과 사상체질과 침구과,WOMEN_HEALTH,"인천광역시 서구 청마로 163, 2층 (당하동)",서구,032-561-8525,37.5919895,126.6765952,인천광역시 서구 청마로 163,인천 서구 청마로 163
신농씨한의원,한의원,한방내과 한방부인과 한방소아과 한방안·이비인후·피부과 한방신경정신과 한방재활의학과 사상체질과 침구과,WOMEN_HEALTH,"인천광역시 서구 청라라임로 71, 진영메디피아 505호 (청라동)",서구,032-568-1075,37.53394669,126.6529015,인천광역시 서구 청라라임로 71,인천 서구 청라라임로 71
신현한의원,한의원,한방내과 한방부인과 한방소아과 한방재활의학과 침구과,WOMEN_HEALTH,인천광역시 서구 가정로 370 (가정동),서구,032-573-7555,37.51779814,126.673189,인천광역시 서구 가정로 370,인천 서구 가정로 370
아라365한의원,한의원,한방내과 한방부인과 한방소아과 한방안·이비인후·피부과 한방신경정신과 한방재활의학과 사상체질과 침구과,WOMEN_HEALTH,"인천광역시 서구 이음5로 60, JS프라자 (원당동)",서구,032-204-1075,37.59430587,126.7144644,인천광역시 서구 이음5로 60,인천 서구 이음5로 60
아라서울여성의원,의원,내과 마취통증의학과 산부인과 가정의학과,WOMEN_HEALTH,"인천광역시 서구 원당대로 1045, 금호헤리티지7 4층 401~403호 (원당동)",서구,032-721-7633,37.59400233,126.7167439,인천광역시 서구 원당대로 1045,인천 서구 원당대로 1045
아산큰내과의원,의원,가정의학과 이비인후과 산부인과 정형외과 신경과 내과,WOMEN_HEALTH,"인천광역시 서구 검단로 469, 4~5층 (왕길동)",서구,032-563-2770,37.60192894,126.6565728,인천광역시 서구 검단로 469,인천 서구 검단로 469
안산한의원,한의원,한방내과 한방부인과 한방소아과 한방안·이비인후·피부과 한방신경정신과 한방재활의학과 사상체질과 침구과,WOMEN_HEALTH,"인천광역시 서구 원적로96번길 8, 2층 (가좌동)",서구,032-577-0110,37.4944683,126.6831014,인천광역시 서구 원적로96번길 8,인천 서구 원적로96번길 8
애플산부인과의원,의원,산부인과,WOMEN_HEALTH,"인천광역시 서구 이음대로 388, ABM타워 608~611호 (원당동)",서구,032-266-8275,37.59310919,126.7126889,인천광역시 서구 이음대로 388,인천 서구 이음대로 388
약손365한의원,한의원,한방내과 한방부인과 한방소아과 한방안·이비인후·피부과 한방신경정신과 한방재활의학과 사상체질과 침구과,WOMEN_HEALTH,"인천광역시 서구 검단로 505, 이지화인프라자 202호 (마전동)",서구,032-710-6875,37.60332376,126.6603074,인천광역시 서구 검단로 505,인천 서구 검단로 505
엄마와아이들소아청소년과산부인과의원,의원,내과 소아청소년과 산부인과,WOMEN_HEALTH,인천광역시 서구 가정로 388 (가정동),서구,032-572-1771,37.51944764,126.6733666,인천광역시 서구 가정로 388,인천 서구 가정로 388
연세산부인과의원,의원,산부인과,WOMEN_HEALTH,"인천광역시 서구 원적로 100, 604호 (가좌동, 로얄프라자)",서구,032-566-0001,37.49501424,126.6828063,인천광역시 서구 원적로 100,인천 서구 원적로 100
연세한의원,한의원,침구과 한방신경정신과 한방부인과 한방소아과 한방재활의학과 한방내과 한방안·이비인후·피부과 사상체질과,WOMEN_HEALTH,인천광역시 서구 석남로110번길 14 (석남동),서구,032-581-2260,37.49961618,126.6736366,인천광역시 서구 석남로110번길 14,인천 서구 석남로110번길 14
연합한의원,한의원,한방내과 한방부인과 한방소아과 한방안·이비인후·피부과 한방신경정신과 한방재활의학과 사상체질과 침구과,WOMEN_HEALTH,인천광역시 서구 가정로 212 (석남동),서구,032-574-1075,37.50354779,126.6723342,인천광역시 서구 가정로 212,인천 서구 가정로 212
온누리병원,종합병원,예방의학과 응급의학과 직업환경의학과 가정의학과 진단검사의학과 영상의학과 소아청소년과 산부인과 마취통증의학과 성형외과 신경외과 정형외과 외과 신경과 내과,WOMEN_HEALTH,인천광역시 서구 완정로 199 (왕길동),서구,032-567-6200,37.60279608,126.6543304,인천광역시 서구 완정로 199,인천 서구 완정로 199
우리들산부인과의원,의원,산부인과,WOMEN_HEALTH,"인천광역시 서구 완정로 187, 3층 (왕길동, 마전메디칼센타)",서구,032-562-8228,37.60254102,126.655626,인천광역시 서구 완정로 187,인천 서구 완정로 187
원당프라임한의원,한의원,한방내과 한방안·이비인후·피부과 사상체질과 침구과 한방신경정신과 한방부인과 한방소아과 한방재활의학과,WOMEN_HEALTH,"인천광역시 서구 원당대로 841, 4층 1호 (원당동,  골든벨프라자 401호)",서구,032-564-1050,37.59414715,126.6950987,인천광역시 서구 원당대로 841,인천 서구 원당대로 841
원당한의원,한의원,한방내과 한방부인과 한방소아과 한방안·이비인후·피부과 한방신경정신과 한방재활의학과 사상체질과 침구과,WOMEN_HEALTH,"인천광역시 서구 원당대로 859, 301호 (원당동, 원당메디칼프라자)",서구,032-567-0175,37.59394516,126.6970253,인천광역시 서구 원당대로 859,인천 서구 원당대로 859
유니한의원,한의원,한방내과 한방부인과 한방소아과 한방안·이비인후·피부과 한방신경정신과 한방재활의학과 사상체질과 침구과,WOMEN_HEALTH,"인천광역시 서구 이음대로 378, 로뎀타워 302, 303호 (원당동)",서구,032-721-7875,37.59391923,126.7125959,인천광역시 서구 이음대로 378,인천 서구 이음대로 378
유승진내과의원,의원,응급의학과 재활의학과 산부인과 마취통증의학과 정형외과 외과 정신건강의학과 신경과 내과,WOMEN_HEALTH,"인천광역시 서구 봉오재3로 90, 한일골드타워 301호 (가정동)",서구,032-566-0111,37.52719445,126.6697465,인천광역시 서구 봉오재3로 90,인천 서구 봉오재3로 90
육각수한의원,한의원,한방내과 한방부인과 한방소아과 한방안·이비인후·피부과 한방신경정신과 한방재활의학과 사상체질과 침구과,WOMEN_HEALTH,"인천광역시 서구 가정로 315, 303호 (석남동, 두성상가)",서구,032-574-7400,37.51294988,126.6724842,인천광역시 서구 가정로 315,인천 서구 가정로 315
의료법인 루가의료재단 나은병원,종합병원,예방치과 구강내과 치과보존과 치주과 소아치과 치과교정과 치과보철과 구강악안면외과 예방의학과 응급의학과 직업환경의학과 가정의학과 재활의학과 진단검사의학과 영상의학과 비뇨의학과 이비인후과 소아청소년과 산부인과 마취통증의학과 성형외과 심장혈관흉부외과 신경외과 정형외과 외과 정신건강의학과 신경과 내과,WOMEN_HEALTH,"인천광역시 서구 원적로 23 (가좌동, 원적로 27번길 11(가좌동))",서구,032-584-0114,37.48905901,126.6797832,인천광역시 서구 원적로 23 ),인천 서구 원적로 23
의료법인 정강의료재단 검단수한방병원,한방병원,침구과 사상체질과 한방재활의학과 한방신경정신과 한방안·이비인후·피부과 한방소아과 한방부인과 한방내과 재활의학과,WOMEN_HEALTH,"인천광역시 서구 완정로 147, 유영빌딩 3~10층, 12층 (왕길동)",서구,032-713-5300,37.60091914,126.6596606,인천광역시 서구 완정로 147,인천 서구 완정로 147
이주한의원,한의원,한방내과 한방부인과 한방소아과 한방안·이비인후·피부과 한방신경정신과 한방재활의학과 사상체질과 침구과,WOMEN_HEALTH,"인천광역시 서구 청라라임로 85, A동 206호( 청라동, 청라린스트라우스)",서구,032-716-5675,37.53466394,126.6526145,인천광역시 서구 청라라임로 85,인천 서구 청라라임로 85
이해림산부인과의원,의원,산부인과,WOMEN_HEALTH,"인천광역시 서구 서곶로 355-1, 4층 (연희동, 성우빌딩)",서구,032-564-1800,37.54945078,126.6767519,인천광역시 서구 서곶로 355-1,인천 서구 서곶로 355-1
인영한의원,한의원,한방내과 한방부인과 한방소아과 한방안·이비인후·피부과 한방신경정신과 한방재활의학과 사상체질과 침구과,WOMEN_HEALTH,"인천광역시 서구 중봉대로 588, 청라센트럴프라자 709호 (청라동)",서구,032-568-4848,37.53204769,126.6502563,인천광역시 서구 중봉대로 588,인천 서구 중봉대로 588
인우당한의원,한의원,한방내과 한방안·이비인후·피부과 사상체질과 한방부인과 한방신경정신과 침구과 한방소아과 한방재활의학과,WOMEN_HEALTH,인천광역시 서구 완정로 70 (마전동),서구,032-563-8575,37.59801105,126.6673174,인천광역시 서구 완정로 70,인천 서구 완정로 70
인정한방병원,한방병원,"한방내과, 한방부인과, 한방소아과, 한방안·이비후·피부과, 한방신경정신과, 침구과, 한방재활의학과, 사상체질과, 마취통증학과",WOMEN_HEALTH,"인천광역시 서구 청라커낼로99, 5층 504호,505호(청라동, 지젤엠청라)",서구,032-466-7777,37.53342185,126.6561022,인천광역시 서구 청라에메랄드로 99,
인천용한의원,한의원,침구과 사상체질과 한방재활의학과 한방안·이비인후·피부과 한방부인과 한방내과,WOMEN_HEALTH,"인천광역시 서구 완정로 172, 3층 303호 (마전동)",서구,032-565-1368,37.6026005,126.6574269,인천광역시 서구 완정로 172,인천 서구 완정로 172
인천탑한방병원,한방병원,침구과 사상체질과 한방재활의학과 한방신경정신과 한방안·이비인후·피부과 한방소아과 한방부인과 한방내과 가정의학과 재활의학과 피부과 이비인후과 마취통증의학과 내과,WOMEN_HEALTH,"인천광역시 서구 청마로19번길 13, 2~3층 (당하동)",서구,032-563-1075,37.59248273,126.671905,인천광역시 서구 청마로19번길 13,인천 서구 청마로19번길 13
일등한의원,한의원,한방내과 한방부인과 한방소아과 한방안·이비인후·피부과 한방신경정신과 한방재활의학과 사상체질과 침구과,WOMEN_HEALTH,"인천광역시 서구 가정로 378, 동아빌딩 2층 (가정동)",서구,032-710-3969,37.51862989,126.6732361,인천광역시 서구 가정로 378,인천 서구 가정로 378
정본한의원,한의원,한방내과 한방부인과 한방소아과 한방안·이비인후·피부과 한방신경정신과 한방재활의학과 사상체질과 침구과,WOMEN_HEALTH,"인천광역시 서구 가정로 379, 402호 (신현동)",서구,032-724-8004,37.51888055,126.6727808,인천광역시 서구 가정로 379,인천 서구 가정로 379
제물포한의원,한의원,한방내과 한방부인과 한방소아과 한방안·이비인후·피부과 한방신경정신과 한방재활의학과 사상체질과 침구과,WOMEN_HEALTH,"인천광역시 서구 옻우물로 3, 2층 (석남동)",서구,032-582-8875,37.50663998,126.6728684,인천광역시 서구 옻우물로 3,인천 서구 옻우물로 3
좋은아침한의원,한의원,한방내과 한방부인과 한방소아과 한방신경정신과 침구과,WOMEN_HEALTH,"인천광역시 서구 원적로96번길 26, 가좌프라자쇼핑 203호 일부, 204,205호 (가좌동)",서구,032-715-8075,37.4933953,126.6845838,인천광역시 서구 원적로96번길 26,인천 서구 원적로96번길 26
중국홍원한의원,한의원,한방내과 한방부인과 한방소아과 한방안·이비인후·피부과 한방신경정신과 한방재활의학과 사상체질과 침구과,WOMEN_HEALTH,인천광역시 서구 가정로 208 (석남동),서구,032-583-1688,37.50331786,126.6723984,인천광역시 서구 가정로 208,인천 서구 가정로 208
중원당한의원,한의원,한방내과 한방부인과 한방소아과 한방안·이비인후·피부과 한방신경정신과 한방재활의학과 사상체질과 침구과,WOMEN_HEALTH,인천광역시 서구 서곶로 352 (연희동),서구,032-576-1188,37.54891229,126.6773565,인천광역시 서구 서곶로 352,인천 서구 서곶로 352
중화당한의원,한의원,침구과 사상체질과 한방신경정신과 한방안·이비인후·피부과 한방소아과 한방부인과 한방내과,WOMEN_HEALTH,"인천광역시 서구 건지로 402, 403동 401호 (가좌동, 가좌한신휴플러스)",서구,032-762-9288,37.49526648,126.6844068,인천광역시 서구 건지로 402,인천 서구 건지로 402
진메디칼의원,의원,내과 정신건강의학과 소아청소년과 외과 이비인후과 정형외과 산부인과 피부과,WOMEN_HEALTH,"인천광역시 서구 완정로 18, 303호 (마전동, 한윤메디칼빌딩)",서구,032-565-9365,37.5951079,126.6722136,인천광역시 서구 완정로 18,인천 서구 완정로 18
진심한의원,한의원,침구과 사상체질과 한방재활의학과 한방신경정신과 한방안·이비인후·피부과 한방소아과 한방부인과 한방내과,WOMEN_HEALTH,"인천광역시 서구 가정로 437, 304동 138호 (가정동, 루원시티 SK Leaders' VIEW)",서구,032-713-8775,37.52425246,126.6701177,인천광역시 서구 가정로 437,인천 서구 가정로 437
차인종산부인과의원,의원,산부인과,WOMEN_HEALTH,인천광역시 서구 원적로100번길 8 (가좌동),서구,032-571-6607,37.49471263,126.6833613,인천광역시 서구 원적로100번길 8,인천 서구 원적로100번길 8
참경희한의원,한의원,침구과 사상체질과 한방재활의학과 한방신경정신과 한방안·이비인후·피부과 한방소아과 한방부인과 한방내과,WOMEN_HEALTH,"인천광역시 서구 탁옥로 58, 3층 (심곡동)",서구,032-568-2882,37.54362722,126.6760673,인천광역시 서구 탁옥로 58,인천 서구 탁옥로 58
참빛한의원,한의원,한방내과 한방부인과 한방소아과 한방안·이비인후·피부과 한방신경정신과 한방재활의학과 사상체질과 침구과,WOMEN_HEALTH,"인천광역시 서구 완정로 60, 203,204호 (마전동, 정안빌딩)",서구,032-566-8897,37.59707839,126.6682257,인천광역시 서구 완정로 60,인천 서구 완정로 60
청라S한방병원,한방병원,침구과 사상체질과 한방재활의학과 한방신경정신과 한방안·이비인후·피부과 한방소아과 한방부인과 한방내과 가정의학과 재활의학과 영상의학과 비뇨의학과 피부과 이비인후과 산부인과 신경과 내과,WOMEN_HEALTH,인천광역시 서구 중봉대로 586번길 9-4. 6층(청라동),서구,032-719-8258,37.53211342,126.650912,인천광역시 서구 중봉대로 586번길 9-4.,인천 서구 중봉대로586번길 9-4
청라단비한의원,한의원,침구과 사상체질과 한방재활의학과 한방신경정신과 한방안·이비인후·피부과 한방소아과 한방부인과 한방내과,WOMEN_HEALTH,"인천광역시 서구 청라에메랄드로102번길 8, 우성메디피아 405호 (청라동)",서구,032-565-1075,37.53397968,126.656821,인천광역시 서구 청라에메랄드로102번길 8,인천 서구 청라에메랄드로102번길 8
청라리아한의원,한의원,한방내과 한방부인과 한방소아과 한방안·이비인후·피부과 한방신경정신과 한방재활의학과 사상체질과 침구과,WOMEN_HEALTH,"인천광역시 서구 중봉대로612번길 10-17, 주차타워동 307,308호 (청라동)",서구,032-565-4975,37.53390206,126.6520343,인천광역시 서구 중봉대로612번길 10-17,인천 서구 중봉대로612번길 10-17
청라맑은샘한의원,한의원,침구과 사상체질과 한방재활의학과 한방신경정신과 한방안·이비인후·피부과 한방소아과 한방부인과 한방내과,WOMEN_HEALTH,"인천광역시 서구 청라루비로 93, 루비타워 205, 206, 207, 208호 (청라동)",서구,032-564-1238,37.53341446,126.6401051,인천광역시 서구 청라루비로 93,인천 서구 청라루비로 93
청라바른내과의원,의원,가정의학과 피부과 소아청소년과 산부인과 정신건강의학과 신경과 내과,WOMEN_HEALTH,"인천광역시 서구 청라한내로161번길 3-5, 2, 3, 4층 (청라동)",서구,032-562-8575,37.53916239,126.6278765,인천광역시 서구 청라한내로161번길 3-5,인천 서구 청라한내로161번길 3-5
청라베스트요양병원,요양병원,침구과 사상체질과 한방재활의학과 한방신경정신과 한방안·이비인후·피부과 한방소아과 한방부인과 한방내과 가정의학과 결핵과 재활의학과 영상의학과 비뇨의학과 피부과 이비인후과 안과 산부인과 마취통증의학과 정형외과 외과 정신건강의학과 신경과 내과,WOMEN_HEALTH,"인천광역시 서구 봉오재3로110번길 7, 가정봄프라자 6,7,8,9층 (가정동)",서구,032-220-1500,37.52673886,126.6720286,인천광역시 서구 봉오재3로110번길 7,인천 서구 봉오재3로110번길 7
청라아이맘한의원,한의원,한방내과 한방부인과 한방소아과 한방안·이비인후·피부과 한방신경정신과 한방재활의학과 사상체질과 침구과 한방응급과,WOMEN_HEALTH,"인천광역시 서구 중봉대로 602, 106호 (청라동)",서구,032-562-7075,37.53336416,126.6502959,인천광역시 서구 중봉대로 602,인천 서구 중봉대로 602
청라여성병원,병원,내과 외과 산부인과 소아청소년과,WOMEN_HEALTH,"인천광역시 서구 중봉대로 602, 2~6층,9층(청라동)",서구,032-716-6000,37.53336416,126.6502959,인천광역시 서구 중봉대로 602,인천 서구 중봉대로 602
청라좋은한방병원,병원,"한방내과, 한방부인과, 한방소아과, 소아청소년과, 한방안·이비인후·피부과,  한방신경정신과, 침구과, 한방재활의학과, 사상체질과, 마취통증의학과",WOMEN_HEALTH,"인천광역시 서구 청라에메랄드로 79, 2~4층 (청라동)",서구,032-568-2005,37.53231376,126.6556845,인천광역시 서구 청라에메랄드로 79,인천 서구 청라에메랄드로 79
청라한의원,한의원,침구과 사상체질과 한방재활의학과 한방소아과 한방부인과 한방내과,WOMEN_HEALTH,"인천광역시 서구 담지로 60, 더시그넘하우스청라 근생01호 (청라동)",서구,032-565-0428,37.53555993,126.6610921,인천광역시 서구 담지로 60,인천 서구 담지로 60
청라함소아(含笑兒)한의원,한의원,한방내과 한방부인과 한방소아과 한방안·이비인후·피부과 한방신경정신과 한방재활의학과 사상체질과 침구과,WOMEN_HEALTH,"인천광역시 서구 청라에메랄드로 94, 인천 청라빌딩 301호 (청라동)",서구,032-568-1331,37.53339485,126.6568249,인천광역시 서구 청라에메랄드로 94,인천 서구 청라에메랄드로 94
청린한의원,한의원,한방내과 한방부인과 한방소아과 한방안·이비인후·피부과 한방신경정신과 한방재활의학과 사상체질과 침구과,WOMEN_HEALTH,"인천광역시 서구 이음5로 34, 제일프라자 301~302호 (원당동)",서구,032-567-7510,37.59385994,126.7114143,인천광역시 서구 이음5로 34,인천 서구 이음5로 34
하이맨비뇨기과의원,의원,비뇨의학과 피부과 소아청소년과 산부인과 성형외과 외과 내과,WOMEN_HEALTH,"인천광역시 서구 검단로 480, 406,407호 (왕길동, 검단리치웰프라자)",서구,032-568-5768,37.60180033,126.6576121,인천광역시 서구 검단로 480,인천 서구 검단로 480
한나이비인후과의원,의원,응급의학과 가정의학과 재활의학과 비뇨의학과 피부과 이비인후과 안과 소아청소년과 산부인과 마취통증의학과 성형외과 심장혈관흉부외과 신경외과 정형외과 외과 정신건강의학과 신경과 내과,WOMEN_HEALTH,"인천광역시 서구 가정로 140, 수협 2층 (가좌동)",서구,032-573-1077,37.49714378,126.6719599,인천광역시 서구 가정로 140,인천 서구 가정로 140
한사랑산부인과의원,의원,내과 산부인과,WOMEN_HEALTH,"인천광역시 서구 원당대로 660, 영프라자 6,7(일부)층 (당하동)",서구,032-561-4313,37.59328881,126.6742976,인천광역시 서구 원당대로 660,인천 서구 원당대로 660
한재수한의원,한의원,한방부인과 한방신경정신과 침구과 한방소아과 한방내과 한방안·이비인후·피부과,WOMEN_HEALTH,"인천광역시 서구 서곶로 293, 3층 301호 (심곡동)",서구,032-562-3388,37.54359336,126.6764697,인천광역시 서구 서곶로 293,인천 서구 서곶로 293
해솔한의원,한의원,한방내과 한방부인과 한방소아과 한방안·이비인후·피부과 한방신경정신과 한방재활의학과 사상체질과 침구과,WOMEN_HEALTH,"인천광역시 서구 가정로 364-1, 창대빌딩 4층 (가정동)",서구,032-576-1070,37.51738607,126.6731749,인천광역시 서구 가정로 364-1,인천 서구 가정로 364-1
해오름 한방병원,한방병원,침구과 사상체질과 한방재활의학과 한방신경정신과 한방안·이비인후·피부과 한방소아과 한방부인과 한방내과 내과,WOMEN_HEALTH,"인천광역시 서구 원당대로 1039, 태경타워 5,6층 전체호 (원당동)",서구,032-932-7000,37.59381892,126.7163452,인천광역시 서구 원당대로 1039,인천 서구 원당대로 1039
햇살한의원,한의원,한방내과 한방부인과 한방소아과 한방안·이비인후·피부과 한방신경정신과 한방재활의학과 사상체질과 침구과,WOMEN_HEALTH,"인천광역시 서구 건지로 402, 402동 304,305호 (가좌동, 가좌한신휴플러스)",서구,032-575-1275,37.49526648,126.6844068,인천광역시 서구 건지로 402,인천 서구 건지로 402
현대경희한의원,한의원,한방내과 한방부인과 한방소아과 한방안·이비인후·피부과 한방신경정신과 한방재활의학과 사상체질과 침구과,WOMEN_HEALTH,"인천광역시 서구 원적로95번길 5, 203,204호 (가좌동, 현대상가)",서구,032-577-1075,37.4952728,126.681423,인천광역시 서구 원적로95번길 5,인천 서구 원적로95번길 5
호선한의원,한의원,침구과 사상체질과 한방재활의학과 한방신경정신과 한방안·이비인후·피부과 한방소아과 한방부인과 한방내과,WOMEN_HEALTH,"인천광역시 서구 가정로 213, 1층 (석남동)",서구,032-578-1075,37.50382476,126.6718784,인천광역시 서구 가정로 213,인천 서구 가정로 213
호호경희한의원,한의원,한방내과 한방부인과 한방소아과 한방안·이비인후·피부과 한방신경정신과 한방재활의학과 사상체질과 침구과,WOMEN_HEALTH,"인천광역시 서구 서곶로 782, 2층 205, 206호 (당하동, 한양프라자)",서구,032-564-0126,37.58736062,126.6754944,인천광역시 서구 서곶로 782,인천 서구 서곶로 782
화목한의원,한의원,한방내과 한방부인과 한방소아과 한방안·이비인후·피부과 한방신경정신과 한방재활의학과 사상체질과 침구과,WOMEN_HEALTH,인천광역시 서구 가정로 388 (가정동),서구,032-568-7582,37.51944764,126.6733666,인천광역시 서구 가정로 388,인천 서구 가정로 388
황대순한의원,한의원,한방내과 한방안·이비인후·피부과 사상체질과 침구과 한방신경정신과 한방부인과 한방소아과 한방재활의학과,WOMEN_HEALTH,"인천광역시 서구 가정로 201-1, 2층 (석남동, 두일빌딩)",서구,032-577-3210,37.502903,126.6718017,인천광역시 서구 가정로 201-1,인천 서구 가정로 201-1
효남한의원,한의원,한방내과 한방안·이비인후·피부과 사상체질과 침구과 한방신경정신과 한방부인과 한방소아과 한방재활의학과,WOMEN_HEALTH,"인천광역시 서구 원적로47번길 6, 103동 119호 (가좌동, 풍림주상상가)",서구,032-578-3180,37.49175297,126.6799676,인천광역시 서구 원적로47번길 6,인천 서구 원적로47번길 6
후생한의원,한의원,한방재활의학과 한방소아과 한방부인과 한방신경정신과 사상체질과 한방안·이비인후·피부과 한방내과 침구과,WOMEN_HEALTH,인천광역시 서구 원적로96번길 17 (가좌동),서구,032-584-1075,37.49403414,126.68409,인천광역시 서구 원적로96번길 17,인천 서구 원적로96번길 17
힘찬한의원,한의원,침구과 사상체질과 한방재활의학과 한방신경정신과 한방안·이비인후·피부과 한방소아과 한방부인과 한방내과,WOMEN_HEALTH,"인천광역시 서구 고산후로95번길 20, 힘찬프라자 2층 201호 (당하동)",서구,032-568-1095,37.59264453,126.6967252,인천광역시 서구 고산후로95번길 20,인천 서구 고산후로95번길 20
365송도경희한의원,한의원,한방내과 한방부인과 한방소아과 한방안·이비인후·피부과 한방신경정신과 한방재활의학과 사상체질과 침구과,WOMEN_HEALTH,"인천광역시 연수구 센트럴로 415, 힐스테이트 송도 더테라스 2층 241,242,243,247,250,251호 (송도동)",연수구,032-721-8575,37.41087643,126.6269414,인천광역시 연수구 센트럴로 415,인천 연수구 센트럴로 415
365일품경희한의원,한의원,한방내과 한방부인과 한방소아과 한방안·이비인후·피부과 한방신경정신과 한방재활의학과 침구과,WOMEN_HEALTH,"인천광역시 연수구 먼우금로188번길 12, 이리옴3빌딩 101호,116호,202호 (연수동)",연수구,032-716-9365,37.41344313,126.6764836,인천광역시 연수구 먼우금로188번길 12,인천 연수구 먼우금로188번길 12
건강드림한의원,한의원,한방내과 한방부인과 한방소아과 한방안·이비인후·피부과 한방신경정신과 한방재활의학과 사상체질과 침구과,WOMEN_HEALTH,"인천광역시 연수구 송도문화로28번길 28, 204동 202호 (송도동, 글로벌캠퍼스푸르지오상가)",연수구,032-463-7588,37.37807821,126.654642,인천광역시 연수구 송도문화로28번길 28,인천 연수구 송도문화로28번길 28
경희다인한의원,한의원,한방내과 한방안·이비인후·피부과 사상체질과 침구과 한방신경정신과 한방부인과 한방소아과 한방재활의학과,WOMEN_HEALTH,"인천광역시 연수구 인천타워대로54번길 9 (송도동,에몬스프라자빌딩 3층 304호)",연수구,032-859-5544,37.37898775,126.6459727,인천광역시 연수구 인천타워대로54번길 9,인천 연수구 인천타워대로54번길 9
경희랜드마크한의원,한의원,침구과 사상체질과 한방재활의학과 한방신경정신과 한방안·이비인후·피부과 한방소아과 한방부인과 한방내과,WOMEN_HEALTH,"인천광역시 연수구 랜드마크로 68, 222,223,224,225,228,229호 (송도동, 랜드마크시티센트럴더샵)",연수구,032-814-7575,37.41511724,126.6182221,인천광역시 연수구 랜드마크로 68,인천 연수구 랜드마크로 68
경희베스트한의원,한의원,한방내과 한방부인과 한방소아과 침구과,WOMEN_HEALTH,"인천광역시 연수구 컨벤시아대로230번길 54, 닥터플러스몰 A307, A308호 (송도동)",연수구,032-821-7582,37.38901119,126.6340328,인천광역시 연수구 컨벤시아대로230번길 54,인천 연수구 컨벤시아대로230번길 54
경희서경한의원,한의원,침구과 사상체질과 한방재활의학과 한방신경정신과 한방안·이비인후·피부과 한방소아과 한방부인과 한방내과,WOMEN_HEALTH,"인천광역시 연수구 하모니로178번길 6, 313,314호 (송도동)",연수구,032-833-8210,37.38234009,126.6413688,인천광역시 연수구 하모니로178번길 6,인천 연수구 하모니로178번길 6
경희약손한의원,한의원,한방내과 한방부인과 한방소아과 한방안·이비인후·피부과 한방신경정신과 한방재활의학과 사상체질과 침구과,WOMEN_HEALTH,"인천광역시 연수구 비류대로256번길 8-14, 1층 (청학동, 청학프라자)",연수구,032-833-1075,37.42666148,126.6627214,인천광역시 연수구 비류대로256번길 8-14,인천 연수구 비류대로256번길 8-14
경희한의원,한의원,한방내과 한방부인과 한방소아과 한방신경정신과 침구과,WOMEN_HEALTH,"인천광역시 연수구 선학로 101, 201,202호 (선학동, 뉴서울상가)",연수구,032-813-7582,37.42561319,126.7006837,인천광역시 연수구 선학로 101,인천 연수구 선학로 101
고려한의원,한의원,한방내과 한방부인과 한방소아과 한방안·이비인후·피부과 한방신경정신과 한방재활의학과 사상체질과 침구과 한방응급과,WOMEN_HEALTH,인천광역시 연수구 독배로40번길 47 (옥련동),연수구,032-834-1110,37.42460493,126.6475321,인천광역시 연수구 독배로40번길 47,인천 연수구 독배로40번길 47
곽생로 여성의원,의원,소아청소년과 산부인과 외과,WOMEN_HEALTH,"인천광역시 연수구 테크노파크로111번길 4, 드 메티스 빌딩 1층 일부호 2~5층 (송도동)",연수구,032-858-7117,37.38605676,126.6442523,인천광역시 연수구 테크노파크로111번길 4,인천 연수구 테크노파크로111번길 4
김규식한의원,한의원,한방내과 한방부인과 한방소아과 한방안·이비인후·피부과 한방신경정신과 침구과,WOMEN_HEALTH,인천광역시 연수구 비류대로 429 (연수동),연수구,032-818-5131,37.42444525,126.6825354,인천광역시 연수구 비류대로 429,인천 연수구 비류대로 429
김범락한의원,한의원,침구과 사상체질과 한방재활의학과 한방신경정신과 한방안·이비인후·피부과 한방소아과 한방부인과 한방내과,WOMEN_HEALTH,"인천광역시 연수구 컨벤시아대로130번길 14, 송도 메디컬타워 2층 201호,202호 (송도동)",연수구,032-384-7585,37.39296242,126.6447257,인천광역시 연수구 컨벤시아대로130번길 14,인천 연수구 컨벤시아대로130번길 14
김웅철산부인과의원,의원,산부인과,WOMEN_HEALTH,인천광역시 연수구 용담로 135 (연수동),연수구,032-814-5252,37.41385437,126.6793986,인천광역시 연수구 용담로 135,인천 연수구 용담로 135
김종욱한의원,한의원,한방내과 한방부인과 한방소아과 한방안·이비인후·피부과 한방신경정신과 침구과,WOMEN_HEALTH,"인천광역시 연수구 원인재로 88, 201호 (동춘동, 대우삼환아파트상가)",연수구,032-812-8048,37.40648628,126.6782943,인천광역시 연수구 원인재로 88,인천 연수구 원인재로 88
남송한의원,한의원,한방내과 한방부인과 한방소아과 한방안·이비인후·피부과 한방신경정신과 침구과,WOMEN_HEALTH,인천광역시 연수구 먼우금로 88 (동춘동),연수구,032-818-9911,37.40675501,126.6703925,인천광역시 연수구 먼우금로 88,인천 연수구 먼우금로 88
노아한의원,한의원,한방내과 한방부인과 한방소아과 한방안·이비인후·피부과 한방신경정신과 한방재활의학과 침구과,WOMEN_HEALTH,"인천광역시 연수구 신송로 160, 더 넥서스 304호 (송도동)",연수구,032-858-2008,37.39801831,126.6491959,인천광역시 연수구 신송로 160,인천 연수구 신송로 160
다나음한방병원,한방병원,침구과 사상체질과 한방재활의학과 한방신경정신과 한방안·이비인후·피부과 한방소아과 한방부인과 한방내과 가정의학과 재활의학과 영상의학과 피부과 이비인후과 소아청소년과 마취통증의학과 정형외과 신경과 내과,WOMEN_HEALTH,"인천광역시 연수구 먼우금로222번길 13, 지상1~5층 (연수동)",연수구,032-813-1070,37.41675182,126.6784248,인천광역시 연수구 먼우금로222번길 13,인천 연수구 먼우금로222번길 13
다산한의원,한의원,한방내과 한방부인과 한방소아과 한방안·이비인후·피부과 한방신경정신과 한방재활의학과 사상체질과 침구과,WOMEN_HEALTH,"인천광역시 연수구 학나래로118번길 9, 209, 210호 (선학동, 선학프라자)",연수구,032-818-7582,37.42799065,126.6984688,인천광역시 연수구 학나래로118번길 9,인천 연수구 학나래로118번길 9
다원여성의원,의원,가정의학과 산부인과 내과,WOMEN_HEALTH,"인천광역시 연수구 컨벤시아대로 69, 송도 밀레니엄 412호 (송도동)",연수구,032-831-1500,37.39571538,126.6509559,인천광역시 연수구 컨벤시아대로 69,인천 연수구 컨벤시아대로 69
단비한의원,한의원,한방내과 한방부인과 한방소아과 한방안·이비인후·피부과 한방신경정신과 한방재활의학과 사상체질과 침구과,WOMEN_HEALTH,"인천광역시 연수구 송도미래로11번길 27, 스마트스퀘어 A동 A309호 (송도동)",연수구,032-719-2116,37.37109196,126.6494043,인천광역시 연수구 송도미래로11번길 27,인천 연수구 송도미래로11번길 27
달임채한의원,한의원,한방내과 한방부인과 한방소아과 한방안·이비인후·피부과 한방신경정신과 한방재활의학과 사상체질과 침구과,WOMEN_HEALTH,"인천광역시 연수구 인천타워대로54번길 3, 메트로프라자 305호 (송도동)",연수구,032-832-0675,37.37853542,126.6456374,인천광역시 연수구 인천타워대로54번길 3,인천 연수구 인천타워대로54번길 3
담연한의원,한의원,한방내과 한방부인과 한방소아과 한방안·이비인후·피부과 한방신경정신과 한방재활의학과 사상체질과 침구과 한방응급과,WOMEN_HEALTH,"인천광역시 연수구 청능대로 93, 이리옴프라자 5층 502호 (청학동)",연수구,032-812-1075,37.4143193,126.6756666,인천광역시 연수구 청능대로 93,인천 연수구 청능대로 93
더경희한의원,한의원,한방내과 침구과 한방부인과 한방안·이비인후·피부과,WOMEN_HEALTH,"인천광역시 연수구 해돋이로 168-2, 306호 (송도동)",연수구,032-862-4599,37.39501293,126.6456792,인천광역시 연수구 해돋이로 168-2,인천 연수구 해돋이로 168-2
동의보감한의원,한의원,침구과 사상체질과 한방재활의학과 한방신경정신과 한방안·이비인후·피부과 한방소아과 한방부인과 한방내과,WOMEN_HEALTH,"인천광역시 연수구 청능대로 103, 2층 일부호 (연수동)",연수구,032-815-9494,37.41363986,126.6762653,인천광역시 연수구 청능대로 103,인천 연수구 청능대로 103
동춘당한의원,한의원,침구과 사상체질과 한방재활의학과 한방신경정신과 한방안·이비인후·피부과 한방소아과 한방부인과 한방내과,WOMEN_HEALTH,"인천광역시 연수구 앵고개로264번길 10-1, 아촌빌딩 2층 (동춘동)",연수구,032-821-0070,37.40719896,126.6722811,인천광역시 연수구 앵고개로264번길 10-1,인천 연수구 앵고개로264번길 10-1
동풍한의원,한의원,한방내과 한방안·이비인후·피부과 사상체질과 한방부인과 한방신경정신과 침구과 한방소아과 한방재활의학과,WOMEN_HEALTH,"인천광역시 연수구 앵고개로264번길 30-3 (동춘동,영창빌딩 3층)",연수구,032-812-5003,37.40669438,126.6714982,인천광역시 연수구 앵고개로264번길 30-3,인천 연수구 앵고개로264번길 30-3
둘리한의원,한의원,한방내과 한방부인과 한방소아과 한방안·이비인후·피부과 한방신경정신과 한방재활의학과 사상체질과 침구과,WOMEN_HEALTH,"인천광역시 연수구 앵고개로246번길 10, 5층 (동춘동, 대산프라자)",연수구,032-819-2279,37.40841671,126.6706044,인천광역시 연수구 앵고개로246번길 10,인천 연수구 앵고개로246번길 10
로이여성의원,의원,산부인과,WOMEN_HEALTH,"인천광역시 연수구 컨벤시아대로230번길 54, 닥터플러스몰 6층 A614,A615,A616호 (송도동)",연수구,032-229-1234,37.38901119,126.6340328,인천광역시 연수구 컨벤시아대로230번길 54,인천 연수구 컨벤시아대로230번길 54
로하스인천요양병원,요양병원,내과 신경과 정신건강의학과 외과 정형외과 신경외과 심장혈관흉부외과 마취통증의학과 이비인후과 피부과 비뇨의학과 영상의학과 진단검사의학과 재활의학과 가정의학과 한방내과 한방부인과 한방재활의학과 침구과,WOMEN_HEALTH,"인천광역시 연수구 벚꽃로 114, 브랫슬 7~8층 (연수동)",연수구,032-421-1288,37.41704715,126.6781185,인천광역시 연수구 벚꽃로 114,인천 연수구 벚꽃로 114
리미트성형외과의원,의원,비뇨의학과 피부과 안과 소아청소년과 산부인과 마취통증의학과 성형외과 정형외과 정신건강의학과 내과,WOMEN_HEALTH,"인천광역시 연수구 하모니로178번길 6, 3층 309,310,311호 (송도동)",연수구,032-832-0112,37.38234009,126.6413688,인천광역시 연수구 하모니로178번길 6,인천 연수구 하모니로178번길 6
마음속내과의원,의원,내과 산부인과 소아청소년과,WOMEN_HEALTH,"인천광역시 연수구 독배로40번길 11, 401,402,403호 (옥련동, 효명프라자)",연수구,032-831-2208,37.42452673,126.6456361,인천광역시 연수구 독배로40번길 11,인천 연수구 독배로40번길 11
맑은샘한의원,한의원,침구과 사상체질과 한방재활의학과 한방신경정신과 한방안·이비인후·피부과 한방소아과 한방부인과 한방내과,WOMEN_HEALTH,"인천광역시 연수구 용담로 153, 402호 (연수동, 대동월드스포츠센터)",연수구,032-813-8338,37.41327809,126.6814028,인천광역시 연수구 용담로 153,인천 연수구 용담로 153
메디컬오한의원,한의원,한방내과 한방부인과 한방소아과 한방안·이비인후·피부과 한방신경정신과 한방재활의학과 사상체질과 침구과,WOMEN_HEALTH,"인천광역시 연수구 하모니로 158, 송도타임스페이스 B동 506-509호 (송도동)",연수구,032-721-7878,37.3832947,126.642256,인천광역시 연수구 하모니로 158,인천 연수구 하모니로 158
명신더블유한방병원,한방병원,침구과 사상체질과 한방재활의학과 한방신경정신과 한방안·이비인후·피부과 한방소아과 한방부인과 한방내과 산부인과,WOMEN_HEALTH,"인천광역시 연수구 옥련로 29, 명신빌딩 1층일부,2층~7층 (옥련동)",연수구,032-423-1075,37.4274792,126.6426818,인천광역시 연수구 옥련로 29,인천 연수구 옥련로 29
몸바로한의원,한의원,한방내과 한방부인과 한방소아과 한방안·이비인후·피부과 한방신경정신과 한방재활의학과 사상체질과 침구과,WOMEN_HEALTH,"인천광역시 연수구 인천타워대로 251, 홀리데이 인 인천송도호텔 호텔동 201호 (송도동)",연수구,032-818-1175,37.39313379,126.6328666,인천광역시 연수구 인천타워대로 251,인천 연수구 인천타워대로 251
미래제일산부인과의원,의원,산부인과 소아청소년과 내과 피부과 안과 정형외과 외과 성형외과 신경외과,WOMEN_HEALTH,"인천광역시 연수구 먼우금로 189, 501호 (청학동, 소망빌딩)",연수구,032-245-0101,37.41462408,126.6758541,인천광역시 연수구 먼우금로 189,인천 연수구 먼우금로 189
박정식한의원,한의원,한방내과 한방안·이비인후·피부과 한방부인과 침구과,WOMEN_HEALTH,"인천광역시 연수구 앵고개로 262, 3층 303호 (동춘동, 동경빌딩)",연수구,032-813-0074,37.40749337,126.6725568,인천광역시 연수구 앵고개로 262,인천 연수구 앵고개로 262
백록담한의원,한의원,한방내과 한방부인과 한방소아과 한방안·이비인후·피부과 한방신경정신과 한방재활의학과 사상체질과 침구과,WOMEN_HEALTH,"인천광역시 연수구 컨벤시아대로 81 (송도동, 드림시티 325호, 326호)",연수구,032-851-1075,37.39494231,126.650165,인천광역시 연수구 컨벤시아대로 81,인천 연수구 컨벤시아대로 81
본디올경희한의원,한의원,한방내과 한방부인과 한방소아과 한방안·이비인후·피부과 한방신경정신과 한방재활의학과 사상체질과 침구과,WOMEN_HEALTH,인천광역시 연수구 앵고개로 250 (동춘동),연수구,032-818-1075,37.4081836,126.6715052,인천광역시 연수구 앵고개로 250,인천 연수구 앵고개로 250
봄한의원,한의원,한방내과 한방안·이비인후·피부과 사상체질과 한방부인과 한방신경정신과 침구과 한방소아과 한방재활의학과 한방응급과,WOMEN_HEALTH,"인천광역시 연수구 독배로 42, 2층 (옥련동)",연수구,032-831-0500,37.42450605,126.6449008,인천광역시 연수구 독배로 42,인천 연수구 독배로 42
사랑한의원,한의원,한방내과 한방부인과 한방소아과 한방안·이비인후·피부과 한방신경정신과 한방재활의학과 사상체질과 침구과,WOMEN_HEALTH,"인천광역시 연수구 독배로40번길 29, 202호 (옥련동)",연수구,032-859-3800,37.42450536,126.6465922,인천광역시 연수구 독배로40번길 29,인천 연수구 독배로40번길 29
사암명인한의원,한의원,한방내과 한방부인과 한방소아과 한방안·이비인후·피부과 한방신경정신과 한방재활의학과 침구과,WOMEN_HEALTH,"인천광역시 연수구 앵고개로254번길 23, 1층 (동춘동)",연수구,032-815-1023,37.40726021,126.6710389,인천광역시 연수구 앵고개로254번길 23,인천 연수구 앵고개로254번길 23
새생명한의원,한의원,한방내과 한방부인과 한방소아과 한방안·이비인후·피부과 한방신경정신과 한방재활의학과 사상체질과 침구과,WOMEN_HEALTH,"인천광역시 연수구 용담로 11, 207호 (청학동, 시대아파트상가)",연수구,032-821-1075,37.4214783,126.6691278,인천광역시 연수구 용담로 11,인천 연수구 용담로 11
서울가정의학과의원,의원,내과 외과 정형외과 산부인과 소아청소년과 이비인후과 피부과 가정의학과,WOMEN_HEALTH,"인천광역시 연수구 새말로 31, 2층 (연수동)",연수구,032-818-2119,37.42244167,126.6750097,인천광역시 연수구 새말로 31,인천 연수구 새말로 31
세명한방병원,한방병원,침구과 사상체질과 한방재활의학과 한방안·이비인후·피부과 한방소아과 한방부인과 한방내과 내과,WOMEN_HEALTH,"인천광역시 연수구 옥련로 45, 에스디 메디피아 지하1층 일부, 3층~5층호 (옥련동)",연수구,032-710-4700,37.42718521,126.6445988,인천광역시 연수구 옥련로 45,인천 연수구 옥련로 45
세명한의원,한의원,한방내과 한방부인과 한방소아과 한방안·이비인후·피부과 한방신경정신과 침구과,WOMEN_HEALTH,인천광역시 연수구 샘말로62번길 20 (연수동),연수구,032-814-6288,37.41323361,126.6805804,인천광역시 연수구 샘말로62번길 20,인천 연수구 샘말로62번길 20
센트럴숲한의원,한의원,침구과 사상체질과 한방재활의학과 한방신경정신과 한방안·이비인후·피부과 한방소아과 한방부인과 한방내과,WOMEN_HEALTH,"인천광역시 연수구 송도국제대로 261, 2층 (송도동, 송도 더샵 센트럴시티)",연수구,032-821-1175,37.37421077,126.6499855,인천광역시 연수구 송도국제대로 261,인천 연수구 송도국제대로 261
센트럴파크 한의원,한의원,한방내과 한방부인과 한방소아과 한방안·이비인후·피부과 한방신경정신과 한방재활의학과 사상체질과 침구과,WOMEN_HEALTH,"인천광역시 연수구 인천타워대로 257, 아트포레 415,416호 (송도동)",연수구,032-831-1075,37.39376181,126.6333083,인천광역시 연수구 인천타워대로 257,인천 연수구 인천타워대로 257
소통부부한의원,한의원,한방내과 한방부인과 한방소아과 한방안·이비인후·피부과 한방신경정신과 한방재활의학과 사상체질과 침구과,WOMEN_HEALTH,"인천광역시 연수구 신송로 164, 501호 (송도동)",연수구,032-858-3375,37.39820987,126.6488326,인천광역시 연수구 신송로 164,인천 연수구 신송로 164
솔이산부인과의원,의원,가정의학과 산부인과 소아청소년과 내과,WOMEN_HEALTH,"인천광역시 연수구 독배로 35 (옥련동,IF빌딩 4층)",연수구,032-834-1118,37.42390159,126.6444313,인천광역시 연수구 독배로 35,인천 연수구 독배로 35
송도경희탑한의원,한의원,한방내과 한방부인과 한방소아과 한방안·이비인후·피부과 한방신경정신과 한방재활의학과 사상체질과 침구과,WOMEN_HEALTH,"인천광역시 연수구 첨단대로 40, 에스파이브시티 4층 B407호 (송도동)",연수구,032-821-7775,37.37002608,126.6503552,인천광역시 연수구 첨단대로 40,인천 연수구 첨단대로 40
송도뇌편안한의원,한의원,한방내과 한방부인과 한방소아과 한방안·이비인후·피부과 한방신경정신과 한방재활의학과 사상체질과 침구과,WOMEN_HEALTH,"인천광역시 연수구 신송로 122, 송도프라자 3층 310호 (송도동)",연수구,032-724-9754,37.39581308,126.6524353,인천광역시 연수구 신송로 122,인천 연수구 신송로 122
송도다나한의원,한의원,한방내과 한방부인과 한방소아과 한방안·이비인후·피부과 한방신경정신과 한방재활의학과 사상체질과 침구과,WOMEN_HEALTH,"인천광역시 연수구 센트럴로 194, C-216,217호 (송도동, 더샵 센트럴파크2)",연수구,032-831-0194,37.39378627,126.6418742,인천광역시 연수구 센트럴로 194,인천 연수구 센트럴로 194
송도미소한의원,한의원,한방내과 한방부인과 한방소아과 한방안·이비인후·피부과 한방신경정신과 한방재활의학과 사상체질과 침구과,WOMEN_HEALTH,"인천광역시 연수구 컨벤시아대로 165, 포스코타워-송도 7층 일부호 (송도동)",연수구,032-831-2375,37.38914089,126.6444427,인천광역시 연수구 컨벤시아대로 165,인천 연수구 컨벤시아대로 165
송도본한의원,한의원,한방내과 한방부인과 한방소아과 한방안·이비인후·피부과 한방신경정신과 한방재활의학과 사상체질과 침구과,WOMEN_HEALTH,"인천광역시 연수구 해돋이로 165, 차오름 프라자 3층 303호 (송도동)",연수구,032-859-1919,37.39474148,126.6450882,인천광역시 연수구 해돋이로 165,인천 연수구 해돋이로 165
송도부부한의원,한의원,한방내과 한방부인과 한방소아과 한방안·이비인후·피부과 한방신경정신과 한방재활의학과 사상체질과 침구과,WOMEN_HEALTH,"인천광역시 연수구 랜드마크로 20, 판매시설동 205,206호 (송도동, 호반써밋 송도)",연수구,032-710-2375,37.41607524,126.6245367,인천광역시 연수구 랜드마크로 20,인천 연수구 랜드마크로 20
송도세명한의원,한의원,침구과 사상체질과 한방재활의학과 한방신경정신과 한방안·이비인후·피부과 한방소아과 한방부인과 한방내과,WOMEN_HEALTH,"인천광역시 연수구 인천타워대로54번길 15-5, 301호 (송도동, 송도북일프라자)",연수구,032-435-9700,37.37940128,126.6460203,인천광역시 연수구 인천타워대로54번길 15-5,인천 연수구 인천타워대로54번길 15-5
송도센트럴내과의원,의원,산부인과 내과,WOMEN_HEALTH,"인천광역시 연수구 컨벤시아대로 165, 포스코타워-송도 4층 일부호 (송도동)",연수구,032-832-0000,37.38914089,126.6444427,인천광역시 연수구 컨벤시아대로 165,인천 연수구 컨벤시아대로 165
송도에이스내과의원,의원,가정의학과 영상의학과 비뇨의학과 피부과 이비인후과 소아청소년과 산부인과 외과 정신건강의학과 신경과 내과,WOMEN_HEALTH,"인천광역시 연수구 센트럴로 415, 힐스테이트 송도 더테라스 판매시설동 106동 2층 204,207~211호 (송도동)",연수구,032-858- 5585,37.41087643,126.6269414,인천광역시 연수구 센트럴로 415,인천 연수구 센트럴로 415
송도여성의원,의원,산부인과 피부과 내과 소아청소년과,WOMEN_HEALTH,"인천광역시 연수구 신송로 122 (송도동,송도프라자 2층 201호)",연수구,032-859-0075,37.39581308,126.6524353,인천광역시 연수구 신송로 122,인천 연수구 신송로 122
송도한방병원,한방병원,침구과 사상체질과 한방재활의학과 한방신경정신과 한방안·이비인후·피부과 한방소아과 한방부인과 한방내과,WOMEN_HEALTH,인천광역시 연수구 하모니로 158 송도타임스페이스 6층(송도동),연수구,1661-4248,37.3832947,126.642256,인천광역시 연수구 하모니로 158 송도타임스페이스,인천 연수구 하모니로 158
송도함소아한의원,한의원,한방내과 한방부인과 한방소아과 한방안·이비인후·피부과 한방신경정신과 한방재활의학과 사상체질과 침구과,WOMEN_HEALTH,"인천광역시 연수구 해돋이로 107, H동 69,70호 (송도동, 더샵퍼스트월드상가)",연수구,032-835-7582,37.39253502,126.6479941,인천광역시 연수구 해돋이로 107,인천 연수구 해돋이로 107
숨쉬는한의원,한의원,한방내과 한방부인과 한방소아과 한방안·이비인후·피부과 한방신경정신과 한방재활의학과 사상체질과 침구과,WOMEN_HEALTH,"인천광역시 연수구 인천타워대로197번길 16, 리치센트럴 327,328,329호 (송도동)",연수구,032-724-8804,37.38900429,126.6353273,인천광역시 연수구 인천타워대로197번길 16,인천 연수구 인천타워대로197번길 16
스마일한의원,한의원,한방내과 한방부인과 한방소아과 한방안·이비인후·피부과 한방신경정신과 한방재활의학과 사상체질과 침구과 한방응급과,WOMEN_HEALTH,"인천광역시 연수구 앵고개로 260, 맘모스빌딩 304~313호 (동춘동)",연수구,032-822-7582,37.40766554,126.6722915,인천광역시 연수구 앵고개로 260,인천 연수구 앵고개로 260
스마트한의원,한의원,한방내과 한방부인과 한방소아과 한방안·이비인후·피부과 한방신경정신과 한방재활의학과 사상체질과 침구과,WOMEN_HEALTH,"인천광역시 연수구 송도미래로 30, 송도 BRC 스마트밸리 지식산업센터 F동 317호 (송도동)",연수구,070-4680-7060,37.36664055,126.6472802,인천광역시 연수구 송도미래로 30,인천 연수구 송도미래로 30
아레나한의원,한의원,침구과 사상체질과 한방재활의학과 한방신경정신과 한방안·이비인후·피부과 한방소아과 한방부인과 한방내과,WOMEN_HEALTH,"인천광역시 연수구 해돋이로151번길 4, 304호 (송도동)",연수구,032-721-7580,37.39401757,126.646007,인천광역시 연수구 해돋이로151번길 4,인천 연수구 해돋이로151번길 4
아이누리한의원,한의원,한방내과 한방부인과 한방소아과 한방안·이비인후·피부과 한방신경정신과 한방재활의학과 사상체질과 침구과,WOMEN_HEALTH,"인천광역시 연수구 송도국제대로 157, 오네스타 401호, 402호 (송도동)",연수구,032-464-8575,37.38094106,126.6566642,인천광역시 연수구 송도국제대로 157,인천 연수구 송도국제대로 157
약선당 부부한의원,한의원,한방내과 한방부인과 한방소아과 한방안·이비인후·피부과 한방신경정신과 한방재활의학과 사상체질과 침구과,WOMEN_HEALTH,"인천광역시 연수구 먼우금로 190, 연수프라자 203,207,208호 (연수동)",연수구,032-233-1075,37.41405348,126.6767147,인천광역시 연수구 먼우금로 190,인천 연수구 먼우금로 190
어울림한의원,한의원,한방내과 한방부인과 한방소아과 한방안·이비인후·피부과 한방신경정신과,WOMEN_HEALTH,"인천광역시 연수구 신송로125번길 7, 301-1호 (송도동, 이리옴프라자)",연수구,032-858-8275,37.39494769,126.6515584,인천광역시 연수구 신송로125번길 7,인천 연수구 신송로125번길 7
엠티필한의원,한의원,한방내과 한방부인과 한방소아과 한방안·이비인후·피부과 한방신경정신과 한방재활의학과 사상체질과 침구과,WOMEN_HEALTH,"인천광역시 연수구 센트럴로 263, 송도국제업무단지 C8-2블럭 업무복합시설 업무시설동 3층 4호 (송도동)",연수구,032-710-9052,37.39803857,126.6339426,인천광역시 연수구 센트럴로 263,인천 연수구 센트럴로 263
연수백세한의원,한의원,한방내과 한방부인과 한방소아과 한방안·이비인후·피부과 한방신경정신과 침구과,WOMEN_HEALTH,"인천광역시 연수구 원인재로 310, 경남아파트 상가 (연수동)",연수구,032-813-1275,37.42108148,126.693906,인천광역시 연수구 원인재로 310,인천 연수구 원인재로 310
올리브여성의원,의원,가정의학과 영상의학과 피부과 산부인과,WOMEN_HEALTH,"인천광역시 연수구 학나래로6번길 6, 서천빌딩 (선학동)",연수구,032-813-0075,37.42357131,126.6968285,인천광역시 연수구 학나래로6번길 6,인천 연수구 학나래로6번길 6
우리산부인과의원,의원,산부인과 마취통증의학과,WOMEN_HEALTH,인천광역시 연수구 앵고개로 254 (동춘동),연수구,032-818-5121,37.40801153,126.6717733,인천광역시 연수구 앵고개로 254,인천 연수구 앵고개로 254
우소세강한의원,한의원,침구과 사상체질과 한방재활의학과 한방신경정신과 한방안·이비인후·피부과 한방소아과 한방부인과 한방내과,WOMEN_HEALTH,"인천광역시 연수구 앵고개로 266, 한양2차아파트(롯데슈퍼) A동 2층 8호 (동춘동)",연수구,032-822-5757,37.40697214,126.6728196,인천광역시 연수구 앵고개로 266,인천 연수구 앵고개로 266
울림한의원,한의원,한방내과 한방부인과 한방소아과 한방안·이비인후·피부과 한방신경정신과 한방재활의학과 사상체질과 침구과,WOMEN_HEALTH,"인천광역시 연수구 해돋이로 168-2, 307호 (송도동)",연수구,032-831-3652,37.39501293,126.6456792,인천광역시 연수구 해돋이로 168-2,인천 연수구 해돋이로 168-2
원당한의원,한의원,한방내과 한방부인과 한방소아과 한방안·이비인후·피부과 한방신경정신과 한방재활의학과 사상체질과 침구과,WOMEN_HEALTH,"인천광역시 연수구 해돋이로 161, 204호 (송도동, 세종프라자)",연수구,032-832-1075,37.39450699,126.6453719,인천광역시 연수구 해돋이로 161,인천 연수구 해돋이로 161
유승엽한의원,한의원,한방내과 한방부인과 한방소아과 한방안·이비인후·피부과,WOMEN_HEALTH,"인천광역시 연수구 앵고개로264번길 18 (동춘동, 정방빌딩)",연수구,032-819-9996,37.40708635,126.6721554,인천광역시 연수구 앵고개로264번길 18,인천 연수구 앵고개로264번길 18
윰산부인과의원,의원,산부인과,WOMEN_HEALTH,"인천광역시 연수구 인천타워대로132번길 34, 라이크홈메디컬센터 1동 2,5층 204,503호 (송도동)",연수구,032-858-3773,37.38636398,126.6439449,인천광역시 연수구 인천타워대로132번길 34,인천 연수구 인천타워대로132번길 34
의료법인 나사렛의료재단 나사렛국제병원,종합병원,구강악안면외과 한방재활의학과 한방내과 예방의학과 응급의학과 직업환경의학과 가정의학과 재활의학과 진단검사의학과 영상의학과 비뇨의학과 이비인후과 소아청소년과 산부인과 마취통증의학과 신경외과 정형외과 외과 신경과 내과,WOMEN_HEALTH,"인천광역시 연수구 먼우금로 98 (동춘동, 나사렛국제병원)",연수구,032-899-9999,37.40794902,126.6704838,인천광역시 연수구 먼우금로 98,인천 연수구 먼우금로 98
의료법인 루가의료재단 지안의원,의원,직업환경의학과 가정의학과 영상의학과 산부인과 외과 내과,WOMEN_HEALTH,"인천광역시 연수구 센트럴로 263, 송도국제업무단지 C8-2블럭 업무복합시설 6,7층 (송도동)",연수구,032-830-2700,37.39803857,126.6339426,인천광역시 연수구 센트럴로 263,인천 연수구 센트럴로 263
의료법인 마크로젠의료재단 진헬스의원,의원,내과 산부인과 영상의학과 병리과 진단검사의학과 가정의학과 직업환경의학과,WOMEN_HEALTH,"인천광역시 연수구 인천타워대로132번길 34, 6,7,8층 (송도동)",연수구,032-831-3200,37.38636398,126.6439449,인천광역시 연수구 인천타워대로132번길 34,인천 연수구 인천타워대로132번길 34
이레한의원,한의원,한방내과 한방부인과 한방소아과 한방안·이비인후·피부과 한방신경정신과 한방재활의학과 사상체질과 침구과,WOMEN_HEALTH,"인천광역시 연수구 신송로 161, 송도 하이츠 301,302호 (송도동)",연수구,032-258-1075,37.39759474,126.6484388,인천광역시 연수구 신송로 161,인천 연수구 신송로 161
이솜한의원,한의원,한방내과 한방부인과 한방소아과 한방안·이비인후·피부과 한방신경정신과 한방재활의학과 사상체질과 침구과,WOMEN_HEALTH,"인천광역시 연수구 컨벤시아대로230번길 42, 송도아라플라자 2층 207호 (송도동)",연수구,032-858-7575,37.3880856,126.6349147,인천광역시 연수구 컨벤시아대로230번길 42,인천 연수구 컨벤시아대로230번길 42
이화웰봄소아청소년과의원,의원,피부과 이비인후과 안과 소아청소년과 산부인과 정신건강의학과 내과,WOMEN_HEALTH,"인천광역시 연수구 인천타워대로54번길 13, 해승메디피아 2층 (송도동)",연수구,032-833-7119,37.3791728,126.6463595,인천광역시 연수구 인천타워대로54번길 13,인천 연수구 인천타워대로54번길 13
인아당한의원,한의원,침구과 사상체질과 한방재활의학과 한방신경정신과 한방안·이비인후·피부과 한방소아과 한방부인과 한방내과,WOMEN_HEALTH,"인천광역시 연수구 신송로125번길 13, 아크리아 409호 (송도동)",연수구,032-832-4811,37.39456482,126.651182,인천광역시 연수구 신송로125번길 13,인천 연수구 신송로125번길 13
인천송도 더율한의원,한의원,한방내과 한방부인과 한방소아과 한방안·이비인후·피부과 한방신경정신과 한방재활의학과 사상체질과 침구과 한방응급과,WOMEN_HEALTH,"인천광역시 연수구 컨벤시아대로 81, 드림시티 4층 403호 (송도동)",연수구,032-215-1075,37.39494231,126.650165,인천광역시 연수구 컨벤시아대로 81,인천 연수구 컨벤시아대로 81
인천송도리아한의원,한의원,한방내과 한방부인과 한방소아과 한방안·이비인후·피부과 한방신경정신과 한방재활의학과 사상체질과 침구과 한방응급과,WOMEN_HEALTH,"인천광역시 연수구 해돋이로 107, 58~60호 (송도동, 더샵퍼스트월드h동)",연수구,032-831-4975,37.39253502,126.6479941,인천광역시 연수구 해돋이로 107,인천 연수구 해돋이로 107
인천적십자병원,종합병원,치주과 응급의학과 가정의학과 진단검사의학과 영상의학과 산부인과 마취통증의학과 신경외과 정형외과 외과 신경과 내과,WOMEN_HEALTH,"인천광역시 연수구 원인재로 263 (연수동, 인천적십자병원)",연수구,032-899-4000,37.41842755,126.6899325,인천광역시 연수구 원인재로 263,인천 연수구 원인재로 263
자양한방병원,한방병원,"가정의학과, 한방내과, 한방부인과, 한방소아과, 한방안· 이비인후·피부과, 침구과, 한방재활의학과, 사상체질과",WOMEN_HEALTH,"인천광역시 연수구 신송로 154, 4층(송도동)",연수구,032-255-1000,37.39777816,126.6497659,인천광역시 연수구 신송로 154,인천 연수구 신송로 154
자연한의원,한의원,한방내과 한방부인과 한방소아과 한방안·이비인후·피부과 한방신경정신과 한방재활의학과 사상체질과 침구과,WOMEN_HEALTH,"인천광역시 연수구 송도문화로28번길 28, 203동 215호 (송도동, 송도글로벌캠퍼스푸르지오)",연수구,032-719-7582,37.37807821,126.654642,인천광역시 연수구 송도문화로28번길 28,인천 연수구 송도문화로28번길 28
자윤한의원,한의원,한방내과 한방부인과 한방소아과 한방안·이비인후·피부과 한방신경정신과 한방재활의학과 사상체질과 침구과,WOMEN_HEALTH,"인천광역시 연수구 신송로 153, 더 마란츠타워 607호 (송도동)",연수구,032-721-8200,37.39717004,126.6491501,인천광역시 연수구 신송로 153,인천 연수구 신송로 153
정기용한의원,한의원,한방내과 한방부인과 한방소아과 한방안·이비인후·피부과 한방신경정신과 한방재활의학과 사상체질과 침구과,WOMEN_HEALTH,"인천광역시 연수구 앵고개로246번길 10, 303호 (동춘동, 대산프라자)",연수구,032-812-5252,37.40841671,126.6706044,인천광역시 연수구 앵고개로246번길 10,인천 연수구 앵고개로246번길 10
제일한의원,한의원,한방내과 한방부인과 한방소아과 한방안·이비인후·피부과 한방재활의학과 사상체질과 침구과,WOMEN_HEALTH,"인천광역시 연수구 한진로 23, 2층 (옥련동, 로얄프라자)",연수구,032-833-8875,37.42466676,126.6478406,인천광역시 연수구 한진로 23,인천 연수구 한진로 23
제중한의원,한의원,한방내과 한방부인과 한방소아과 한방안·이비인후·피부과 한방신경정신과 한방재활의학과 사상체질과 침구과,WOMEN_HEALTH,"인천광역시 연수구 원인재로 180, 307호 (연수동, 우성상가)",연수구,032-819-8889,37.41227928,126.6839421,인천광역시 연수구 원인재로 180,인천 연수구 원인재로 180
주행경희한의원,한의원,한방내과 한방부인과 한방소아과 한방안·이비인후·피부과 한방신경정신과,WOMEN_HEALTH,인천광역시 연수구 청량로 188 (옥련동),연수구,032-834-0675,37.4235535,126.6530007,인천광역시 연수구 청량로 188,인천 연수구 청량로 188
지인한의원,한의원,한방내과 한방안·이비인후·피부과 사상체질과 침구과 한방신경정신과 한방부인과 한방소아과 한방재활의학과,WOMEN_HEALTH,"인천광역시 연수구 컨벤시아대로 69, 307호 (송도동, 밀레니엄프라자)",연수구,032-834-1075,37.39571538,126.6509559,인천광역시 연수구 컨벤시아대로 69,인천 연수구 컨벤시아대로 69
청송한의원,한의원,한방내과 한방부인과 한방소아과 한방안·이비인후·피부과 한방신경정신과 침구과,WOMEN_HEALTH,"인천광역시 연수구 독배로 55, 3층 (옥련동)",연수구,032-833-7581,37.42567103,126.6443494,인천광역시 연수구 독배로 55,인천 연수구 독배로 55
최대경여성의원,의원,성형외과 산부인과 피부과,WOMEN_HEALTH,인천광역시 연수구 앵고개로 250 (동춘동),연수구,032-813-1616,37.4081836,126.6715052,인천광역시 연수구 앵고개로 250,인천 연수구 앵고개로 250
캠퍼스타운한의원,한의원,한방내과 한방부인과 한방소아과 한방안·이비인후·피부과 한방신경정신과 한방재활의학과 사상체질과 침구과,WOMEN_HEALTH,"인천광역시 연수구 송도과학로27번길 55, A동 301, 302호 (송도동, 캠퍼스타운애비뉴상가)",연수구,032-822-1075,37.38923632,126.6651276,인천광역시 연수구 송도과학로27번길 55,인천 연수구 송도과학로27번길 55
코스비한의원,한의원,한방내과 한방안·이비인후·피부과 사상체질과 한방부인과 한방신경정신과 침구과 한방소아과 한방재활의학과,WOMEN_HEALTH,"인천광역시 연수구 해돋이로 116, 3층 (송도동, 센트럴프라자)",연수구,032-851-7582,37.39221528,126.6497645,인천광역시 연수구 해돋이로 116,인천 연수구 해돋이로 116
태극한의원,한의원,한방내과 한방부인과 한방소아과 한방안·이비인후·피부과 한방신경정신과 한방재활의학과 사상체질과 침구과,WOMEN_HEALTH,"인천광역시 연수구 신송로 121, 401호 (송도동, 센타프라자)",연수구,032-851-7527,37.39539213,126.6518858,인천광역시 연수구 신송로 121,인천 연수구 신송로 121
플러스경희한의원,한의원,한방내과 한방부인과 한방소아과 한방안·이비인후·피부과 한방신경정신과 한방재활의학과 사상체질과 침구과,WOMEN_HEALTH,"인천광역시 연수구 컨벤시아대로230번길 54, 닥터플러스몰 A223호 (송도동)",연수구,032-719-7520,37.38901119,126.6340328,인천광역시 연수구 컨벤시아대로230번길 54,인천 연수구 컨벤시아대로230번길 54
하나한의원,한의원,한방내과 한방부인과 한방소아과 한방안·이비인후·피부과 한방신경정신과 침구과,WOMEN_HEALTH,인천광역시 연수구 앵고개로264번길 30-4 (동춘동),연수구,032-814-6656,37.40681935,126.6718231,인천광역시 연수구 앵고개로264번길 30-4,인천 연수구 앵고개로264번길 30-4
하얀마음한의원,한의원,한방내과 한방부인과 한방소아과 한방안·이비인후·피부과 한방신경정신과 사상체질과 침구과,WOMEN_HEALTH,"인천광역시 연수구 먼우금로 194, 2층 (연수동)",연수구,032-822-7003,37.41433028,126.6770116,인천광역시 연수구 먼우금로 194,인천 연수구 먼우금로 194
한미의원,의원,병리과 진단검사의학과 내과 외과 정형외과 소아청소년과 피부과 산부인과,WOMEN_HEALTH,"인천광역시 연수구 벚꽃로 114, 2층 250-1호 (연수동, 연수브랫슬)",연수구,032-812-3223,37.41704715,126.6781185,인천광역시 연수구 벚꽃로 114,인천 연수구 벚꽃로 114
해아림한의원,한의원,침구과 사상체질과 한방재활의학과 한방신경정신과 한방안·이비인후·피부과 한방소아과 한방부인과 한방내과,WOMEN_HEALTH,"인천광역시 연수구 신송로 153, 더 마란츠타워 507호 (송도동)",연수구,032-832-7510,37.39717004,126.6491501,인천광역시 연수구 신송로 153,인천 연수구 신송로 153
해인당한의원,한의원,한방안·이비인후·피부과 사상체질과 한방부인과 한방신경정신과 침구과 한방내과 한방소아과 한방재활의학과 한방응급과,WOMEN_HEALTH,인천광역시 연수구 함박뫼로 68 (연수동),연수구,032-817-3111,37.42253255,126.6751303,인천광역시 연수구 함박뫼로 68,인천 연수구 함박뫼로 68
행복한방병원,한방병원,피부과 재활의학과 한방내과 한방부인과 사상체질과,WOMEN_HEALTH,"인천광역시 연수구 독배로 49, 3,4층 (옥련동, 럭키빌딩)",연수구,032-833-0040,37.42508572,126.6443172,인천광역시 연수구 독배로 49,인천 연수구 독배로 49
화평한의원,한의원,침구과 사상체질과 한방재활의학과 한방신경정신과 한방안·이비인후·피부과 한방소아과 한방부인과 한방내과,WOMEN_HEALTH,"인천광역시 연수구 독배로40번길 11, 효명프라자 601호 (옥련동)",연수구,032-851-8300,37.42452673,126.6456361,인천광역시 연수구 독배로40번길 11,인천 연수구 독배로40번길 11
연한의원,한의원,"한방내과, 한방부인과, 한방소아과, 한방안·이비인후·피부과, 한방신경정신과, 한방재활의학과, 사상체질과, 침구과,",WOMEN_HEALTH,인천광역시 옹진군 백령면 백령로280번길 4-1,옹진군,032-836-7582,37.97163814,124.7176622,인천광역시 옹진군 백령면 백령로280번길 4-1,인천 옹진군 백령면 백령로280번길 4-1
인천광역시의료원백령병원,병원,"치과, 보철과, 소아청소년과, 산부인과, 마취통증의학과, 정형외과, 내과",WOMEN_HEALTH,"인천광역시 옹진군 백령면 백령로 233, 인천광역시의료원 백령병원",옹진군,032-836-1731,37.96795035,124.7210896,인천광역시 옹진군 백령면 백령로 233,인천 옹진군 백령면 백령로 233
가천대학교부속 길한방병원,한방병원,한방내과 한방부인과 한방소아과 한방안·이비인후·피부과 한방신경정신과 한방재활의학과 사상체질과 침구과,WOMEN_HEALTH,"인천광역시 중구 큰우물로 21 (용동, 가천대학교부속 길한방병원 본관 2층, 6층,7층, 9층,10층 )",중구,032-770-1300,37.47369671,126.6313258,인천광역시 중구 큰우물로 21,인천 중구 큰우물로 21
경성한의원,한의원,한방내과 한방부인과 한방소아과 한방안·이비인후·피부과 한방신경정신과 침구과,WOMEN_HEALTH,"인천광역시 중구 제물량로 65, 2층 (신흥동3가)",중구,032-882-5353,37.4659632,126.6349267,인천광역시 중구 제물량로 65,인천 중구 제물량로 65
국순당한의원,한의원,한방내과 한방부인과 한방소아과 한방신경정신과 한방재활의학과 침구과 한방안·이비인후·피부과 사상체질과,WOMEN_HEALTH,인천광역시 중구 참외전로37번길 1 (송월동1가),중구,032-777-7658,37.47983948,126.6242023,인천광역시 중구 참외전로37번길 1,인천 중구 참외전로37번길 1
도앤다한의원 하늘도시점,한의원,한방내과 한방부인과 한방소아과 한방안·이비인후·피부과 한방신경정신과 한방재활의학과 사상체질과 침구과,WOMEN_HEALTH,"인천광역시 중구 하늘별빛로65번길 8-13, 1층, 3층 (중산동)",중구,032-719-8365,37.48963335,126.5621781,인천광역시 중구 하늘별빛로65번길 8-13,인천 중구 하늘별빛로65번길 8-13
동의보감한의원,한의원,한방내과 한방부인과 한방소아과 한방안·이비인후·피부과 한방신경정신과 한방재활의학과 사상체질과 침구과 한방응급과,WOMEN_HEALTH,"인천광역시 중구 우현로39번길 4-1, 1층 (신포동)",중구,032-766-5169,37.47100168,126.6274668,인천광역시 중구 우현로39번길 4-1,인천 중구 우현로39번길 4-1
미소한의원,한의원,한방내과 한방부인과 한방소아과 한방안·이비인후·피부과 침구과,WOMEN_HEALTH,"인천광역시 중구 신도시남로 137, 3층 (운서동)",중구,032-752-2008,37.49367478,126.4900719,인천광역시 중구 신도시남로 137,인천 중구 신도시남로 137
송재현가정의원,의원,내과 신경과 외과 정형외과 산부인과 소아청소년과 이비인후과 피부과 비뇨의학과 가정의학과,WOMEN_HEALTH,인천광역시 중구 연안부두로33번길 36 (항동7가),중구,032-887-5775,37.45357058,126.6057624,인천광역시 중구 연안부두로33번길 36,인천 중구 연안부두로33번길 36
스카이한방병원,한방병원,"내과, 한방내과, 한방부인과, 한방소아과, 한방안·이비인후·피부과, 한방신경정신과, 침구과, 한방재활의학과, 사상체질과",WOMEN_HEALTH,"인천광역시 중구 자연대로 47, 4층, 5층(중산동)",중구,032-752-1079,37.48873413,126.5589981,인천광역시 중구 자연대로 47,인천 중구 자연대로 47
신세계한방병원,한방병원,침구과 사상체질과 한방재활의학과 한방안·이비인후·피부과 한방소아과 한방부인과 한방내과 내과,WOMEN_HEALTH,"인천광역시 중구 서해대로 463, 1-4층 (신흥동2가)",중구,032-766-3737,37.46754106,126.634785,인천광역시 중구 서해대로 463,인천 중구 서해대로 463
신제일산부인과의원,의원,내과 외과 정형외과 산부인과 소아청소년과 안과 피부과,WOMEN_HEALTH,"인천광역시 중구 신도시남로 137, 화평빌딩 4층 401,402호 (운서동)",중구,032-751-1119,37.49367478,126.4900719,인천광역시 중구 신도시남로 137,인천 중구 신도시남로 137
아이본산부인과의원,의원,산부인과 소아청소년과 가정의학과,WOMEN_HEALTH,인천광역시 중구 참외전로 160-1 (경동),중구,032-772-7474,37.47296643,126.6342196,인천광역시 중구 참외전로 160-1,인천 중구 참외전로 160-1
압구정미한의원,한의원,한방내과 한방부인과 한방소아과 한방안·이비인후·피부과 한방신경정신과 한방재활의학과 사상체질과 침구과,WOMEN_HEALTH,"인천광역시 중구 하늘달빛로 94, 304호 (중산동)",중구,032-747-0112,37.48729929,126.55748,인천광역시 중구 하늘달빛로 94,인천 중구 하늘달빛로 94
연세공항의원,의원,내과 신경과 정신건강의학과 외과 정형외과 신경외과 성형외과 산부인과 소아청소년과 안과 이비인후과 피부과 비뇨의학과 영상의학과 병리과 진단검사의학과 재활의학과 가정의학과 응급의학과 예방의학과,WOMEN_HEALTH,"인천광역시 중구 공항로424번길 66 (운서동, 엘지인천공항에클라트 비111호, 비112호 )",중구,032-751-6119,37.43879699,126.4621189,인천광역시 중구 공항로424번길 66,인천 중구 공항로424번길 66
영종모래내한의원,한의원,한방내과 한방부인과 한방소아과 한방안·이비인후·피부과 한방신경정신과 한방재활의학과 사상체질과 침구과,WOMEN_HEALTH,"인천광역시 중구 흰바위로 51, 롯데마트 3층 309,910호 (운서동)",중구,032-724-9947,37.49267419,126.4912141,인천광역시 중구 흰바위로 51,인천 중구 흰바위로 51
영종바른한의원,한의원,한방내과 한방부인과 한방소아과 한방안·이비인후·피부과 한방신경정신과 한방재활의학과 사상체질과 침구과 한방응급과,WOMEN_HEALTH,"인천광역시 중구 하늘별빛로 71, 3층 (중산동)",중구,032-752-7557,37.48954109,126.5632011,인천광역시 중구 하늘별빛로 71,인천 중구 하늘별빛로 71
영종삼성의원,의원,내과 정신건강의학과 외과 정형외과 신경외과 마취통증의학과 산부인과 소아청소년과 안과 이비인후과 피부과 비뇨의학과 재활의학과 가정의학과,WOMEN_HEALTH,"인천광역시 중구 영종대로 100 (운서동, 신성하우스빌 5층)",중구,032-752-8275,37.49489313,126.4900566,인천광역시 중구 영종대로 100,인천 중구 영종대로 100
영종한의원,한의원,한방내과 한방부인과 한방소아과 한방안·이비인후·피부과 한방신경정신과 한방재활의학과 사상체질과 침구과,WOMEN_HEALTH,"인천광역시 중구 하늘달빛로 94, 스타타워 4층 403호 (중산동)",중구,032-751-1275,37.48729929,126.55748,인천광역시 중구 하늘달빛로 94,인천 중구 하늘달빛로 94
예스율산부인과의원,의원,산부인과,WOMEN_HEALTH,"인천광역시 중구 영종대로 184, 3층 301호 (운서동)",중구,032-218-1007,37.4922653,126.4987785,인천광역시 중구 영종대로 184,인천 중구 영종대로 184
운서한의원,한의원,한방내과 한방부인과 한방소아과 한방안·이비인후·피부과 한방신경정신과 한방재활의학과 침구과,WOMEN_HEALTH,"인천광역시 중구 흰바위로 236, 307호 (운남동)",중구,010-4836-1075,37.4797416,126.5021462,인천광역시 중구 흰바위로 236,인천 중구 흰바위로 236
인천기독병원,종합병원,치과보철과 응급의학과 가정의학과 진단검사의학과 영상의학과 비뇨의학과 이비인후과 소아청소년과 산부인과 마취통증의학과 심장혈관흉부외과 신경외과 정형외과 외과 정신건강의학과 내과,WOMEN_HEALTH,인천광역시 중구 답동로30번길 10 (율목동),중구,032-270-8000,37.47117756,126.6320698,인천광역시 중구 답동로30번길 10,인천 중구 답동로30번길 10
인하대학교의과대학부속병원,종합병원,치과보존과 치과교정과 치과보철과 구강악안면외과 응급의학과 직업환경의학과 핵의학과 가정의학과 재활의학과 진단검사의학과 병리과 방사선종양학과 영상의학과 비뇨의학과 피부과 이비인후과 안과 소아청소년과 산부인과 마취통증의학과 성형외과 심장혈관흉부외과 신경외과 정형외과 외과 정신건강의학과 신경과 내과,WOMEN_HEALTH,"인천광역시 중구 인항로 27-0 (신흥동3가,인하대학병원)",중구,032-890-2114,37.45885397,126.6341642,인천광역시 중구 인항로 27-0,인천 중구 인항로 27
중국한의원,한의원,한방내과 한방부인과 한방소아과 한방안·이비인후·피부과 한방신경정신과 침구과,WOMEN_HEALTH,"인천광역시 중구 제물량로 139, 1동 1층 101호 (답동)",중구,032-831-9917,37.46956854,126.6282386,인천광역시 중구 제물량로 139,인천 중구 제물량로 139
청송한의원,한의원,한방내과 한방부인과 한방소아과 한방안·이비인후·피부과 한방신경정신과 한방재활의학과 사상체질과 침구과 한방응급과,WOMEN_HEALTH,"인천광역시 중구 운중로 22, 2층 (운남동)",중구,032-752-2228,37.49332092,126.5355062,인천광역시 중구 운중로 22,인천 중구 운중로 22
퍼스트병원,병원,내과 재활의학과 한방내과 한방부인과 한방소아과 한방안·이비인후·피부과 한방신경정신과 한방재활의학과 사상체질과 침구과,WOMEN_HEALTH,"인천광역시 중구 서해대로 492, 퍼스트병원 (유동)",중구,032-888-9800,37.4693929,126.6370673,인천광역시 중구 서해대로 492,인천 중구 서해대로 492
하늘경희한의원,한의원,한방내과 한방부인과 한방소아과 한방안·이비인후·피부과 한방신경정신과 한방재활의학과 사상체질과 침구과,WOMEN_HEALTH,"인천광역시 중구 하늘별빛로 75, 4층 402,403호 (중산동)",중구,032-752-1090,37.4897876,126.5628103,인천광역시 중구 하늘별빛로 75,인천 중구 하늘별빛로 75
하늘도시산부인과의원,의원,산부인과,WOMEN_HEALTH,"인천광역시 중구 하늘달빛로 94, 스타타워 5층 509,510,511호 (중산동)",중구,032-746-1236,37.48729929,126.55748,인천광역시 중구 하늘달빛로 94,인천 중구 하늘달빛로 94
하늘부부한의원,한의원,한방내과 한방부인과 한방소아과 한방안·이비인후·피부과 한방신경정신과 한방재활의학과 사상체질과 침구과,WOMEN_HEALTH,"인천광역시 중구 하늘중앙로 193, 조양타워 307~8호 (중산동)",중구,032-713-8675,37.49040678,126.5605046,인천광역시 중구 하늘중앙로 193,인천 중구 하늘중앙로 193
하늘비뇨의학과의원,의원,피부과 비뇨의학과 산부인과,WOMEN_HEALTH,"인천광역시 중구 하늘중앙로 193, 5층 501~503호 (중산동)",중구,032-710-3111,37.49040678,126.5605046,인천광역시 중구 하늘중앙로 193,인천 중구 하늘중앙로 193
하늘튼튼한의원,한의원,침구과 사상체질과 한방재활의학과 한방신경정신과 한방안·이비인후·피부과 한방소아과 한방부인과 한방내과,WOMEN_HEALTH,"인천광역시 중구 자연대로 47, 스타타워 2 504,505호 (중산동)",중구,032-751-8875,37.48873413,126.5589981,인천광역시 중구 자연대로 47,인천 중구 자연대로 47
한국한의원,한의원,한방내과 한방부인과 한방소아과 한방안·이비인후·피부과 한방신경정신과 한방재활의학과 사상체질과 침구과 한방응급과,WOMEN_HEALTH,"인천광역시 중구 축항대로86번길 38, 1동 2층 (항동7가, 라이프상가)",중구,032-888-4118,37.45355619,126.6046377,인천광역시 중구 축항대로86번길 38,인천 중구 축항대로86번길 38
행림한의원,한의원,한방내과 한방부인과 한방소아과 한방안·이비인후·피부과 한방신경정신과 한방재활의학과 사상체질과 침구과 한방응급과,WOMEN_HEALTH,"인천광역시 중구 흰바위로 31, 3층 (운서동)",중구,032-747-1075,37.49276708,126.4884608,인천광역시 중구 흰바위로 31,인천 중구 흰바위로 31
형제한의원,한의원,한방부인과 한방소아과 한방안·이비인후·피부과 한방신경정신과 침구과,WOMEN_HEALTH,인천광역시 중구 서해대로 474 (신흥동2가),중구,032-886-8500,37.46797612,126.6359414,인천광역시 중구 서해대로 474,인천 중구 서해대로 474
혜화당한의원,한의원,한방내과 한방부인과 한방소아과 한방안·이비인후·피부과 한방신경정신과 한방재활의학과 사상체질과 침구과 한방응급과,WOMEN_HEALTH,인천광역시 중구 연안부두로33번길 36 (항동7가),중구,032-889-1275,37.45357058,126.6057624,인천광역시 중구 연안부두로33번길 36,인천 중구 연안부두로33번길 36
